duration_s,tolerance_pct,native_min_rate_sps,native_first_pointwise_pass_sps,native_highest_failing_rate_sps,native_eligible_rate_count,via_1M_min_rate_sps,via_1M_first_pointwise_pass_sps,via_1M_highest_failing_rate_sps,via_1M_eligible_rate_count,original_min_rate_sps,original_first_pointwise_pass_sps,original_highest_failing_rate_sps,original_eligible_rate_count,native_vs_via_persistent_change,via_vs_original_persistent_change
0.02,0.5,,,160000.0,17,,,160000.0,17,,,160000.0,16,False,False
0.02,1.0,160000.0,160000.0,125000.0,17,100000.0,100000.0,80000.0,17,160000.0,160000.0,125000.0,16,True,True
0.02,2.0,80000.0,80000.0,45000.0,17,80000.0,80000.0,45000.0,17,45000.0,45000.0,25000.0,16,False,True
0.02,5.0,9400.0,9400.0,5500.0,17,5500.0,5500.0,3300.0,17,5500.0,5500.0,3300.0,16,True,False
0.05,0.5,,,160000.0,18,160000.0,160000.0,125000.0,18,160000.0,160000.0,125000.0,18,True,False
0.05,1.0,80000.0,80000.0,45000.0,18,80000.0,80000.0,45000.0,18,80000.0,80000.0,45000.0,18,False,False
0.05,2.0,80000.0,25000.0,45000.0,18,80000.0,16000.0,45000.0,18,25000.0,25000.0,16000.0,18,False,True
0.05,5.0,2500.0,2500.0,2000.0,18,2500.0,2500.0,2000.0,18,2500.0,2500.0,2000.0,18,False,False
0.1,0.5,160000.0,100000.0,125000.0,19,80000.0,80000.0,45000.0,19,160000.0,100000.0,125000.0,19,True,True
0.1,1.0,80000.0,80000.0,45000.0,19,80000.0,25000.0,45000.0,19,80000.0,80000.0,45000.0,19,False,False
0.1,2.0,16000.0,16000.0,9400.0,19,16000.0,16000.0,9400.0,19,16000.0,5500.0,9400.0,19,False,False
0.1,5.0,2000.0,2000.0,1200.0,19,2000.0,2000.0,1200.0,19,2000.0,2000.0,1200.0,19,False,False
0.2,0.5,80000.0,80000.0,45000.0,19,80000.0,80000.0,45000.0,19,80000.0,80000.0,45000.0,19,False,False
0.2,1.0,80000.0,16000.0,45000.0,19,80000.0,16000.0,45000.0,19,80000.0,25000.0,45000.0,19,False,False
0.2,2.0,16000.0,5500.0,9400.0,19,16000.0,5500.0,9400.0,19,16000.0,5500.0,9400.0,19,False,False
0.2,5.0,1200.0,1200.0,680.0,19,680.0,680.0,400.0,19,680.0,680.0,400.0,19,True,False
0.5,0.5,80000.0,25000.0,45000.0,19,80000.0,25000.0,45000.0,19,80000.0,80000.0,45000.0,19,False,False
0.5,1.0,16000.0,5500.0,9400.0,19,16000.0,5500.0,9400.0,19,16000.0,5500.0,9400.0,19,False,False
0.5,2.0,2000.0,2000.0,1200.0,19,2000.0,2000.0,1200.0,19,2000.0,2000.0,1200.0,19,False,False
0.5,5.0,680.0,680.0,400.0,19,680.0,680.0,400.0,19,680.0,680.0,400.0,19,False,False
1.0,0.5,80000.0,16000.0,45000.0,19,80000.0,16000.0,45000.0,19,80000.0,16000.0,45000.0,19,False,False
1.0,1.0,16000.0,3300.0,9400.0,19,16000.0,3300.0,9400.0,19,16000.0,3300.0,9400.0,19,False,False
1.0,2.0,1200.0,1200.0,680.0,19,1200.0,1200.0,680.0,19,1200.0,1200.0,680.0,19,False,False
1.0,5.0,240.0,240.0,150.0,19,240.0,240.0,150.0,19,240.0,240.0,150.0,19,False,False
2.0,0.5,16000.0,16000.0,9400.0,19,16000.0,5500.0,9400.0,19,16000.0,5500.0,9400.0,19,False,False
2.0,1.0,16000.0,2000.0,9400.0,19,16000.0,2000.0,9400.0,19,2000.0,2000.0,1200.0,19,False,True
2.0,2.0,680.0,680.0,400.0,19,680.0,680.0,400.0,19,680.0,680.0,400.0,19,False,False
2.0,5.0,150.0,150.0,85.0,19,150.0,150.0,85.0,19,150.0,150.0,85.0,19,False,False
5.0,0.5,16000.0,3300.0,9400.0,19,16000.0,3300.0,9400.0,19,16000.0,3300.0,9400.0,19,False,False
5.0,1.0,1200.0,1200.0,680.0,19,680.0,680.0,400.0,19,680.0,680.0,400.0,19,True,False
5.0,2.0,240.0,240.0,150.0,19,240.0,240.0,150.0,19,240.0,240.0,150.0,19,False,False
5.0,5.0,50.0,50.0,,19,50.0,50.0,,19,50.0,50.0,,19,False,False
10.0,0.5,16000.0,2000.0,9400.0,19,16000.0,2000.0,9400.0,19,16000.0,2000.0,9400.0,19,False,False
10.0,1.0,680.0,680.0,400.0,19,680.0,680.0,400.0,19,680.0,680.0,400.0,19,False,False
10.0,2.0,150.0,150.0,85.0,19,150.0,150.0,85.0,19,150.0,150.0,85.0,19,False,False
10.0,5.0,50.0,50.0,,19,50.0,50.0,,19,50.0,50.0,,19,False,False
