workload_id,workload_label,source,signal,band,band_low_hz,band_high_hz,active_integral,idle_integral,idle_overlap_integral,load_additional_integral,active_to_idle_ratio_db,idle_overlap_of_active_percent,load_additional_of_active_percent,active_share_of_total_percent,idle_share_of_total_percent
gemmint8,GEMM-INT8,tek,current,0–100 Hz,0.0,100.0,0.006785423433994152,3.6549342157810936e-06,3.6549342157810936e-06,0.00678176849977837,32.68697389715988,0.05386449720249314,99.94613550279749,11.29726510540725,0.017275339129997697
gemmint8,GEMM-INT8,tek,current,100 Hz–1 kHz,100.0,1000.0,0.0008915176421901776,8.949790137536093e-06,8.949790137536093e-06,0.0008825678520526415,19.98317090103829,1.0038825609271491,98.99611743907283,1.4843157907452,0.042301899470768727
gemmint8,GEMM-INT8,tek,current,1–10 kHz,1000.0,10000.0,0.0003613971540749677,9.97262929621107e-06,9.97262929621107e-06,0.0003514245247787565,15.591750525695023,2.7594653648385847,97.2405346351614,0.6017014999344459,0.047136430627378205
gemmint8,GEMM-INT8,tek,current,10–77 kHz,10000.0,77000.0,0.023248690993309104,4.6108520740262644e-05,1.538684816830609e-05,0.0232333041451408,27.026173158171538,0.06618371835530171,99.9338162816447,38.7074775892804,0.2179356140341206
gemmint8,GEMM-INT8,tek,current,77–500 kHz,77000.0,500000.0,0.0267045886759288,0.020728893901907654,0.0014411461852675254,0.025263442490661273,1.100097643596698,5.396623789103921,94.60337621089607,44.46131044547633,97.9767762711064
gemmint8,GEMM-INT8,tek,current,500 kHz–2.5 MHz,500000.0,2500000.0,0.002041086803060789,0.00035917634156047034,0.00018236618284639929,0.0018587206202143884,7.5455375215346345,8.93475880461944,91.06524119538051,3.3982696793548053,1.6976757286459032
gemmint8,GEMM-INT8,tek,power,0–100 Hz,0.0,100.0,2.3958817519542874,0.0013187706959760888,0.0013187706959760888,2.394562981258311,32.59296091522901,0.05504322969613946,99.94495677030386,11.29110381548844,0.01727151008895447
gemmint8,GEMM-INT8,tek,power,100 Hz–1 kHz,100.0,1000.0,0.3151961411501109,0.0032292587983277694,0.0032292587983277694,0.3119668823517832,19.894780404005516,1.0245235828537151,98.97547641714631,1.4854290488519708,0.042292550240420515
gemmint8,GEMM-INT8,tek,power,1–10 kHz,1000.0,10000.0,0.12807823684615907,0.003599679267904266,0.003599679267904266,0.12447855757825481,15.51211533585236,2.8105315598839904,97.18946844011602,0.6035960111783893,0.0471438264304108
gemmint8,GEMM-INT8,tek,power,10–77 kHz,10000.0,77000.0,8.220515109661887,0.016665194412358343,0.005554501877722346,8.214960607784164,26.930886475221815,0.06756878131875127,99.93243121868124,38.74093095131794,0.21825862093060464
gemmint8,GEMM-INT8,tek,power,77–500 kHz,77000.0,500000.0,9.427304486541,7.480955436508913,0.515177177222622,8.912127309318377,1.0043046661918973,5.46473467530534,94.53526532469463,44.428183307013775,97.97563571205195
gemmint8,GEMM-INT8,tek,power,500 kHz–2.5 MHz,500000.0,2500000.0,0.7216939277915045,0.1296893582898658,0.06530368044297387,0.6563902473485306,7.454487098886639,9.048667021879105,90.95133297812087,3.40113657740191,1.6984992667550611
gemmint8,GEMM-INT8,pico,current,0–100 Hz,0.0,100.0,0.006598366017483886,3.3770033375856904e-06,3.3770033375856904e-06,0.0065949890141463,32.90904912734439,0.05117938787629459,99.94882061212371,19.154758578757477,0.04292458305050812
gemmint8,GEMM-INT8,pico,current,100 Hz–1 kHz,100.0,1000.0,0.0008702553790116364,8.596465271655227e-06,8.596465271655227e-06,0.0008616589137399811,20.0532680328369,0.9878094958078141,99.01219050419216,2.5263120661483813,0.1092683810486789
gemmint8,GEMM-INT8,pico,current,1–10 kHz,1000.0,10000.0,0.0003550235787200374,9.49422791686019e-06,9.49422791686019e-06,0.0003455293508031772,15.727975443630925,2.6742527781083236,97.32574722189169,1.0306174168164692,0.12067970741452573
gemmint8,GEMM-INT8,pico,current,10–77 kHz,10000.0,77000.0,0.020436762724606795,5.040624754101817e-05,2.2648696176284505e-05,0.020414114028430512,26.07927734823239,0.11082330641836166,99.88917669358163,59.32699930314968,0.6407062541980691
gemmint8,GEMM-INT8,pico,current,77–500 kHz,77000.0,500000.0,0.006144828400002044,0.007789239652587971,0.00035703504089554944,0.005787793359106496,-1.0298530672400315,5.810333790532388,94.18966620946763,17.838159356127168,99.00785724625877
gemmint8,GEMM-INT8,pico,current,500 kHz–2.5 MHz,500000.0,2500000.0,1.339742637520729e-05,6.0003870538668575e-06,2.7667267925691345e-06,1.0630699582638149e-05,3.488421137085058,20.651181167818336,79.3488188321816,0.03889212376424528,0.0762700200980675
gemmint8,GEMM-INT8,pico,power,0–100 Hz,0.0,100.0,2.331401025404571,0.0012186439499628802,0.0012186439499628802,2.3301823814546077,32.81740146399843,0.05227088504653151,99.94772911495345,19.143536980291096,0.0429069190483663
gemmint8,GEMM-INT8,pico,power,100 Hz–1 kHz,100.0,1000.0,0.3078447296786792,0.0031022647106090464,0.0031022647106090464,0.3047424649680701,19.966528702245707,1.007736826889034,98.99226317311096,2.527766309860334,0.1092268343093652
gemmint8,GEMM-INT8,pico,power,1–10 kHz,1000.0,10000.0,0.12585183528632454,0.0034270321719593287,0.0034270321719593287,0.12242480311436521,15.649413717325636,2.723068888238709,97.27693111176129,1.0333911826358477,0.12066148769940949
gemmint8,GEMM-INT8,pico,power,10–77 kHz,10000.0,77000.0,7.226745824401224,0.018210560490220264,0.008175695116702169,7.2185701292845215,25.986194673422634,0.11313107331237252,99.88686892668763,59.34005965901205,0.6411709054175001
gemmint8,GEMM-INT8,pico,power,77–500 kHz,77000.0,500000.0,2.171690375892957,2.812012794904929,0.12764390141694135,2.0440464744760156,-1.1221938570612204,5.877628912199634,94.12237108780036,17.832125218969882,99.00742982200109
gemmint8,GEMM-INT8,pico,power,500 kHz–2.5 MHz,500000.0,2500000.0,0.004742277264422428,0.002167390416994258,0.0009931373841060864,0.0037491398803163435,3.400497932439401,20.942204108494757,79.05779589150528,0.038939658682920326,0.07631108755843753
