status	source	destination	bytes
PRESENT	/home/kmika/Models/EvaluationRuns/v27926_acceptance_d_yolo11l_b003_deepx_gpu_20260907_101443/effective_execution_plan.json	diagnostics/deepx/d_v27926_20260907_101443/effective_execution_plan.json	8690
PRESENT	/home/kmika/Models/EvaluationRuns/v27926_acceptance_d_yolo11l_b003_deepx_gpu_20260907_101443/hardware_matrix.json	diagnostics/deepx/d_v27926_20260907_101443/hardware_matrix.json	3677
PRESENT	/home/kmika/Models/EvaluationRuns/v27926_acceptance_d_yolo11l_b003_deepx_gpu_20260907_101443/native_producers/deepx/analysis_tables/native_full_baseline_eval.json	diagnostics/deepx/d_v27926_20260907_101443/native_producers/deepx/analysis_tables/native_full_baseline_eval.json	197638
PRESENT	/home/kmika/Models/EvaluationRuns/v27926_acceptance_d_yolo11l_b003_deepx_gpu_20260907_101443/native_producers/deepx/yolo11l/benchmark_set/native_full_outputs/model=yolo11l/backend=native_full_tensorrt/setup=orin_nx_deepx_m1_01/comparison=deepx/native_full_semantic_dump.json	diagnostics/deepx/d_v27926_20260907_101443/native_producers/deepx/yolo11l/benchmark_set/native_full_outputs/model=yolo11l/backend=native_full_tensorrt/setup=orin_nx_deepx_m1_01/comparison=deepx/native_full_semantic_dump.json	9646
PRESENT	/home/kmika/Models/EvaluationRuns/v27926_acceptance_d_yolo11l_b003_deepx_gpu_20260907_101443/profile.yaml	diagnostics/deepx/d_v27926_20260907_101443/profile.yaml	22578
PRESENT	/home/kmika/Models/EvaluationRuns/v27926_acceptance_d_yolo11l_b003_deepx_gpu_20260907_101443/quality_management/central_quality_summary.json	diagnostics/deepx/d_v27926_20260907_101443/quality_management/central_quality_summary.json	267477
PRESENT	/home/kmika/Models/EvaluationRuns/v27926_acceptance_d_yolo11l_b003_deepx_gpu_20260907_101443/reports/artifact_index_closure.json	diagnostics/deepx/d_v27926_20260907_101443/reports/artifact_index_closure.json	627
PRESENT	/home/kmika/Models/EvaluationRuns/v27926_acceptance_d_yolo11l_b003_deepx_gpu_20260907_101443/reports/native_evidence_status.json	diagnostics/deepx/d_v27926_20260907_101443/reports/native_evidence_status.json	4721
PRESENT	/home/kmika/Models/EvaluationRuns/v27926_acceptance_d_yolo11l_b003_deepx_gpu_20260907_101443/reports/native_expected_matrix.json	diagnostics/deepx/d_v27926_20260907_101443/reports/native_expected_matrix.json	3596
PRESENT	/home/kmika/Models/EvaluationRuns/v27926_acceptance_d_yolo11l_b003_deepx_gpu_20260907_101443/reports/run_status_summary.json	diagnostics/deepx/d_v27926_20260907_101443/reports/run_status_summary.json	19415
PRESENT	/home/kmika/Models/EvaluationRuns/v27926_acceptance_d_yolo11l_b003_deepx_gpu_20260907_101443/reports/run_status_summary.md	diagnostics/deepx/d_v27926_20260907_101443/reports/run_status_summary.md	1658
PRESENT	/home/kmika/Models/EvaluationRuns/v27929_acceptance_d_yolo11l_b003_deepx_gpu_20260907_151417/effective_execution_plan.json	diagnostics/deepx/d_v27929_20260907_151417/effective_execution_plan.json	8690
PRESENT	/home/kmika/Models/EvaluationRuns/v27929_acceptance_d_yolo11l_b003_deepx_gpu_20260907_151417/hardware_matrix.json	diagnostics/deepx/d_v27929_20260907_151417/hardware_matrix.json	3677
PRESENT	/home/kmika/Models/EvaluationRuns/v27929_acceptance_d_yolo11l_b003_deepx_gpu_20260907_151417/native_producers/deepx/analysis_tables/native_full_baseline_eval.json	diagnostics/deepx/d_v27929_20260907_151417/native_producers/deepx/analysis_tables/native_full_baseline_eval.json	316125
PRESENT	/home/kmika/Models/EvaluationRuns/v27929_acceptance_d_yolo11l_b003_deepx_gpu_20260907_151417/native_producers/deepx/yolo11l/benchmark_set/native_full_outputs/model=yolo11l/backend=native_full_deepx/setup=orin_nx_deepx_m1_01/comparison=deepx/native_full_semantic_dump.json	diagnostics/deepx/d_v27929_20260907_151417/native_producers/deepx/yolo11l/benchmark_set/native_full_outputs/model=yolo11l/backend=native_full_deepx/setup=orin_nx_deepx_m1_01/comparison=deepx/native_full_semantic_dump.json	1515
PRESENT	/home/kmika/Models/EvaluationRuns/v27929_acceptance_d_yolo11l_b003_deepx_gpu_20260907_151417/native_producers/deepx/yolo11l/benchmark_set/native_full_outputs/model=yolo11l/backend=native_full_tensorrt/setup=orin_nx_deepx_m1_01/comparison=deepx/native_full_semantic_dump.json	diagnostics/deepx/d_v27929_20260907_151417/native_producers/deepx/yolo11l/benchmark_set/native_full_outputs/model=yolo11l/backend=native_full_tensorrt/setup=orin_nx_deepx_m1_01/comparison=deepx/native_full_semantic_dump.json	10548
PRESENT	/home/kmika/Models/EvaluationRuns/v27929_acceptance_d_yolo11l_b003_deepx_gpu_20260907_151417/profile.yaml	diagnostics/deepx/d_v27929_20260907_151417/profile.yaml	22578
PRESENT	/home/kmika/Models/EvaluationRuns/v27929_acceptance_d_yolo11l_b003_deepx_gpu_20260907_151417/quality_management/central_quality_summary.json	diagnostics/deepx/d_v27929_20260907_151417/quality_management/central_quality_summary.json	284492
PRESENT	/home/kmika/Models/EvaluationRuns/v27929_acceptance_d_yolo11l_b003_deepx_gpu_20260907_151417/reports/artifact_index_closure.json	diagnostics/deepx/d_v27929_20260907_151417/reports/artifact_index_closure.json	627
PRESENT	/home/kmika/Models/EvaluationRuns/v27929_acceptance_d_yolo11l_b003_deepx_gpu_20260907_151417/reports/native_evidence_status.json	diagnostics/deepx/d_v27929_20260907_151417/reports/native_evidence_status.json	4721
PRESENT	/home/kmika/Models/EvaluationRuns/v27929_acceptance_d_yolo11l_b003_deepx_gpu_20260907_151417/reports/native_expected_matrix.json	diagnostics/deepx/d_v27929_20260907_151417/reports/native_expected_matrix.json	4120
PRESENT	/home/kmika/Models/EvaluationRuns/v27929_acceptance_d_yolo11l_b003_deepx_gpu_20260907_151417/reports/run_status_summary.json	diagnostics/deepx/d_v27929_20260907_151417/reports/run_status_summary.json	19909
PRESENT	/home/kmika/Models/EvaluationRuns/v27929_acceptance_d_yolo11l_b003_deepx_gpu_20260907_151417/reports/run_status_summary.md	diagnostics/deepx/d_v27929_20260907_151417/reports/run_status_summary.md	1808
PRESENT	/home/kmika/Downloads/deepx_full_probe_v27927_fix1_20260907T104449Z_2_jd9v0e/collection_summary.json	diagnostics/deepx/full_probe_v27927_fix1_roundoff_20260907T104449Z/collection_summary.json	483
PRESENT	/home/kmika/Downloads/deepx_full_probe_v27927_fix1_20260907T104449Z_2_jd9v0e/probe_request.json	diagnostics/deepx/full_probe_v27927_fix1_roundoff_20260907T104449Z/probe_request.json	2567
PRESENT	/home/kmika/Downloads/deepx_full_probe_v27927_fix1_20260907T104449Z_2_jd9v0e/remote_console.log	diagnostics/deepx/full_probe_v27927_fix1_roundoff_20260907T104449Z/remote_console.log	143
PRESENT	/home/kmika/Downloads/deepx_full_probe_v27927_fix1_20260907T104449Z_2_jd9v0e/results/deepx_output_value_probe.json	diagnostics/deepx/full_probe_v27927_fix1_roundoff_20260907T104449Z/results/deepx_output_value_probe.json	19307
PRESENT	/home/kmika/Downloads/deepx_full_probe_v27927_fix1_20260907T104449Z_2_jd9v0e/results/deepx_prepared_feed_benchmark.json	diagnostics/deepx/full_probe_v27927_fix1_roundoff_20260907T104449Z/results/deepx_prepared_feed_benchmark.json	17946
PRESENT	/home/kmika/Downloads/deepx_full_probe_v27927_fix1_20260907T104449Z_2_jd9v0e/results/prepared_input/native_full_input_manifest.json	diagnostics/deepx/full_probe_v27927_fix1_roundoff_20260907T104449Z/results/prepared_input/native_full_input_manifest.json	3357
PRESENT	/home/kmika/Downloads/deepx_full_probe_v27927_fix1_20260907T104449Z_2_jd9v0e/results/probe_progress.json	diagnostics/deepx/full_probe_v27927_fix1_roundoff_20260907T104449Z/results/probe_progress.json	109
PRESENT	/home/kmika/Downloads/deepx_full_probe_v27927_20260907T102019Z_2oofr4t3/collection_summary.json	diagnostics/deepx/full_probe_v27927_missing_remote_20260907T102019Z/collection_summary.json	372
PRESENT	/home/kmika/Downloads/deepx_full_probe_v27927_20260907T102019Z_2oofr4t3/probe_request.json	diagnostics/deepx/full_probe_v27927_missing_remote_20260907T102019Z/probe_request.json	988
PRESENT	/home/kmika/Downloads/deepx_full_probe_v27927_20260907T102019Z_2oofr4t3/remote_console.log	diagnostics/deepx/full_probe_v27927_missing_remote_20260907T102019Z/remote_console.log	229
PRESENT	/home/kmika/Downloads/deepx_full_probe_v27927_20260907T102019Z_2oofr4t3/results/deepx_output_value_probe.json	diagnostics/deepx/full_probe_v27927_missing_remote_20260907T102019Z/results/deepx_output_value_probe.json	321
PRESENT	/home/kmika/Downloads/deepx_prepost_smokes_r1_20260908T065807Z_dct6j689/collection_summary.json	diagnostics/deepx/r1_blocked_before_start_20260908T065807Z/collection_summary.json	1778
MISSING	/home/kmika/Downloads/IMPLEMENTATIONSPLAN_v2.79.31_Complete_Set_Integration_und_Qualitaetsdiagnostik_REV4_FINAL.md	docs/IMPLEMENTATIONSPLAN_v2.79.31_Complete_Set_Integration_und_Qualitaetsdiagnostik_REV4_FINAL.md	0
MISSING	/home/kmika/Downloads/ONNX_SPLITPOINT_KnowledgeBase_CANONICAL_v2.79.17_2026-09-03(5).md	docs/ONNX_SPLITPOINT_KnowledgeBase_CANONICAL_v2.79.17_2026-09-03.md	0
MISSING	/home/kmika/Downloads/ONNX_SPLITPOINT_KnowledgeBase_CANONICAL_v2.79.30_2026-09-08.md	docs/ONNX_SPLITPOINT_KnowledgeBase_CANONICAL_v2.79.30_2026-09-08.md	0
MISSING	/home/kmika/Downloads/ONNX_SPLITPOINT_KnowledgeBase_Update_2026-09-08/checks/document_evidence_checks.json	docs/evidence_update_20260908/checks/document_evidence_checks.json	0
MISSING	/home/kmika/Downloads/ONNX_SPLITPOINT_KnowledgeBase_Update_2026-09-08/checks/document_validation.json	docs/evidence_update_20260908/checks/document_validation.json	0
MISSING	/home/kmika/Downloads/ONNX_SPLITPOINT_KnowledgeBase_Update_2026-09-08/checks/energy_existing_evidence_projection.json	docs/evidence_update_20260908/checks/energy_existing_evidence_projection.json	0
PRESENT	/home/kmika/Downloads/v27929_install_acceptance_20260907_125759_497558239_2858752/SHA256SUMS.txt	results/acceptance/v2.79.29/install_20260907_125759/SHA256SUMS.txt	1472
PRESENT	/home/kmika/Downloads/v27929_install_acceptance_20260907_125759_497558239_2858752/dedicated_acceptance.log	results/acceptance/v2.79.29/install_20260907_125759/dedicated_acceptance.log	9229
PRESENT	/home/kmika/Downloads/v27929_install_acceptance_20260907_125759_497558239_2858752/final_status.env	results/acceptance/v2.79.29/install_20260907_125759/final_status.env	428
PRESENT	/home/kmika/Downloads/v27929_install_acceptance_20260907_125759_497558239_2858752/full_console.log	results/acceptance/v2.79.29/install_20260907_125759/full_console.log	12655
PRESENT	/home/kmika/Downloads/v27929_install_acceptance_20260907_125759_497558239_2858752/installed_identity.txt	results/acceptance/v2.79.29/install_20260907_125759/installed_identity.txt	167
PRESENT	/home/kmika/Downloads/v27929_install_acceptance_20260907_125759_497558239_2858752/installed_identity_before.txt	results/acceptance/v2.79.29/install_20260907_125759/installed_identity_before.txt	44
PRESENT	/home/kmika/Downloads/v27929_install_acceptance_20260907_125759_497558239_2858752/legacy_metadata_cleanup.log	results/acceptance/v2.79.29/install_20260907_125759/legacy_metadata_cleanup.log	33
PRESENT	/home/kmika/Downloads/v27929_install_acceptance_20260907_125759_497558239_2858752/source_archive_verify.log	results/acceptance/v2.79.29/install_20260907_125759/source_archive_verify.log	798
PRESENT	/home/kmika/Downloads/v27929_install_acceptance_20260907_125759_497558239_2858752/source_manifest_verify.log	results/acceptance/v2.79.29/install_20260907_125759/source_manifest_verify.log	441
PRESENT	/home/kmika/Downloads/v27929_install_acceptance_20260907_125759_497558239_2858752/source_zip_test.txt	results/acceptance/v2.79.29/install_20260907_125759/source_zip_test.txt	132674
PRESENT	/home/kmika/Downloads/v27929_install_acceptance_20260907_125759_497558239_2858752/update.log	results/acceptance/v2.79.29/install_20260907_125759/update.log	778
PRESENT	/home/kmika/Downloads/v27929_install_acceptance_20260907_125759_497558239_2858752/user_profile_preservation.txt	results/acceptance/v2.79.29/install_20260907_125759/user_profile_preservation.txt	36
PRESENT	/home/kmika/Downloads/v27929_install_acceptance_20260907_125759_497558239_2858752/user_profiles_after.json	results/acceptance/v2.79.29/install_20260907_125759/user_profiles_after.json	4535
PRESENT	/home/kmika/Downloads/v27929_install_acceptance_20260907_125759_497558239_2858752/user_profiles_before.json	results/acceptance/v2.79.29/install_20260907_125759/user_profiles_before.json	4535
PRESENT	/home/kmika/Downloads/v27929_install_acceptance_20260907_125759_497558239_2858752/v27929_small_acceptance.json	results/acceptance/v2.79.29/install_20260907_125759/v27929_small_acceptance.json	692
PRESENT	/home/kmika/Downloads/v27929_install_acceptance_20260907_125759_497558239_2858752/v27929_smoke_entrypoint.log	results/acceptance/v2.79.29/install_20260907_125759/v27929_smoke_entrypoint.log	527
PRESENT	/home/kmika/Downloads/v27929_install_acceptance_20260907_125759_497558239_2858752/venv_preservation.txt	results/acceptance/v2.79.29/install_20260907_125759/venv_preservation.txt	86
MISSING	/home/kmika/Downloads/ABNAHME_v27930_NACHWEISE/v27930_audit/ABNAHME_v2.79.30_und_Complete_Set_v2.79.29.md	results/acceptance/v2.79.30/independent_audit/ABNAHME_v2.79.30_und_Complete_Set_v2.79.29.md	0
MISSING	/home/kmika/Downloads/ABNAHME_v27930_NACHWEISE/v27930_audit/evidence/BEFUNDE_Complete_Set_v27929.json	results/acceptance/v2.79.30/independent_audit/evidence/BEFUNDE_Complete_Set_v27929.json	0
MISSING	/home/kmika/Downloads/ABNAHME_v27930_NACHWEISE/v27930_audit/evidence/CODE_FUNDSTELLEN_v27930.md	results/acceptance/v2.79.30/independent_audit/evidence/CODE_FUNDSTELLEN_v27930.md	0
MISSING	/home/kmika/Downloads/ABNAHME_v27930_NACHWEISE/v27930_audit/evidence/ORIGINAL_LOG_FUNDSTELLEN.txt	results/acceptance/v2.79.30/independent_audit/evidence/ORIGINAL_LOG_FUNDSTELLEN.txt	0
MISSING	/home/kmika/Downloads/ABNAHME_v27930_NACHWEISE/v27930_audit/evidence/actual_diff.json	results/acceptance/v2.79.30/independent_audit/evidence/actual_diff.json	0
MISSING	/home/kmika/Downloads/ABNAHME_v27930_NACHWEISE/v27930_audit/evidence/independent_complete_replay.json	results/acceptance/v2.79.30/independent_audit/evidence/independent_complete_replay.json	0
MISSING	/home/kmika/Downloads/ABNAHME_v27930_NACHWEISE/v27930_audit/evidence/independent_h1b.log	results/acceptance/v2.79.30/independent_audit/evidence/independent_h1b.log	0
MISSING	/home/kmika/Downloads/ABNAHME_v27930_NACHWEISE/v27930_audit/evidence/independent_hailo_replay.json	results/acceptance/v2.79.30/independent_audit/evidence/independent_hailo_replay.json	0
MISSING	/home/kmika/Downloads/ABNAHME_v27930_NACHWEISE/v27930_audit/evidence/independent_packaging.json	results/acceptance/v2.79.30/independent_audit/evidence/independent_packaging.json	0
MISSING	/home/kmika/Downloads/ABNAHME_v27930_NACHWEISE/v27930_audit/evidence/independent_supervisor_diagnostic.json	results/acceptance/v2.79.30/independent_audit/evidence/independent_supervisor_diagnostic.json	0
MISSING	/home/kmika/Downloads/ABNAHME_v27930_NACHWEISE/v27930_audit/evidence/independent_supervisor_retry.log	results/acceptance/v2.79.30/independent_audit/evidence/independent_supervisor_retry.log	0
MISSING	/home/kmika/Downloads/ABNAHME_v27930_NACHWEISE/v27930_audit/evidence/independent_targeted.log	results/acceptance/v2.79.30/independent_audit/evidence/independent_targeted.log	0
MISSING	/home/kmika/Downloads/ABNAHME_v27930_NACHWEISE/v27930_audit/evidence/independent_targeted.xml	results/acceptance/v2.79.30/independent_audit/evidence/independent_targeted.xml	0
MISSING	/home/kmika/Downloads/ABNAHME_v27930_NACHWEISE/v27930_audit/evidence/independent_targeted_result.json	results/acceptance/v2.79.30/independent_audit/evidence/independent_targeted_result.json	0
MISSING	/home/kmika/Downloads/ABNAHME_v27930_NACHWEISE/v27930_audit/evidence/original/bundle30/PRUEFBERICHT_2.79.30.md	results/acceptance/v2.79.30/independent_audit/evidence/original/bundle30/PRUEFBERICHT_2.79.30.md	0
MISSING	/home/kmika/Downloads/ABNAHME_v27930_NACHWEISE/v27930_audit/evidence/original/bundle30/VERIFICATION_V27930.json	results/acceptance/v2.79.30/independent_audit/evidence/original/bundle30/VERIFICATION_V27930.json	0
MISSING	/home/kmika/Downloads/ABNAHME_v27930_NACHWEISE/v27930_audit/evidence/original/bundle30/test_matrix_results.json	results/acceptance/v2.79.30/independent_audit/evidence/original/bundle30/test_matrix_results.json	0
MISSING	/home/kmika/Downloads/ABNAHME_v27930_NACHWEISE/v27930_audit/evidence/original/bundle30/test_matrix_results.md	results/acceptance/v2.79.30/independent_audit/evidence/original/bundle30/test_matrix_results.md	0
MISSING	/home/kmika/Downloads/ABNAHME_v27930_NACHWEISE/v27930_audit/evidence/original/reports/artifact_index_closure.json	results/acceptance/v2.79.30/independent_audit/evidence/original/reports/artifact_index_closure.json	0
MISSING	/home/kmika/Downloads/ABNAHME_v27930_NACHWEISE/v27930_audit/evidence/original/reports/native_evidence_status.json	results/acceptance/v2.79.30/independent_audit/evidence/original/reports/native_evidence_status.json	0
MISSING	/home/kmika/Downloads/ABNAHME_v27930_NACHWEISE/v27930_audit/evidence/original/reports/native_quality_first/orin_nx_hailo10_01/native_split_quality_binding_set.json	results/acceptance/v2.79.30/independent_audit/evidence/original/reports/native_quality_first/orin_nx_hailo10_01/native_split_quality_binding_set.json	0
MISSING	/home/kmika/Downloads/ABNAHME_v27930_NACHWEISE/v27930_audit/evidence/original/reports/run_status_summary.md	results/acceptance/v2.79.30/independent_audit/evidence/original/reports/run_status_summary.md	0
MISSING	/home/kmika/Downloads/ABNAHME_v27930_NACHWEISE/v27930_audit/evidence/summary.json	results/acceptance/v2.79.30/independent_audit/evidence/summary.json	0
MISSING	/home/kmika/Downloads/ABNAHME_v27930_NACHWEISE/v27930_audit/evidence/syntax_checks.json	results/acceptance/v2.79.30/independent_audit/evidence/syntax_checks.json	0
MISSING	/home/kmika/Downloads/ABNAHME_v27930_NACHWEISE/v27930_audit/evidence/terminal_closure_smoke_fast.json	results/acceptance/v2.79.30/independent_audit/evidence/terminal_closure_smoke_fast.json	0
MISSING	/home/kmika/Downloads/ABNAHME_v27930_NACHWEISE/v27930_audit/evidence/terminal_closure_smoke_strict.json	results/acceptance/v2.79.30/independent_audit/evidence/terminal_closure_smoke_strict.json	0
PRESENT	/home/kmika/Downloads/deepx_full_probe_v27929_20260907T130020Z_jjl3xxus/collection_summary.json	results/deepx/full_probe_v27929_20260907T130020Z/collection_summary.json	422
PRESENT	/home/kmika/Downloads/deepx_full_probe_v27929_20260907T130020Z_jjl3xxus/probe_request.json	results/deepx/full_probe_v27929_20260907T130020Z/probe_request.json	2621
PRESENT	/home/kmika/Downloads/deepx_full_probe_v27929_20260907T130020Z_jjl3xxus/remote_console.log	results/deepx/full_probe_v27929_20260907T130020Z/remote_console.log	90
PRESENT	/home/kmika/Downloads/deepx_full_probe_v27929_20260907T130020Z_jjl3xxus/results/deepx_output_value_probe.json	results/deepx/full_probe_v27929_20260907T130020Z/results/deepx_output_value_probe.json	20113
PRESENT	/home/kmika/Downloads/deepx_full_probe_v27929_20260907T130020Z_jjl3xxus/results/prepared_input/native_full_input_manifest.json	results/deepx/full_probe_v27929_20260907T130020Z/results/prepared_input/native_full_input_manifest.json	3347
PRESENT	/home/kmika/Downloads/deepx_full_probe_v27929_20260907T130020Z_jjl3xxus/results/probe_progress.json	results/deepx/full_probe_v27929_20260907T130020Z/results/probe_progress.json	110
MISSING	/home/kmika/Downloads/AUSWERTUNG_DeepX_MeanStd_AB_R2.md	results/deepx/meanstd_ab_r2_20260908T084314Z/AUSWERTUNG_DeepX_MeanStd_AB_R2.md	0
PRESENT	/home/kmika/Downloads/deepx_meanstd_ab_r2_20260908T084314Z_wwtqdejm/collection_summary.json	results/deepx/meanstd_ab_r2_20260908T084314Z/collection_summary.json	2100
PRESENT	/home/kmika/Downloads/deepx_meanstd_ab_r2_20260908T084314Z_wwtqdejm/mobilenet_v3_large/REPORT.md	results/deepx/meanstd_ab_r2_20260908T084314Z/mobilenet_v3_large/REPORT.md	572
PRESENT	/home/kmika/Downloads/deepx_meanstd_ab_r2_20260908T084314Z_wwtqdejm/mobilenet_v3_large/analysis.json	results/deepx/meanstd_ab_r2_20260908T084314Z/mobilenet_v3_large/analysis.json	26037
PRESENT	/home/kmika/Downloads/deepx_meanstd_ab_r2_20260908T084314Z_wwtqdejm/mobilenet_v3_large/analysis.log	results/deepx/meanstd_ab_r2_20260908T084314Z/mobilenet_v3_large/analysis.log	69
PRESENT	/home/kmika/Downloads/deepx_meanstd_ab_r2_20260908T084314Z_wwtqdejm/mobilenet_v3_large/build_console.log	results/deepx/meanstd_ab_r2_20260908T084314Z/mobilenet_v3_large/build_console.log	315
PRESENT	/home/kmika/Downloads/deepx_meanstd_ab_r2_20260908T084314Z_wwtqdejm/mobilenet_v3_large/build/adapter_ort_parity.json	results/deepx/meanstd_ab_r2_20260908T084314Z/mobilenet_v3_large/build_metadata/adapter_ort_parity.json	4721
PRESENT	/home/kmika/Downloads/deepx_meanstd_ab_r2_20260908T084314Z_wwtqdejm/mobilenet_v3_large/build/arm_b_artifact.json	results/deepx/meanstd_ab_r2_20260908T084314Z/mobilenet_v3_large/build_metadata/arm_b_artifact.json	741
PRESENT	/home/kmika/Downloads/deepx_meanstd_ab_r2_20260908T084314Z_wwtqdejm/mobilenet_v3_large/build/build_onnx_adapter_receipt.json	results/deepx/meanstd_ab_r2_20260908T084314Z/mobilenet_v3_large/build_metadata/build_onnx_adapter_receipt.json	1652
PRESENT	/home/kmika/Downloads/deepx_meanstd_ab_r2_20260908T084314Z_wwtqdejm/mobilenet_v3_large/build/build_summary.json	results/deepx/meanstd_ab_r2_20260908T084314Z/mobilenet_v3_large/build_metadata/build_summary.json	9131
PRESENT	/home/kmika/Downloads/deepx_meanstd_ab_r2_20260908T084314Z_wwtqdejm/mobilenet_v3_large/build/compile/build_manifest.json	results/deepx/meanstd_ab_r2_20260908T084314Z/mobilenet_v3_large/build_metadata/compile/build_manifest.json	2412
PRESENT	/home/kmika/Downloads/deepx_meanstd_ab_r2_20260908T084314Z_wwtqdejm/mobilenet_v3_large/build/compile/deepx_build.log	results/deepx/meanstd_ab_r2_20260908T084314Z/mobilenet_v3_large/build_metadata/compile/deepx_build.log	28235
PRESENT	/home/kmika/Downloads/deepx_meanstd_ab_r2_20260908T084314Z_wwtqdejm/mobilenet_v3_large/build/compiler_preflight.json	results/deepx/meanstd_ab_r2_20260908T084314Z/mobilenet_v3_large/build_metadata/compiler_preflight.json	745
PRESENT	/home/kmika/Downloads/deepx_meanstd_ab_r2_20260908T084314Z_wwtqdejm/mobilenet_v3_large/build/config_deepx.json	results/deepx/meanstd_ab_r2_20260908T084314Z/mobilenet_v3_large/build_metadata/config_deepx.json	870
PRESENT	/home/kmika/Downloads/deepx_meanstd_ab_r2_20260908T084314Z_wwtqdejm/mobilenet_v3_large/build/dxcom_config_equivalence.json	results/deepx/meanstd_ab_r2_20260908T084314Z/mobilenet_v3_large/build_metadata/dxcom_config_equivalence.json	2023
PRESENT	/home/kmika/Downloads/deepx_meanstd_ab_r2_20260908T084314Z_wwtqdejm/mobilenet_v3_large/build/product_compile_result.json	results/deepx/meanstd_ab_r2_20260908T084314Z/mobilenet_v3_large/build_metadata/product_compile_result.json	1564
PRESENT	/home/kmika/Downloads/deepx_meanstd_ab_r2_20260908T084314Z_wwtqdejm/mobilenet_v3_large/build_request.json	results/deepx/meanstd_ab_r2_20260908T084314Z/mobilenet_v3_large/build_request.json	2386
PRESENT	/home/kmika/Downloads/deepx_meanstd_ab_r2_20260908T084314Z_wwtqdejm/mobilenet_v3_large/model_request.json	results/deepx/meanstd_ab_r2_20260908T084314Z/mobilenet_v3_large/model_request.json	6663
PRESENT	/home/kmika/Downloads/deepx_meanstd_ab_r2_20260908T084314Z_wwtqdejm/mobilenet_v3_large/original_full_output_contract.json	results/deepx/meanstd_ab_r2_20260908T084314Z/mobilenet_v3_large/original_full_output_contract.json	6692
PRESENT	/home/kmika/Downloads/deepx_meanstd_ab_r2_20260908T084314Z_wwtqdejm/mobilenet_v3_large/remote/remote_result.json	results/deepx/meanstd_ab_r2_20260908T084314Z/mobilenet_v3_large/remote/remote_result.json	20108
PRESENT	/home/kmika/Downloads/deepx_meanstd_ab_r2_20260908T084314Z_wwtqdejm/mobilenet_v3_large/remote_console.log	results/deepx/meanstd_ab_r2_20260908T084314Z/mobilenet_v3_large/remote_console.log	392
PRESENT	/home/kmika/Downloads/deepx_meanstd_ab_r2_20260908T084314Z_wwtqdejm/mobilenet_v3_large/remote_request.json	results/deepx/meanstd_ab_r2_20260908T084314Z/mobilenet_v3_large/remote_request.json	6484
PRESENT	/home/kmika/Downloads/deepx_meanstd_ab_r2_20260908T084314Z_wwtqdejm/mobilenet_v3_large/resolution.json	results/deepx/meanstd_ab_r2_20260908T084314Z/mobilenet_v3_large/resolution.json	1160
PRESENT	/home/kmika/Downloads/deepx_meanstd_ab_r2_20260908T084314Z_wwtqdejm/mobilenet_v3_large/transport.json	results/deepx/meanstd_ab_r2_20260908T084314Z/mobilenet_v3_large/transport.json	720
PRESENT	/home/kmika/Downloads/deepx_meanstd_ab_r2_20260908T084314Z_wwtqdejm/resnet50/REPORT.md	results/deepx/meanstd_ab_r2_20260908T084314Z/resnet50/REPORT.md	562
PRESENT	/home/kmika/Downloads/deepx_meanstd_ab_r2_20260908T084314Z_wwtqdejm/resnet50/analysis.json	results/deepx/meanstd_ab_r2_20260908T084314Z/resnet50/analysis.json	26051
PRESENT	/home/kmika/Downloads/deepx_meanstd_ab_r2_20260908T084314Z_wwtqdejm/resnet50/analysis.log	results/deepx/meanstd_ab_r2_20260908T084314Z/resnet50/analysis.log	59
PRESENT	/home/kmika/Downloads/deepx_meanstd_ab_r2_20260908T084314Z_wwtqdejm/resnet50/build_console.log	results/deepx/meanstd_ab_r2_20260908T084314Z/resnet50/build_console.log	305
PRESENT	/home/kmika/Downloads/deepx_meanstd_ab_r2_20260908T084314Z_wwtqdejm/resnet50/build/adapter_ort_parity.json	results/deepx/meanstd_ab_r2_20260908T084314Z/resnet50/build_metadata/adapter_ort_parity.json	4715
PRESENT	/home/kmika/Downloads/deepx_meanstd_ab_r2_20260908T084314Z_wwtqdejm/resnet50/build/arm_b_artifact.json	results/deepx/meanstd_ab_r2_20260908T084314Z/resnet50/build_metadata/arm_b_artifact.json	731
PRESENT	/home/kmika/Downloads/deepx_meanstd_ab_r2_20260908T084314Z_wwtqdejm/resnet50/build/build_onnx_adapter_receipt.json	results/deepx/meanstd_ab_r2_20260908T084314Z/resnet50/build_metadata/build_onnx_adapter_receipt.json	1643
PRESENT	/home/kmika/Downloads/deepx_meanstd_ab_r2_20260908T084314Z_wwtqdejm/resnet50/build/build_summary.json	results/deepx/meanstd_ab_r2_20260908T084314Z/resnet50/build_metadata/build_summary.json	9096
PRESENT	/home/kmika/Downloads/deepx_meanstd_ab_r2_20260908T084314Z_wwtqdejm/resnet50/build/compile/build_manifest.json	results/deepx/meanstd_ab_r2_20260908T084314Z/resnet50/build_metadata/compile/build_manifest.json	2332
PRESENT	/home/kmika/Downloads/deepx_meanstd_ab_r2_20260908T084314Z_wwtqdejm/resnet50/build/compile/deepx_build.log	results/deepx/meanstd_ab_r2_20260908T084314Z/resnet50/build_metadata/compile/deepx_build.log	21075
PRESENT	/home/kmika/Downloads/deepx_meanstd_ab_r2_20260908T084314Z_wwtqdejm/resnet50/build/compiler_preflight.json	results/deepx/meanstd_ab_r2_20260908T084314Z/resnet50/build_metadata/compiler_preflight.json	745
PRESENT	/home/kmika/Downloads/deepx_meanstd_ab_r2_20260908T084314Z_wwtqdejm/resnet50/build/config_deepx.json	results/deepx/meanstd_ab_r2_20260908T084314Z/resnet50/build_metadata/config_deepx.json	870
PRESENT	/home/kmika/Downloads/deepx_meanstd_ab_r2_20260908T084314Z_wwtqdejm/resnet50/build/dxcom_config_equivalence.json	results/deepx/meanstd_ab_r2_20260908T084314Z/resnet50/build_metadata/dxcom_config_equivalence.json	2023
PRESENT	/home/kmika/Downloads/deepx_meanstd_ab_r2_20260908T084314Z_wwtqdejm/resnet50/build/product_compile_result.json	results/deepx/meanstd_ab_r2_20260908T084314Z/resnet50/build_metadata/product_compile_result.json	1484
PRESENT	/home/kmika/Downloads/deepx_meanstd_ab_r2_20260908T084314Z_wwtqdejm/resnet50/build_request.json	results/deepx/meanstd_ab_r2_20260908T084314Z/resnet50/build_request.json	2306
PRESENT	/home/kmika/Downloads/deepx_meanstd_ab_r2_20260908T084314Z_wwtqdejm/resnet50/model_request.json	results/deepx/meanstd_ab_r2_20260908T084314Z/resnet50/model_request.json	6643
PRESENT	/home/kmika/Downloads/deepx_meanstd_ab_r2_20260908T084314Z_wwtqdejm/resnet50/original_full_output_contract.json	results/deepx/meanstd_ab_r2_20260908T084314Z/resnet50/original_full_output_contract.json	6632
PRESENT	/home/kmika/Downloads/deepx_meanstd_ab_r2_20260908T084314Z_wwtqdejm/resnet50/remote/remote_result.json	results/deepx/meanstd_ab_r2_20260908T084314Z/resnet50/remote/remote_result.json	20096
PRESENT	/home/kmika/Downloads/deepx_meanstd_ab_r2_20260908T084314Z_wwtqdejm/resnet50/remote_console.log	results/deepx/meanstd_ab_r2_20260908T084314Z/resnet50/remote_console.log	392
PRESENT	/home/kmika/Downloads/deepx_meanstd_ab_r2_20260908T084314Z_wwtqdejm/resnet50/remote_request.json	results/deepx/meanstd_ab_r2_20260908T084314Z/resnet50/remote_request.json	6474
PRESENT	/home/kmika/Downloads/deepx_meanstd_ab_r2_20260908T084314Z_wwtqdejm/resnet50/resolution.json	results/deepx/meanstd_ab_r2_20260908T084314Z/resnet50/resolution.json	1131
PRESENT	/home/kmika/Downloads/deepx_meanstd_ab_r2_20260908T084314Z_wwtqdejm/resnet50/transport.json	results/deepx/meanstd_ab_r2_20260908T084314Z/resnet50/transport.json	690
MISSING	/home/kmika/Downloads/AUSWERTUNG_DeepX_PrePost_Smokes_R1.md	results/deepx/prepost_r1_20260908T080238Z/AUSWERTUNG_DeepX_PrePost_Smokes_R1.md	0
PRESENT	/home/kmika/Downloads/deepx_prepost_smokes_r1_20260908T080238Z_vo3whdeu/collection_summary.json	results/deepx/prepost_r1_20260908T080238Z/collection_summary.json	5020
PRESENT	/home/kmika/Downloads/deepx_prepost_smokes_r1_20260908T080238Z_vo3whdeu/mobilenet_v3_large/REPORT.md	results/deepx/prepost_r1_20260908T080238Z/mobilenet_v3_large/REPORT.md	1567
PRESENT	/home/kmika/Downloads/deepx_prepost_smokes_r1_20260908T080238Z_vo3whdeu/mobilenet_v3_large/analysis.json	results/deepx/prepost_r1_20260908T080238Z/mobilenet_v3_large/analysis.json	99197
PRESENT	/home/kmika/Downloads/deepx_prepost_smokes_r1_20260908T080238Z_vo3whdeu/mobilenet_v3_large/cpu/cpu_result.json	results/deepx/prepost_r1_20260908T080238Z/mobilenet_v3_large/cpu/cpu_result.json	664361
PRESENT	/home/kmika/Downloads/deepx_prepost_smokes_r1_20260908T080238Z_vo3whdeu/mobilenet_v3_large/cpu/graph.json	results/deepx/prepost_r1_20260908T080238Z/mobilenet_v3_large/cpu/graph.json	4791
PRESENT	/home/kmika/Downloads/deepx_prepost_smokes_r1_20260908T080238Z_vo3whdeu/mobilenet_v3_large/cpu_console.log	results/deepx/prepost_r1_20260908T080238Z/mobilenet_v3_large/cpu_console.log	1207
PRESENT	/home/kmika/Downloads/deepx_prepost_smokes_r1_20260908T080238Z_vo3whdeu/mobilenet_v3_large/evidence_request.json	results/deepx/prepost_r1_20260908T080238Z/mobilenet_v3_large/evidence_request.json	25582
PRESENT	/home/kmika/Downloads/deepx_prepost_smokes_r1_20260908T080238Z_vo3whdeu/mobilenet_v3_large/original_full_output_contract.json	results/deepx/prepost_r1_20260908T080238Z/mobilenet_v3_large/original_full_output_contract.json	6692
PRESENT	/home/kmika/Downloads/deepx_prepost_smokes_r1_20260908T080238Z_vo3whdeu/mobilenet_v3_large/original_full_quality_request.json	results/deepx/prepost_r1_20260908T080238Z/mobilenet_v3_large/original_full_quality_request.json	47595
PRESENT	/home/kmika/Downloads/deepx_prepost_smokes_r1_20260908T080238Z_vo3whdeu/mobilenet_v3_large/original_output_contracts.json	results/deepx/prepost_r1_20260908T080238Z/mobilenet_v3_large/original_output_contracts.json	11165
PRESENT	/home/kmika/Downloads/deepx_prepost_smokes_r1_20260908T080238Z_vo3whdeu/mobilenet_v3_large/original_part1_config.json	results/deepx/prepost_r1_20260908T080238Z/mobilenet_v3_large/original_part1_config.json	870
PRESENT	/home/kmika/Downloads/deepx_prepost_smokes_r1_20260908T080238Z_vo3whdeu/mobilenet_v3_large/remote/execution.json	results/deepx/prepost_r1_20260908T080238Z/mobilenet_v3_large/remote/execution.json	94
PRESENT	/home/kmika/Downloads/deepx_prepost_smokes_r1_20260908T080238Z_vo3whdeu/mobilenet_v3_large/remote/product_classification_topk.json	results/deepx/prepost_r1_20260908T080238Z/mobilenet_v3_large/remote/product_classification_topk.json	83680
PRESENT	/home/kmika/Downloads/deepx_prepost_smokes_r1_20260908T080238Z_vo3whdeu/mobilenet_v3_large/remote/remote_result.json	results/deepx/prepost_r1_20260908T080238Z/mobilenet_v3_large/remote/remote_result.json	213176
PRESENT	/home/kmika/Downloads/deepx_prepost_smokes_r1_20260908T080238Z_vo3whdeu/mobilenet_v3_large/remote/sealed_000/native_full_input_manifest.json	results/deepx/prepost_r1_20260908T080238Z/mobilenet_v3_large/remote/sealed_000/native_full_input_manifest.json	3240
PRESENT	/home/kmika/Downloads/deepx_prepost_smokes_r1_20260908T080238Z_vo3whdeu/mobilenet_v3_large/remote/sealed_001/native_full_input_manifest.json	results/deepx/prepost_r1_20260908T080238Z/mobilenet_v3_large/remote/sealed_001/native_full_input_manifest.json	3240
PRESENT	/home/kmika/Downloads/deepx_prepost_smokes_r1_20260908T080238Z_vo3whdeu/mobilenet_v3_large/remote/sealed_002/native_full_input_manifest.json	results/deepx/prepost_r1_20260908T080238Z/mobilenet_v3_large/remote/sealed_002/native_full_input_manifest.json	3240
PRESENT	/home/kmika/Downloads/deepx_prepost_smokes_r1_20260908T080238Z_vo3whdeu/mobilenet_v3_large/remote/sealed_003/native_full_input_manifest.json	results/deepx/prepost_r1_20260908T080238Z/mobilenet_v3_large/remote/sealed_003/native_full_input_manifest.json	3240
PRESENT	/home/kmika/Downloads/deepx_prepost_smokes_r1_20260908T080238Z_vo3whdeu/mobilenet_v3_large/remote/sealed_004/native_full_input_manifest.json	results/deepx/prepost_r1_20260908T080238Z/mobilenet_v3_large/remote/sealed_004/native_full_input_manifest.json	3240
PRESENT	/home/kmika/Downloads/deepx_prepost_smokes_r1_20260908T080238Z_vo3whdeu/mobilenet_v3_large/remote/sealed_005/native_full_input_manifest.json	results/deepx/prepost_r1_20260908T080238Z/mobilenet_v3_large/remote/sealed_005/native_full_input_manifest.json	3240
PRESENT	/home/kmika/Downloads/deepx_prepost_smokes_r1_20260908T080238Z_vo3whdeu/mobilenet_v3_large/remote/sealed_006/native_full_input_manifest.json	results/deepx/prepost_r1_20260908T080238Z/mobilenet_v3_large/remote/sealed_006/native_full_input_manifest.json	3240
PRESENT	/home/kmika/Downloads/deepx_prepost_smokes_r1_20260908T080238Z_vo3whdeu/mobilenet_v3_large/remote/sealed_007/native_full_input_manifest.json	results/deepx/prepost_r1_20260908T080238Z/mobilenet_v3_large/remote/sealed_007/native_full_input_manifest.json	3240
PRESENT	/home/kmika/Downloads/deepx_prepost_smokes_r1_20260908T080238Z_vo3whdeu/mobilenet_v3_large/remote/sealed_008/native_full_input_manifest.json	results/deepx/prepost_r1_20260908T080238Z/mobilenet_v3_large/remote/sealed_008/native_full_input_manifest.json	3240
PRESENT	/home/kmika/Downloads/deepx_prepost_smokes_r1_20260908T080238Z_vo3whdeu/mobilenet_v3_large/remote/sealed_009/native_full_input_manifest.json	results/deepx/prepost_r1_20260908T080238Z/mobilenet_v3_large/remote/sealed_009/native_full_input_manifest.json	3240
PRESENT	/home/kmika/Downloads/deepx_prepost_smokes_r1_20260908T080238Z_vo3whdeu/mobilenet_v3_large/remote/sealed_010/native_full_input_manifest.json	results/deepx/prepost_r1_20260908T080238Z/mobilenet_v3_large/remote/sealed_010/native_full_input_manifest.json	3240
PRESENT	/home/kmika/Downloads/deepx_prepost_smokes_r1_20260908T080238Z_vo3whdeu/mobilenet_v3_large/remote/sealed_011/native_full_input_manifest.json	results/deepx/prepost_r1_20260908T080238Z/mobilenet_v3_large/remote/sealed_011/native_full_input_manifest.json	3240
PRESENT	/home/kmika/Downloads/deepx_prepost_smokes_r1_20260908T080238Z_vo3whdeu/mobilenet_v3_large/remote/sealed_012/native_full_input_manifest.json	results/deepx/prepost_r1_20260908T080238Z/mobilenet_v3_large/remote/sealed_012/native_full_input_manifest.json	3240
PRESENT	/home/kmika/Downloads/deepx_prepost_smokes_r1_20260908T080238Z_vo3whdeu/mobilenet_v3_large/remote/sealed_013/native_full_input_manifest.json	results/deepx/prepost_r1_20260908T080238Z/mobilenet_v3_large/remote/sealed_013/native_full_input_manifest.json	3240
PRESENT	/home/kmika/Downloads/deepx_prepost_smokes_r1_20260908T080238Z_vo3whdeu/mobilenet_v3_large/remote/sealed_014/native_full_input_manifest.json	results/deepx/prepost_r1_20260908T080238Z/mobilenet_v3_large/remote/sealed_014/native_full_input_manifest.json	3240
PRESENT	/home/kmika/Downloads/deepx_prepost_smokes_r1_20260908T080238Z_vo3whdeu/mobilenet_v3_large/remote/sealed_015/native_full_input_manifest.json	results/deepx/prepost_r1_20260908T080238Z/mobilenet_v3_large/remote/sealed_015/native_full_input_manifest.json	3240
PRESENT	/home/kmika/Downloads/deepx_prepost_smokes_r1_20260908T080238Z_vo3whdeu/mobilenet_v3_large/remote_console.log	results/deepx/prepost_r1_20260908T080238Z/mobilenet_v3_large/remote_console.log	1054
PRESENT	/home/kmika/Downloads/deepx_prepost_smokes_r1_20260908T080238Z_vo3whdeu/mobilenet_v3_large/resolution.json	results/deepx/prepost_r1_20260908T080238Z/mobilenet_v3_large/resolution.json	16795
PRESENT	/home/kmika/Downloads/deepx_prepost_smokes_r1_20260908T080238Z_vo3whdeu/mobilenet_v3_large/transport.json	results/deepx/prepost_r1_20260908T080238Z/mobilenet_v3_large/transport.json	705
PRESENT	/home/kmika/Downloads/deepx_prepost_smokes_r1_20260908T080238Z_vo3whdeu/regnet_x_1_6gf/REPORT.md	results/deepx/prepost_r1_20260908T080238Z/regnet_x_1_6gf/REPORT.md	1563
PRESENT	/home/kmika/Downloads/deepx_prepost_smokes_r1_20260908T080238Z_vo3whdeu/regnet_x_1_6gf/analysis.json	results/deepx/prepost_r1_20260908T080238Z/regnet_x_1_6gf/analysis.json	99298
PRESENT	/home/kmika/Downloads/deepx_prepost_smokes_r1_20260908T080238Z_vo3whdeu/regnet_x_1_6gf/cpu/cpu_result.json	results/deepx/prepost_r1_20260908T080238Z/regnet_x_1_6gf/cpu/cpu_result.json	663460
PRESENT	/home/kmika/Downloads/deepx_prepost_smokes_r1_20260908T080238Z_vo3whdeu/regnet_x_1_6gf/cpu/graph.json	results/deepx/prepost_r1_20260908T080238Z/regnet_x_1_6gf/cpu/graph.json	3703
PRESENT	/home/kmika/Downloads/deepx_prepost_smokes_r1_20260908T080238Z_vo3whdeu/regnet_x_1_6gf/cpu_console.log	results/deepx/prepost_r1_20260908T080238Z/regnet_x_1_6gf/cpu_console.log	1079
PRESENT	/home/kmika/Downloads/deepx_prepost_smokes_r1_20260908T080238Z_vo3whdeu/regnet_x_1_6gf/evidence_request.json	results/deepx/prepost_r1_20260908T080238Z/regnet_x_1_6gf/evidence_request.json	25413
PRESENT	/home/kmika/Downloads/deepx_prepost_smokes_r1_20260908T080238Z_vo3whdeu/regnet_x_1_6gf/original_full_output_contract.json	results/deepx/prepost_r1_20260908T080238Z/regnet_x_1_6gf/original_full_output_contract.json	6668
PRESENT	/home/kmika/Downloads/deepx_prepost_smokes_r1_20260908T080238Z_vo3whdeu/regnet_x_1_6gf/original_full_quality_request.json	results/deepx/prepost_r1_20260908T080238Z/regnet_x_1_6gf/original_full_quality_request.json	47583
PRESENT	/home/kmika/Downloads/deepx_prepost_smokes_r1_20260908T080238Z_vo3whdeu/regnet_x_1_6gf/original_output_contracts.json	results/deepx/prepost_r1_20260908T080238Z/regnet_x_1_6gf/original_output_contracts.json	11125
PRESENT	/home/kmika/Downloads/deepx_prepost_smokes_r1_20260908T080238Z_vo3whdeu/regnet_x_1_6gf/original_part1_config.json	results/deepx/prepost_r1_20260908T080238Z/regnet_x_1_6gf/original_part1_config.json	870
PRESENT	/home/kmika/Downloads/deepx_prepost_smokes_r1_20260908T080238Z_vo3whdeu/regnet_x_1_6gf/remote/execution.json	results/deepx/prepost_r1_20260908T080238Z/regnet_x_1_6gf/remote/execution.json	95
PRESENT	/home/kmika/Downloads/deepx_prepost_smokes_r1_20260908T080238Z_vo3whdeu/regnet_x_1_6gf/remote/product_classification_topk.json	results/deepx/prepost_r1_20260908T080238Z/regnet_x_1_6gf/remote/product_classification_topk.json	83711
PRESENT	/home/kmika/Downloads/deepx_prepost_smokes_r1_20260908T080238Z_vo3whdeu/regnet_x_1_6gf/remote/remote_result.json	results/deepx/prepost_r1_20260908T080238Z/regnet_x_1_6gf/remote/remote_result.json	213228
PRESENT	/home/kmika/Downloads/deepx_prepost_smokes_r1_20260908T080238Z_vo3whdeu/regnet_x_1_6gf/remote/sealed_000/native_full_input_manifest.json	results/deepx/prepost_r1_20260908T080238Z/regnet_x_1_6gf/remote/sealed_000/native_full_input_manifest.json	3236
PRESENT	/home/kmika/Downloads/deepx_prepost_smokes_r1_20260908T080238Z_vo3whdeu/regnet_x_1_6gf/remote/sealed_001/native_full_input_manifest.json	results/deepx/prepost_r1_20260908T080238Z/regnet_x_1_6gf/remote/sealed_001/native_full_input_manifest.json	3236
PRESENT	/home/kmika/Downloads/deepx_prepost_smokes_r1_20260908T080238Z_vo3whdeu/regnet_x_1_6gf/remote/sealed_002/native_full_input_manifest.json	results/deepx/prepost_r1_20260908T080238Z/regnet_x_1_6gf/remote/sealed_002/native_full_input_manifest.json	3236
PRESENT	/home/kmika/Downloads/deepx_prepost_smokes_r1_20260908T080238Z_vo3whdeu/regnet_x_1_6gf/remote/sealed_003/native_full_input_manifest.json	results/deepx/prepost_r1_20260908T080238Z/regnet_x_1_6gf/remote/sealed_003/native_full_input_manifest.json	3236
PRESENT	/home/kmika/Downloads/deepx_prepost_smokes_r1_20260908T080238Z_vo3whdeu/regnet_x_1_6gf/remote/sealed_004/native_full_input_manifest.json	results/deepx/prepost_r1_20260908T080238Z/regnet_x_1_6gf/remote/sealed_004/native_full_input_manifest.json	3236
PRESENT	/home/kmika/Downloads/deepx_prepost_smokes_r1_20260908T080238Z_vo3whdeu/regnet_x_1_6gf/remote/sealed_005/native_full_input_manifest.json	results/deepx/prepost_r1_20260908T080238Z/regnet_x_1_6gf/remote/sealed_005/native_full_input_manifest.json	3236
PRESENT	/home/kmika/Downloads/deepx_prepost_smokes_r1_20260908T080238Z_vo3whdeu/regnet_x_1_6gf/remote/sealed_006/native_full_input_manifest.json	results/deepx/prepost_r1_20260908T080238Z/regnet_x_1_6gf/remote/sealed_006/native_full_input_manifest.json	3236
PRESENT	/home/kmika/Downloads/deepx_prepost_smokes_r1_20260908T080238Z_vo3whdeu/regnet_x_1_6gf/remote/sealed_007/native_full_input_manifest.json	results/deepx/prepost_r1_20260908T080238Z/regnet_x_1_6gf/remote/sealed_007/native_full_input_manifest.json	3236
PRESENT	/home/kmika/Downloads/deepx_prepost_smokes_r1_20260908T080238Z_vo3whdeu/regnet_x_1_6gf/remote/sealed_008/native_full_input_manifest.json	results/deepx/prepost_r1_20260908T080238Z/regnet_x_1_6gf/remote/sealed_008/native_full_input_manifest.json	3236
PRESENT	/home/kmika/Downloads/deepx_prepost_smokes_r1_20260908T080238Z_vo3whdeu/regnet_x_1_6gf/remote/sealed_009/native_full_input_manifest.json	results/deepx/prepost_r1_20260908T080238Z/regnet_x_1_6gf/remote/sealed_009/native_full_input_manifest.json	3236
PRESENT	/home/kmika/Downloads/deepx_prepost_smokes_r1_20260908T080238Z_vo3whdeu/regnet_x_1_6gf/remote/sealed_010/native_full_input_manifest.json	results/deepx/prepost_r1_20260908T080238Z/regnet_x_1_6gf/remote/sealed_010/native_full_input_manifest.json	3236
PRESENT	/home/kmika/Downloads/deepx_prepost_smokes_r1_20260908T080238Z_vo3whdeu/regnet_x_1_6gf/remote/sealed_011/native_full_input_manifest.json	results/deepx/prepost_r1_20260908T080238Z/regnet_x_1_6gf/remote/sealed_011/native_full_input_manifest.json	3236
PRESENT	/home/kmika/Downloads/deepx_prepost_smokes_r1_20260908T080238Z_vo3whdeu/regnet_x_1_6gf/remote/sealed_012/native_full_input_manifest.json	results/deepx/prepost_r1_20260908T080238Z/regnet_x_1_6gf/remote/sealed_012/native_full_input_manifest.json	3236
PRESENT	/home/kmika/Downloads/deepx_prepost_smokes_r1_20260908T080238Z_vo3whdeu/regnet_x_1_6gf/remote/sealed_013/native_full_input_manifest.json	results/deepx/prepost_r1_20260908T080238Z/regnet_x_1_6gf/remote/sealed_013/native_full_input_manifest.json	3236
PRESENT	/home/kmika/Downloads/deepx_prepost_smokes_r1_20260908T080238Z_vo3whdeu/regnet_x_1_6gf/remote/sealed_014/native_full_input_manifest.json	results/deepx/prepost_r1_20260908T080238Z/regnet_x_1_6gf/remote/sealed_014/native_full_input_manifest.json	3236
PRESENT	/home/kmika/Downloads/deepx_prepost_smokes_r1_20260908T080238Z_vo3whdeu/regnet_x_1_6gf/remote/sealed_015/native_full_input_manifest.json	results/deepx/prepost_r1_20260908T080238Z/regnet_x_1_6gf/remote/sealed_015/native_full_input_manifest.json	3236
PRESENT	/home/kmika/Downloads/deepx_prepost_smokes_r1_20260908T080238Z_vo3whdeu/regnet_x_1_6gf/remote_console.log	results/deepx/prepost_r1_20260908T080238Z/regnet_x_1_6gf/remote_console.log	926
PRESENT	/home/kmika/Downloads/deepx_prepost_smokes_r1_20260908T080238Z_vo3whdeu/regnet_x_1_6gf/resolution.json	results/deepx/prepost_r1_20260908T080238Z/regnet_x_1_6gf/resolution.json	16723
PRESENT	/home/kmika/Downloads/deepx_prepost_smokes_r1_20260908T080238Z_vo3whdeu/regnet_x_1_6gf/transport.json	results/deepx/prepost_r1_20260908T080238Z/regnet_x_1_6gf/transport.json	696
PRESENT	/home/kmika/Downloads/deepx_prepost_smokes_r1_20260908T080238Z_vo3whdeu/resnet50/REPORT.md	results/deepx/prepost_r1_20260908T080238Z/resnet50/REPORT.md	1572
PRESENT	/home/kmika/Downloads/deepx_prepost_smokes_r1_20260908T080238Z_vo3whdeu/resnet50/analysis.json	results/deepx/prepost_r1_20260908T080238Z/resnet50/analysis.json	89859
PRESENT	/home/kmika/Downloads/deepx_prepost_smokes_r1_20260908T080238Z_vo3whdeu/resnet50/cpu/cpu_result.json	results/deepx/prepost_r1_20260908T080238Z/resnet50/cpu/cpu_result.json	573228
PRESENT	/home/kmika/Downloads/deepx_prepost_smokes_r1_20260908T080238Z_vo3whdeu/resnet50/cpu/graph.json	results/deepx/prepost_r1_20260908T080238Z/resnet50/cpu/graph.json	3042
PRESENT	/home/kmika/Downloads/deepx_prepost_smokes_r1_20260908T080238Z_vo3whdeu/resnet50/cpu_console.log	results/deepx/prepost_r1_20260908T080238Z/resnet50/cpu_console.log	887
PRESENT	/home/kmika/Downloads/deepx_prepost_smokes_r1_20260908T080238Z_vo3whdeu/resnet50/evidence_request.json	results/deepx/prepost_r1_20260908T080238Z/resnet50/evidence_request.json	24898
PRESENT	/home/kmika/Downloads/deepx_prepost_smokes_r1_20260908T080238Z_vo3whdeu/resnet50/original_full_output_contract.json	results/deepx/prepost_r1_20260908T080238Z/resnet50/original_full_output_contract.json	6632
PRESENT	/home/kmika/Downloads/deepx_prepost_smokes_r1_20260908T080238Z_vo3whdeu/resnet50/original_full_quality_request.json	results/deepx/prepost_r1_20260908T080238Z/resnet50/original_full_quality_request.json	47565
PRESENT	/home/kmika/Downloads/deepx_prepost_smokes_r1_20260908T080238Z_vo3whdeu/resnet50/original_output_contracts.json	results/deepx/prepost_r1_20260908T080238Z/resnet50/original_output_contracts.json	11069
PRESENT	/home/kmika/Downloads/deepx_prepost_smokes_r1_20260908T080238Z_vo3whdeu/resnet50/original_part1_config.json	results/deepx/prepost_r1_20260908T080238Z/resnet50/original_part1_config.json	870
PRESENT	/home/kmika/Downloads/deepx_prepost_smokes_r1_20260908T080238Z_vo3whdeu/resnet50/remote/execution.json	results/deepx/prepost_r1_20260908T080238Z/resnet50/remote/execution.json	95
PRESENT	/home/kmika/Downloads/deepx_prepost_smokes_r1_20260908T080238Z_vo3whdeu/resnet50/remote/product_classification_topk.json	results/deepx/prepost_r1_20260908T080238Z/resnet50/remote/product_classification_topk.json	83716
PRESENT	/home/kmika/Downloads/deepx_prepost_smokes_r1_20260908T080238Z_vo3whdeu/resnet50/remote/remote_result.json	results/deepx/prepost_r1_20260908T080238Z/resnet50/remote/remote_result.json	213229
PRESENT	/home/kmika/Downloads/deepx_prepost_smokes_r1_20260908T080238Z_vo3whdeu/resnet50/remote/sealed_000/native_full_input_manifest.json	results/deepx/prepost_r1_20260908T080238Z/resnet50/remote/sealed_000/native_full_input_manifest.json	3230
PRESENT	/home/kmika/Downloads/deepx_prepost_smokes_r1_20260908T080238Z_vo3whdeu/resnet50/remote/sealed_001/native_full_input_manifest.json	results/deepx/prepost_r1_20260908T080238Z/resnet50/remote/sealed_001/native_full_input_manifest.json	3230
PRESENT	/home/kmika/Downloads/deepx_prepost_smokes_r1_20260908T080238Z_vo3whdeu/resnet50/remote/sealed_002/native_full_input_manifest.json	results/deepx/prepost_r1_20260908T080238Z/resnet50/remote/sealed_002/native_full_input_manifest.json	3230
PRESENT	/home/kmika/Downloads/deepx_prepost_smokes_r1_20260908T080238Z_vo3whdeu/resnet50/remote/sealed_003/native_full_input_manifest.json	results/deepx/prepost_r1_20260908T080238Z/resnet50/remote/sealed_003/native_full_input_manifest.json	3230
PRESENT	/home/kmika/Downloads/deepx_prepost_smokes_r1_20260908T080238Z_vo3whdeu/resnet50/remote/sealed_004/native_full_input_manifest.json	results/deepx/prepost_r1_20260908T080238Z/resnet50/remote/sealed_004/native_full_input_manifest.json	3230
PRESENT	/home/kmika/Downloads/deepx_prepost_smokes_r1_20260908T080238Z_vo3whdeu/resnet50/remote/sealed_005/native_full_input_manifest.json	results/deepx/prepost_r1_20260908T080238Z/resnet50/remote/sealed_005/native_full_input_manifest.json	3230
PRESENT	/home/kmika/Downloads/deepx_prepost_smokes_r1_20260908T080238Z_vo3whdeu/resnet50/remote/sealed_006/native_full_input_manifest.json	results/deepx/prepost_r1_20260908T080238Z/resnet50/remote/sealed_006/native_full_input_manifest.json	3230
PRESENT	/home/kmika/Downloads/deepx_prepost_smokes_r1_20260908T080238Z_vo3whdeu/resnet50/remote/sealed_007/native_full_input_manifest.json	results/deepx/prepost_r1_20260908T080238Z/resnet50/remote/sealed_007/native_full_input_manifest.json	3230
PRESENT	/home/kmika/Downloads/deepx_prepost_smokes_r1_20260908T080238Z_vo3whdeu/resnet50/remote/sealed_008/native_full_input_manifest.json	results/deepx/prepost_r1_20260908T080238Z/resnet50/remote/sealed_008/native_full_input_manifest.json	3230
PRESENT	/home/kmika/Downloads/deepx_prepost_smokes_r1_20260908T080238Z_vo3whdeu/resnet50/remote/sealed_009/native_full_input_manifest.json	results/deepx/prepost_r1_20260908T080238Z/resnet50/remote/sealed_009/native_full_input_manifest.json	3230
PRESENT	/home/kmika/Downloads/deepx_prepost_smokes_r1_20260908T080238Z_vo3whdeu/resnet50/remote/sealed_010/native_full_input_manifest.json	results/deepx/prepost_r1_20260908T080238Z/resnet50/remote/sealed_010/native_full_input_manifest.json	3230
PRESENT	/home/kmika/Downloads/deepx_prepost_smokes_r1_20260908T080238Z_vo3whdeu/resnet50/remote/sealed_011/native_full_input_manifest.json	results/deepx/prepost_r1_20260908T080238Z/resnet50/remote/sealed_011/native_full_input_manifest.json	3230
PRESENT	/home/kmika/Downloads/deepx_prepost_smokes_r1_20260908T080238Z_vo3whdeu/resnet50/remote/sealed_012/native_full_input_manifest.json	results/deepx/prepost_r1_20260908T080238Z/resnet50/remote/sealed_012/native_full_input_manifest.json	3230
PRESENT	/home/kmika/Downloads/deepx_prepost_smokes_r1_20260908T080238Z_vo3whdeu/resnet50/remote/sealed_013/native_full_input_manifest.json	results/deepx/prepost_r1_20260908T080238Z/resnet50/remote/sealed_013/native_full_input_manifest.json	3230
PRESENT	/home/kmika/Downloads/deepx_prepost_smokes_r1_20260908T080238Z_vo3whdeu/resnet50/remote/sealed_014/native_full_input_manifest.json	results/deepx/prepost_r1_20260908T080238Z/resnet50/remote/sealed_014/native_full_input_manifest.json	3230
PRESENT	/home/kmika/Downloads/deepx_prepost_smokes_r1_20260908T080238Z_vo3whdeu/resnet50/remote/sealed_015/native_full_input_manifest.json	results/deepx/prepost_r1_20260908T080238Z/resnet50/remote/sealed_015/native_full_input_manifest.json	3230
PRESENT	/home/kmika/Downloads/deepx_prepost_smokes_r1_20260908T080238Z_vo3whdeu/resnet50/remote_console.log	results/deepx/prepost_r1_20260908T080238Z/resnet50/remote_console.log	734
PRESENT	/home/kmika/Downloads/deepx_prepost_smokes_r1_20260908T080238Z_vo3whdeu/resnet50/resolution.json	results/deepx/prepost_r1_20260908T080238Z/resnet50/resolution.json	11470
PRESENT	/home/kmika/Downloads/deepx_prepost_smokes_r1_20260908T080238Z_vo3whdeu/resnet50/transport.json	results/deepx/prepost_r1_20260908T080238Z/resnet50/transport.json	685
PRESENT	/home/kmika/Downloads/deepx_prepost_smokes_r1_20260908T080238Z_vo3whdeu/vendor_loader_source_status.json	results/deepx/prepost_r1_20260908T080238Z/vendor_loader_source_status.json	76
PRESENT	/home/kmika/Models/EvaluationRuns/complete_set_20260907_161614/effective_execution_plan.json	results/evaluation/complete_set_20260907_161614_v27929/effective_execution_plan.json	13860
PRESENT	/home/kmika/Models/EvaluationRuns/complete_set_20260907_161614/hardware_matrix.json	results/evaluation/complete_set_20260907_161614_v27929/hardware_matrix.json	9837
PRESENT	/home/kmika/Models/EvaluationRuns/complete_set_20260907_161614/jobs/job_plan.json	results/evaluation/complete_set_20260907_161614_v27929/jobs/job_plan.json	281394
PRESENT	/home/kmika/Models/EvaluationRuns/complete_set_20260907_161614/jobs/job_summary.json	results/evaluation/complete_set_20260907_161614_v27929/jobs/job_summary.json	100297
PRESENT	/home/kmika/Models/EvaluationRuns/complete_set_20260907_161614/models/mobilenet_v3_large/benchmark_results/normalized_results.json	results/evaluation/complete_set_20260907_161614_v27929/models/mobilenet_v3_large/benchmark_results/normalized_results.json	1710390
PRESENT	/home/kmika/Models/EvaluationRuns/complete_set_20260907_161614/models/mobilenet_v3_large/validation/validation_case_matrix.json	results/evaluation/complete_set_20260907_161614_v27929/models/mobilenet_v3_large/validation/validation_case_matrix.json	15924
PRESENT	/home/kmika/Models/EvaluationRuns/complete_set_20260907_161614/models/regnet_x_1_6gf/benchmark_results/normalized_results.json	results/evaluation/complete_set_20260907_161614_v27929/models/regnet_x_1_6gf/benchmark_results/normalized_results.json	1696665
PRESENT	/home/kmika/Models/EvaluationRuns/complete_set_20260907_161614/models/regnet_x_1_6gf/validation/validation_case_matrix.json	results/evaluation/complete_set_20260907_161614_v27929/models/regnet_x_1_6gf/validation/validation_case_matrix.json	15290
PRESENT	/home/kmika/Models/EvaluationRuns/complete_set_20260907_161614/models/resnet50/validation/validation_case_matrix.json	results/evaluation/complete_set_20260907_161614_v27929/models/resnet50/validation/validation_case_matrix.json	15245
PRESENT	/home/kmika/Models/EvaluationRuns/complete_set_20260907_161614/models/yolo11l/benchmark_results/normalized_results.json	results/evaluation/complete_set_20260907_161614_v27929/models/yolo11l/benchmark_results/normalized_results.json	1852349
PRESENT	/home/kmika/Models/EvaluationRuns/complete_set_20260907_161614/models/yolo11l/validation/validation_case_matrix.json	results/evaluation/complete_set_20260907_161614_v27929/models/yolo11l/validation/validation_case_matrix.json	14379
PRESENT	/home/kmika/Models/EvaluationRuns/complete_set_20260907_161614/models/yolo26m/benchmark_results/normalized_results.json	results/evaluation/complete_set_20260907_161614_v27929/models/yolo26m/benchmark_results/normalized_results.json	1079043
PRESENT	/home/kmika/Models/EvaluationRuns/complete_set_20260907_161614/models/yolo26m/validation/validation_case_matrix.json	results/evaluation/complete_set_20260907_161614_v27929/models/yolo26m/validation/validation_case_matrix.json	15685
PRESENT	/home/kmika/Models/EvaluationRuns/complete_set_20260907_161614/models/yolo26s/benchmark_results/normalized_results.json	results/evaluation/complete_set_20260907_161614_v27929/models/yolo26s/benchmark_results/normalized_results.json	1086159
PRESENT	/home/kmika/Models/EvaluationRuns/complete_set_20260907_161614/models/yolo26s/validation/validation_case_matrix.json	results/evaluation/complete_set_20260907_161614_v27929/models/yolo26s/validation/validation_case_matrix.json	15712
PRESENT	/home/kmika/Models/EvaluationRuns/complete_set_20260907_161614/models/yolov7_paper/benchmark_results/normalized_results.json	results/evaluation/complete_set_20260907_161614_v27929/models/yolov7_paper/benchmark_results/normalized_results.json	2003856
PRESENT	/home/kmika/Models/EvaluationRuns/complete_set_20260907_161614/models/yolov7_paper/validation/validation_case_matrix.json	results/evaluation/complete_set_20260907_161614_v27929/models/yolov7_paper/validation/validation_case_matrix.json	15692
PRESENT	/home/kmika/Models/EvaluationRuns/complete_set_20260907_161614/native_producers/deepx/analysis_tables/native_deepx_producer_e2e_eval__deepx_mobilenet_v3_large_selected_single_part2_input.json	results/evaluation/complete_set_20260907_161614_v27929/native_producers/deepx/analysis_tables/native_deepx_producer_e2e_eval__deepx_mobilenet_v3_large_selected_single_part2_input.json	178420
PRESENT	/home/kmika/Models/EvaluationRuns/complete_set_20260907_161614/native_producers/deepx/analysis_tables/native_deepx_producer_e2e_eval__deepx_regnet_x_1_6gf_selected_single_part2_input.json	results/evaluation/complete_set_20260907_161614_v27929/native_producers/deepx/analysis_tables/native_deepx_producer_e2e_eval__deepx_regnet_x_1_6gf_selected_single_part2_input.json	176483
PRESENT	/home/kmika/Models/EvaluationRuns/complete_set_20260907_161614/native_producers/deepx/analysis_tables/native_deepx_producer_e2e_eval__deepx_resnet50_selected_single_part2_input.json	results/evaluation/complete_set_20260907_161614_v27929/native_producers/deepx/analysis_tables/native_deepx_producer_e2e_eval__deepx_resnet50_selected_single_part2_input.json	296637
PRESENT	/home/kmika/Models/EvaluationRuns/complete_set_20260907_161614/native_producers/deepx/analysis_tables/native_deepx_producer_e2e_eval__deepx_yolo11l_selected_single_part2_input.json	results/evaluation/complete_set_20260907_161614_v27929/native_producers/deepx/analysis_tables/native_deepx_producer_e2e_eval__deepx_yolo11l_selected_single_part2_input.json	1933
PRESENT	/home/kmika/Models/EvaluationRuns/complete_set_20260907_161614/native_producers/deepx/analysis_tables/native_deepx_producer_e2e_eval__deepx_yolo26m_selected_single_part2_input.json	results/evaluation/complete_set_20260907_161614_v27929/native_producers/deepx/analysis_tables/native_deepx_producer_e2e_eval__deepx_yolo26m_selected_single_part2_input.json	1933
PRESENT	/home/kmika/Models/EvaluationRuns/complete_set_20260907_161614/native_producers/deepx/analysis_tables/native_deepx_producer_e2e_eval__deepx_yolo26s_selected_single_part2_input.json	results/evaluation/complete_set_20260907_161614_v27929/native_producers/deepx/analysis_tables/native_deepx_producer_e2e_eval__deepx_yolo26s_selected_single_part2_input.json	1933
PRESENT	/home/kmika/Models/EvaluationRuns/complete_set_20260907_161614/native_producers/deepx/analysis_tables/native_deepx_producer_e2e_eval__deepx_yolov7_paper_selected_single_part2_input.json	results/evaluation/complete_set_20260907_161614_v27929/native_producers/deepx/analysis_tables/native_deepx_producer_e2e_eval__deepx_yolov7_paper_selected_single_part2_input.json	792914
PRESENT	/home/kmika/Models/EvaluationRuns/complete_set_20260907_161614/native_producers/deepx/analysis_tables/native_full_baseline_eval.json	results/evaluation/complete_set_20260907_161614_v27929/native_producers/deepx/analysis_tables/native_full_baseline_eval.json	2031019
PRESENT	/home/kmika/Models/EvaluationRuns/complete_set_20260907_161614/native_producers/hailo10h/analysis_tables/native_full_baseline_eval.json	results/evaluation/complete_set_20260907_161614_v27929/native_producers/hailo10h/analysis_tables/native_full_baseline_eval.json	1940442
PRESENT	/home/kmika/Models/EvaluationRuns/complete_set_20260907_161614/native_producers/hailo10h/analysis_tables/native_hailo10h_producer_e2e_eval__hailo10h_mobilenet_v3_large_selected_single_part2_input.json	results/evaluation/complete_set_20260907_161614_v27929/native_producers/hailo10h/analysis_tables/native_hailo10h_producer_e2e_eval__hailo10h_mobilenet_v3_large_selected_single_part2_input.json	175946
PRESENT	/home/kmika/Models/EvaluationRuns/complete_set_20260907_161614/native_producers/hailo10h/analysis_tables/native_hailo10h_producer_e2e_eval__hailo10h_regnet_x_1_6gf_selected_single_part2_input.json	results/evaluation/complete_set_20260907_161614_v27929/native_producers/hailo10h/analysis_tables/native_hailo10h_producer_e2e_eval__hailo10h_regnet_x_1_6gf_selected_single_part2_input.json	173595
PRESENT	/home/kmika/Models/EvaluationRuns/complete_set_20260907_161614/native_producers/hailo10h/analysis_tables/native_hailo10h_producer_e2e_eval__hailo10h_resnet50_selected_single_part2_input.json	results/evaluation/complete_set_20260907_161614_v27929/native_producers/hailo10h/analysis_tables/native_hailo10h_producer_e2e_eval__hailo10h_resnet50_selected_single_part2_input.json	293757
PRESENT	/home/kmika/Models/EvaluationRuns/complete_set_20260907_161614/native_producers/hailo10h/analysis_tables/native_hailo10h_producer_e2e_eval__hailo10h_yolo11l_selected_single_part2_input.json	results/evaluation/complete_set_20260907_161614_v27929/native_producers/hailo10h/analysis_tables/native_hailo10h_producer_e2e_eval__hailo10h_yolo11l_selected_single_part2_input.json	524555
PRESENT	/home/kmika/Models/EvaluationRuns/complete_set_20260907_161614/native_producers/hailo10h/analysis_tables/native_hailo10h_producer_e2e_eval__hailo10h_yolo26m_selected_single_part2_input.json	results/evaluation/complete_set_20260907_161614_v27929/native_producers/hailo10h/analysis_tables/native_hailo10h_producer_e2e_eval__hailo10h_yolo26m_selected_single_part2_input.json	5762
PRESENT	/home/kmika/Models/EvaluationRuns/complete_set_20260907_161614/native_producers/hailo10h/analysis_tables/native_hailo10h_producer_e2e_eval__hailo10h_yolo26s_selected_single_part2_input.json	results/evaluation/complete_set_20260907_161614_v27929/native_producers/hailo10h/analysis_tables/native_hailo10h_producer_e2e_eval__hailo10h_yolo26s_selected_single_part2_input.json	5762
PRESENT	/home/kmika/Models/EvaluationRuns/complete_set_20260907_161614/native_producers/hailo10h/analysis_tables/native_hailo10h_producer_e2e_eval__hailo10h_yolov7_paper_selected_single_part2_input.json	results/evaluation/complete_set_20260907_161614_v27929/native_producers/hailo10h/analysis_tables/native_hailo10h_producer_e2e_eval__hailo10h_yolov7_paper_selected_single_part2_input.json	655799
PRESENT	/home/kmika/Models/EvaluationRuns/complete_set_20260907_161614/native_producers/hailo8/analysis_tables/native_fifo_eval_runner__hailo8_mobilenet_v3_large_selected_single_part2_input.json	results/evaluation/complete_set_20260907_161614_v27929/native_producers/hailo8/analysis_tables/native_fifo_eval_runner__hailo8_mobilenet_v3_large_selected_single_part2_input.json	203357
PRESENT	/home/kmika/Models/EvaluationRuns/complete_set_20260907_161614/native_producers/hailo8/analysis_tables/native_fifo_eval_runner__hailo8_regnet_x_1_6gf_selected_single_part2_input.json	results/evaluation/complete_set_20260907_161614_v27929/native_producers/hailo8/analysis_tables/native_fifo_eval_runner__hailo8_regnet_x_1_6gf_selected_single_part2_input.json	201192
PRESENT	/home/kmika/Models/EvaluationRuns/complete_set_20260907_161614/native_producers/hailo8/analysis_tables/native_fifo_eval_runner__hailo8_resnet50_selected_single_part2_input.json	results/evaluation/complete_set_20260907_161614_v27929/native_producers/hailo8/analysis_tables/native_fifo_eval_runner__hailo8_resnet50_selected_single_part2_input.json	320939
PRESENT	/home/kmika/Models/EvaluationRuns/complete_set_20260907_161614/native_producers/hailo8/analysis_tables/native_fifo_eval_runner__hailo8_yolo11l_selected_single_part2_input.json	results/evaluation/complete_set_20260907_161614_v27929/native_producers/hailo8/analysis_tables/native_fifo_eval_runner__hailo8_yolo11l_selected_single_part2_input.json	568816
PRESENT	/home/kmika/Models/EvaluationRuns/complete_set_20260907_161614/native_producers/hailo8/analysis_tables/native_fifo_eval_runner__hailo8_yolo26m_selected_single_part2_input.json	results/evaluation/complete_set_20260907_161614_v27929/native_producers/hailo8/analysis_tables/native_fifo_eval_runner__hailo8_yolo26m_selected_single_part2_input.json	14115
PRESENT	/home/kmika/Models/EvaluationRuns/complete_set_20260907_161614/native_producers/hailo8/analysis_tables/native_fifo_eval_runner__hailo8_yolo26s_selected_single_part2_input.json	results/evaluation/complete_set_20260907_161614_v27929/native_producers/hailo8/analysis_tables/native_fifo_eval_runner__hailo8_yolo26s_selected_single_part2_input.json	14116
PRESENT	/home/kmika/Models/EvaluationRuns/complete_set_20260907_161614/native_producers/hailo8/analysis_tables/native_fifo_eval_runner__hailo8_yolov7_paper_selected_single_part2_input.json	results/evaluation/complete_set_20260907_161614_v27929/native_producers/hailo8/analysis_tables/native_fifo_eval_runner__hailo8_yolov7_paper_selected_single_part2_input.json	774326
PRESENT	/home/kmika/Models/EvaluationRuns/complete_set_20260907_161614/native_producers/hailo8/analysis_tables/native_full_baseline_eval.json	results/evaluation/complete_set_20260907_161614_v27929/native_producers/hailo8/analysis_tables/native_full_baseline_eval.json	1941434
PRESENT	/home/kmika/Models/EvaluationRuns/complete_set_20260907_161614/native_producers/hailo8/yolo11l/benchmark_set/native_pipeline/b062/hailo_to_trt/uint8_dequant_fp16/endpoints/completed_task/native_fifo_boundary/native_fifo_boundary_manifest.json	results/evaluation/complete_set_20260907_161614_v27929/native_producers/hailo8/yolo11l/benchmark_set/native_pipeline/b062/hailo_to_trt/uint8_dequant_fp16/endpoints/completed_task/native_fifo_boundary/native_fifo_boundary_manifest.json	2040
PRESENT	/home/kmika/Models/EvaluationRuns/complete_set_20260907_161614/native_producers/hailo8/yolo11l/benchmark_set/native_pipeline/b062/hailo_to_trt/uint8_dequant_fp16/endpoints/completed_task/native_fifo_config.json	results/evaluation/complete_set_20260907_161614_v27929/native_producers/hailo8/yolo11l/benchmark_set/native_pipeline/b062/hailo_to_trt/uint8_dequant_fp16/endpoints/completed_task/native_fifo_config.json	109130
PRESENT	/home/kmika/Models/EvaluationRuns/complete_set_20260907_161614/native_producers/hailo8/yolo11l/benchmark_set/native_pipeline/b062/hailo_to_trt/uint8_dequant_fp16/endpoints/completed_task/native_fifo_outputs/native_fifo_output_manifest.json	results/evaluation/complete_set_20260907_161614_v27929/native_producers/hailo8/yolo11l/benchmark_set/native_pipeline/b062/hailo_to_trt/uint8_dequant_fp16/endpoints/completed_task/native_fifo_outputs/native_fifo_output_manifest.json	3715
PRESENT	/home/kmika/Models/EvaluationRuns/complete_set_20260907_161614/native_producers/hailo8/yolo11l/benchmark_set/native_pipeline/b062/hailo_to_trt/uint8_dequant_fp16/endpoints/completed_task/native_fifo_outputs/output_dump_validation.json	results/evaluation/complete_set_20260907_161614_v27929/native_producers/hailo8/yolo11l/benchmark_set/native_pipeline/b062/hailo_to_trt/uint8_dequant_fp16/endpoints/completed_task/native_fifo_outputs/output_dump_validation.json	4680
PRESENT	/home/kmika/Models/EvaluationRuns/complete_set_20260907_161614/native_producers/hailo8/yolo11l/benchmark_set/native_pipeline/b062/hailo_to_trt/uint8_dequant_fp16/endpoints/completed_task/native_fifo_results.json	results/evaluation/complete_set_20260907_161614_v27929/native_producers/hailo8/yolo11l/benchmark_set/native_pipeline/b062/hailo_to_trt/uint8_dequant_fp16/endpoints/completed_task/native_fifo_results.json	549962
PRESENT	/home/kmika/Models/EvaluationRuns/complete_set_20260907_161614/native_producers/hailo8/yolov7_paper/benchmark_set/native_pipeline/b044/hailo_to_trt/uint8_dequant_fp16/endpoints/completed_task/native_fifo_boundary/native_fifo_boundary_manifest.json	results/evaluation/complete_set_20260907_161614_v27929/native_producers/hailo8/yolov7_paper/benchmark_set/native_pipeline/b044/hailo_to_trt/uint8_dequant_fp16/endpoints/completed_task/native_fifo_boundary/native_fifo_boundary_manifest.json	2038
PRESENT	/home/kmika/Models/EvaluationRuns/complete_set_20260907_161614/native_producers/hailo8/yolov7_paper/benchmark_set/native_pipeline/b044/hailo_to_trt/uint8_dequant_fp16/endpoints/completed_task/native_fifo_config.json	results/evaluation/complete_set_20260907_161614_v27929/native_producers/hailo8/yolov7_paper/benchmark_set/native_pipeline/b044/hailo_to_trt/uint8_dequant_fp16/endpoints/completed_task/native_fifo_config.json	126403
PRESENT	/home/kmika/Models/EvaluationRuns/complete_set_20260907_161614/native_producers/hailo8/yolov7_paper/benchmark_set/native_pipeline/b044/hailo_to_trt/uint8_dequant_fp16/endpoints/completed_task/native_fifo_outputs/native_fifo_output_manifest.json	results/evaluation/complete_set_20260907_161614_v27929/native_producers/hailo8/yolov7_paper/benchmark_set/native_pipeline/b044/hailo_to_trt/uint8_dequant_fp16/endpoints/completed_task/native_fifo_outputs/native_fifo_output_manifest.json	5705
PRESENT	/home/kmika/Models/EvaluationRuns/complete_set_20260907_161614/native_producers/hailo8/yolov7_paper/benchmark_set/native_pipeline/b044/hailo_to_trt/uint8_dequant_fp16/endpoints/completed_task/native_fifo_outputs/output_dump_validation.json	results/evaluation/complete_set_20260907_161614_v27929/native_producers/hailo8/yolov7_paper/benchmark_set/native_pipeline/b044/hailo_to_trt/uint8_dequant_fp16/endpoints/completed_task/native_fifo_outputs/output_dump_validation.json	7514
PRESENT	/home/kmika/Models/EvaluationRuns/complete_set_20260907_161614/native_producers/hailo8/yolov7_paper/benchmark_set/native_pipeline/b044/hailo_to_trt/uint8_dequant_fp16/endpoints/completed_task/native_fifo_results.json	results/evaluation/complete_set_20260907_161614_v27929/native_producers/hailo8/yolov7_paper/benchmark_set/native_pipeline/b044/hailo_to_trt/uint8_dequant_fp16/endpoints/completed_task/native_fifo_results.json	753156
PRESENT	/home/kmika/Downloads/complete_set_20260907_161614_debug_pack/pack_source_identity.json	results/evaluation/complete_set_20260907_161614_v27929/pack_source_identity.json	61246
PRESENT	/home/kmika/Models/EvaluationRuns/complete_set_20260907_161614/profile.yaml	results/evaluation/complete_set_20260907_161614_v27929/profile.yaml	30352
PRESENT	/home/kmika/Models/EvaluationRuns/complete_set_20260907_161614/profile_resolution.json	results/evaluation/complete_set_20260907_161614_v27929/profile_resolution.json	36449
PRESENT	/home/kmika/Models/EvaluationRuns/complete_set_20260907_161614/profile_source.yaml	results/evaluation/complete_set_20260907_161614_v27929/profile_source.yaml	22577
PRESENT	/home/kmika/Models/EvaluationRuns/complete_set_20260907_161614/profile_start_snapshot.json	results/evaluation/complete_set_20260907_161614_v27929/profile_start_snapshot.json	16828
PRESENT	/home/kmika/Models/EvaluationRuns/complete_set_20260907_161614/quality_management/central_quality_summary.csv	results/evaluation/complete_set_20260907_161614_v27929/quality_management/central_quality_summary.csv	13208
PRESENT	/home/kmika/Models/EvaluationRuns/complete_set_20260907_161614/quality_management/central_quality_summary.json	results/evaluation/complete_set_20260907_161614_v27929/quality_management/central_quality_summary.json	4204833
PRESENT	/home/kmika/Models/EvaluationRuns/complete_set_20260907_161614/reports/artifact_cache_preflight.json	results/evaluation/complete_set_20260907_161614_v27929/reports/artifact_cache_preflight.json	676387
PRESENT	/home/kmika/Models/EvaluationRuns/complete_set_20260907_161614/reports/artifact_cache_preflight_items.csv	results/evaluation/complete_set_20260907_161614_v27929/reports/artifact_cache_preflight_items.csv	36469
PRESENT	/home/kmika/Models/EvaluationRuns/complete_set_20260907_161614/reports/artifact_index_closure.json	results/evaluation/complete_set_20260907_161614_v27929/reports/artifact_index_closure.json	600
PRESENT	/home/kmika/Models/EvaluationRuns/complete_set_20260907_161614/reports/hardware_summary.csv	results/evaluation/complete_set_20260907_161614_v27929/reports/hardware_summary.csv	476
PRESENT	/home/kmika/Models/EvaluationRuns/complete_set_20260907_161614/reports/model_summary.csv	results/evaluation/complete_set_20260907_161614_v27929/reports/model_summary.csv	1180
PRESENT	/home/kmika/Models/EvaluationRuns/complete_set_20260907_161614/reports/native_energy_measurements/native_producer_energy_results.json	results/evaluation/complete_set_20260907_161614_v27929/reports/native_energy_measurements/native_producer_energy_results.json	19908217
PRESENT	/home/kmika/Models/EvaluationRuns/complete_set_20260907_161614/reports/native_energy_measurements/native_producer_energy_results.md	results/evaluation/complete_set_20260907_161614_v27929/reports/native_energy_measurements/native_producer_energy_results.md	3043
PRESENT	/home/kmika/Models/EvaluationRuns/complete_set_20260907_161614/reports/native_energy_measurements/plan/hailo8_to_trt__yolo11l__b062__orin_nx_hailo8_01__c7feb7370e81.command_contract.json	results/evaluation/complete_set_20260907_161614_v27929/reports/native_energy_measurements/plan/hailo8_to_trt__yolo11l__b062__orin_nx_hailo8_01__c7feb7370e81.command_contract.json	91606
PRESENT	/home/kmika/Models/EvaluationRuns/complete_set_20260907_161614/reports/native_energy_measurements/plan/hailo8_to_trt__yolov7_paper__b044__orin_nx_hailo8_01__6633b518fe6a.command_contract.json	results/evaluation/complete_set_20260907_161614_v27929/reports/native_energy_measurements/plan/hailo8_to_trt__yolov7_paper__b044__orin_nx_hailo8_01__6633b518fe6a.command_contract.json	98363
PRESENT	/home/kmika/Models/EvaluationRuns/complete_set_20260907_161614/reports/native_energy_measurements/plan/native_producer_energy_plan.json	results/evaluation/complete_set_20260907_161614_v27929/reports/native_energy_measurements/plan/native_producer_energy_plan.json	1176802
PRESENT	/home/kmika/Models/EvaluationRuns/complete_set_20260907_161614/reports/native_energy_measurements/plan/native_producer_energy_plan.md	results/evaluation/complete_set_20260907_161614_v27929/reports/native_energy_measurements/plan/native_producer_energy_plan.md	160153
PRESENT	/home/kmika/Models/EvaluationRuns/complete_set_20260907_161614/reports/native_energy_preflight.json	results/evaluation/complete_set_20260907_161614_v27929/reports/native_energy_preflight.json	8958
PRESENT	/home/kmika/Models/EvaluationRuns/complete_set_20260907_161614/reports/native_evidence_status.json	results/evaluation/complete_set_20260907_161614_v27929/reports/native_evidence_status.json	4754
PRESENT	/home/kmika/Models/EvaluationRuns/complete_set_20260907_161614/reports/native_expected_matrix.json	results/evaluation/complete_set_20260907_161614_v27929/reports/native_expected_matrix.json	65282
PRESENT	/home/kmika/Models/EvaluationRuns/complete_set_20260907_161614/reports/native_expected_matrix_failed.csv	results/evaluation/complete_set_20260907_161614_v27929/reports/native_expected_matrix_failed.csv	2402
PRESENT	/home/kmika/Models/EvaluationRuns/complete_set_20260907_161614/reports/native_expected_matrix_missing.csv	results/evaluation/complete_set_20260907_161614_v27929/reports/native_expected_matrix_missing.csv	1184
PRESENT	/home/kmika/Models/EvaluationRuns/complete_set_20260907_161614/reports/native_producer_summary.json	results/evaluation/complete_set_20260907_161614_v27929/reports/native_producer_summary.json	13290048
PRESENT	/home/kmika/Models/EvaluationRuns/complete_set_20260907_161614/reports/native_producer_summary.md	results/evaluation/complete_set_20260907_161614_v27929/reports/native_producer_summary.md	18715
PRESENT	/home/kmika/Models/EvaluationRuns/complete_set_20260907_161614/reports/native_quality_first/orin_nx_deepx_m1_01/native_split_quality_binding_set.json	results/evaluation/complete_set_20260907_161614_v27929/reports/native_quality_first/orin_nx_deepx_m1_01/native_split_quality_binding_set.json	326493
PRESENT	/home/kmika/Models/EvaluationRuns/complete_set_20260907_161614/reports/native_quality_first/orin_nx_hailo10_01/native_split_quality_binding_set.json	results/evaluation/complete_set_20260907_161614_v27929/reports/native_quality_first/orin_nx_hailo10_01/native_split_quality_binding_set.json	324501
PRESENT	/home/kmika/Models/EvaluationRuns/complete_set_20260907_161614/reports/native_quality_first/orin_nx_hailo8_01/native_split_quality_binding_set.json	results/evaluation/complete_set_20260907_161614_v27929/reports/native_quality_first/orin_nx_hailo8_01/native_split_quality_binding_set.json	322229
PRESENT	/home/kmika/Models/EvaluationRuns/complete_set_20260907_161614/reports/native_stage_concise_summary.csv	results/evaluation/complete_set_20260907_161614_v27929/reports/native_stage_concise_summary.csv	651139
PRESENT	/home/kmika/Models/EvaluationRuns/complete_set_20260907_161614/reports/native_stage_concise_summary.json	results/evaluation/complete_set_20260907_161614_v27929/reports/native_stage_concise_summary.json	1187196
PRESENT	/home/kmika/Models/EvaluationRuns/complete_set_20260907_161614/reports/remote_trt_cache_preflight.json	results/evaluation/complete_set_20260907_161614_v27929/reports/remote_trt_cache_preflight.json	284057
PRESENT	/home/kmika/Models/EvaluationRuns/complete_set_20260907_161614/reports/run_status_summary.json	results/evaluation/complete_set_20260907_161614_v27929/reports/run_status_summary.json	34756
PRESENT	/home/kmika/Models/EvaluationRuns/complete_set_20260907_161614/reports/run_status_summary.md	results/evaluation/complete_set_20260907_161614_v27929/reports/run_status_summary.md	5790
PRESENT	/home/kmika/Models/EvaluationRuns/complete_set_20260907_161614/reports/summary.csv	results/evaluation/complete_set_20260907_161614_v27929/reports/summary.csv	312756
PRESENT	/home/kmika/Models/EnergyMeasurements/Calibrations/orin_nx_deepx_m1_01/20260904_215309_full_system_input_scale/full_system_input_scale_calibration.json	results/energy/calibrations/post_gain_20260904/orin_nx_deepx_m1_01/20260904_215309_full_system_input_scale/full_system_input_scale_calibration.json	278292
PRESENT	/home/kmika/Models/EnergyMeasurements/Calibrations/orin_nx_deepx_m1_01/20260904_222957/m2_idle_power_calibration.json	results/energy/calibrations/post_gain_20260904/orin_nx_deepx_m1_01/20260904_222957/m2_idle_power_calibration.json	125341
PRESENT	/home/kmika/Models/EnergyMeasurements/Calibrations/orin_nx_hailo10_01/20260904_220910_full_system_input_scale/full_system_input_scale_calibration.json	results/energy/calibrations/post_gain_20260904/orin_nx_hailo10_01/20260904_220910_full_system_input_scale/full_system_input_scale_calibration.json	278253
PRESENT	/home/kmika/Models/EnergyMeasurements/Calibrations/orin_nx_hailo10_01/20260904_222453/m2_idle_power_calibration.json	results/energy/calibrations/post_gain_20260904/orin_nx_hailo10_01/20260904_222453/m2_idle_power_calibration.json	125179
PRESENT	/home/kmika/Models/EnergyMeasurements/Calibrations/orin_nx_hailo8_01/20260904_215950_full_system_input_scale/full_system_input_scale_calibration.json	results/energy/calibrations/post_gain_20260904/orin_nx_hailo8_01/20260904_215950_full_system_input_scale/full_system_input_scale_calibration.json	282961
PRESENT	/home/kmika/Models/EnergyMeasurements/Calibrations/orin_nx_hailo8_01/20260904_221941/m2_idle_power_calibration.json	results/energy/calibrations/post_gain_20260904/orin_nx_hailo8_01/20260904_221941/m2_idle_power_calibration.json	125043
