analysis_key,tex_command,value
MultiCommonPSDRateSps,\MultiCommonPSDRateSps,5000000
MultiGEMMFP32ExternalIdleDurationSeconds,\MultiGEMMFPThreeTwoExternalIdleDurationSeconds,110
MultiGEMMFP32TekActiveToIdleRatioDb,\MultiGEMMFPThreeTwoTekActiveToIdleRatioDb,11.4241
MultiGEMMFP32TekAdditionalUnderLoadPercent,\MultiGEMMFPThreeTwoTekAdditionalUnderLoadPercent,99.2247
MultiGEMMFP32TekCurrentAboveSeventySevenKPercent,\MultiGEMMFPThreeTwoTekCurrentAboveSeventySevenKPercent,15.2357
MultiGEMMFP32TekCurrentFNinetyFiveHz,\MultiGEMMFPThreeTwoTekCurrentFNinetyFiveHz,374234
MultiGEMMFP32TekCurrentFNinetyNineHz,\MultiGEMMFPThreeTwoTekCurrentFNinetyNineHz,454620
MultiGEMMFP32TekIdleOverlapOfActivePercent,\MultiGEMMFPThreeTwoTekIdleOverlapOfActivePercent,0.775329
MultiGEMMINT8ExternalIdleDurationSeconds,\MultiGEMMINTEightExternalIdleDurationSeconds,110
MultiGEMMINT8TekActiveToIdleRatioDb,\MultiGEMMINTEightTekActiveToIdleRatioDb,4.53151
MultiGEMMINT8TekAdditionalUnderLoadPercent,\MultiGEMMINTEightTekAdditionalUnderLoadPercent,97.2334
MultiGEMMINT8TekCurrentAboveSeventySevenKPercent,\MultiGEMMINTEightTekCurrentAboveSeventySevenKPercent,46.4415
MultiGEMMINT8TekCurrentFNinetyFiveHz,\MultiGEMMINTEightTekCurrentFNinetyFiveHz,424442
MultiGEMMINT8TekCurrentFNinetyNineHz,\MultiGEMMINTEightTekCurrentFNinetyNineHz,756915
MultiGEMMINT8TekIdleOverlapOfActivePercent,\MultiGEMMINTEightTekIdleOverlapOfActivePercent,2.76656
MultiGemma34BExternalIdleDurationSeconds,\MultiGemmaThreeFourBExternalIdleDurationSeconds,110
MultiGemma34BTekActiveToIdleRatioDb,\MultiGemmaThreeFourBTekActiveToIdleRatioDb,5.85578
MultiGemma34BTekAdditionalUnderLoadPercent,\MultiGemmaThreeFourBTekAdditionalUnderLoadPercent,98.774
MultiGemma34BTekCurrentAboveSeventySevenKPercent,\MultiGemmaThreeFourBTekCurrentAboveSeventySevenKPercent,18.9555
MultiGemma34BTekCurrentFNinetyFiveHz,\MultiGemmaThreeFourBTekCurrentFNinetyFiveHz,367541
MultiGemma34BTekCurrentFNinetyNineHz,\MultiGemmaThreeFourBTekCurrentFNinetyNineHz,645560
MultiGemma34BTekIdleOverlapOfActivePercent,\MultiGemmaThreeFourBTekIdleOverlapOfActivePercent,1.22604
MultiHighlightedRateSps,\MultiHighlightedRateSps,2000
MultiResNet50FP32ExternalIdleDurationSeconds,\MultiResNetFiveZeroFPThreeTwoExternalIdleDurationSeconds,110
MultiResNet50FP32TekActiveToIdleRatioDb,\MultiResNetFiveZeroFPThreeTwoTekActiveToIdleRatioDb,8.61722
MultiResNet50FP32TekAdditionalUnderLoadPercent,\MultiResNetFiveZeroFPThreeTwoTekAdditionalUnderLoadPercent,98.3521
MultiResNet50FP32TekCurrentAboveSeventySevenKPercent,\MultiResNetFiveZeroFPThreeTwoTekCurrentAboveSeventySevenKPercent,28.8352
MultiResNet50FP32TekCurrentFNinetyFiveHz,\MultiResNetFiveZeroFPThreeTwoTekCurrentFNinetyFiveHz,362469
MultiResNet50FP32TekCurrentFNinetyNineHz,\MultiResNetFiveZeroFPThreeTwoTekCurrentFNinetyNineHz,514904
MultiResNet50FP32TekIdleOverlapOfActivePercent,\MultiResNetFiveZeroFPThreeTwoTekIdleOverlapOfActivePercent,1.64786
MultiWorkloadReadyCount,\MultiWorkloadReadyCount,6
MultiWorstCaseOnePctDuration0p02SecondsSps,\MultiWorstCaseOnePctDurationZeropZeroTwoSecondsSps,160000
MultiWorstCaseOnePctDuration0p05SecondsSps,\MultiWorstCaseOnePctDurationZeropZeroFiveSecondsSps,80000
MultiWorstCaseOnePctDuration0p1SecondsSps,\MultiWorstCaseOnePctDurationZeropOneSecondsSps,80000
MultiWorstCaseOnePctDuration0p2SecondsSps,\MultiWorstCaseOnePctDurationZeropTwoSecondsSps,80000
MultiWorstCaseOnePctDuration0p5SecondsSps,\MultiWorstCaseOnePctDurationZeropFiveSecondsSps,16000
MultiWorstCaseOnePctDuration10p0SecondsSps,\MultiWorstCaseOnePctDurationOneZeropZeroSecondsSps,680
MultiWorstCaseOnePctDuration1p0SecondsSps,\MultiWorstCaseOnePctDurationOnepZeroSecondsSps,16000
MultiWorstCaseOnePctDuration2p0SecondsSps,\MultiWorstCaseOnePctDurationTwopZeroSecondsSps,2000
MultiWorstCaseOnePctDuration5p0SecondsSps,\MultiWorstCaseOnePctDurationFivepZeroSecondsSps,680
MultiYOLOFP32ExternalIdleDurationSeconds,\MultiYOLOFPThreeTwoExternalIdleDurationSeconds,110
MultiYOLOFP32TekActiveToIdleRatioDb,\MultiYOLOFPThreeTwoTekActiveToIdleRatioDb,7.74636
MultiYOLOFP32TekAdditionalUnderLoadPercent,\MultiYOLOFPThreeTwoTekAdditionalUnderLoadPercent,98.0713
MultiYOLOFP32TekCurrentAboveSeventySevenKPercent,\MultiYOLOFPThreeTwoTekCurrentAboveSeventySevenKPercent,37.9854
MultiYOLOFP32TekCurrentFNinetyFiveHz,\MultiYOLOFPThreeTwoTekCurrentFNinetyFiveHz,363534
MultiYOLOFP32TekCurrentFNinetyNineHz,\MultiYOLOFPThreeTwoTekCurrentFNinetyNineHz,540028
MultiYOLOFP32TekIdleOverlapOfActivePercent,\MultiYOLOFPThreeTwoTekIdleOverlapOfActivePercent,1.92873
MultiYOLOINT8ExternalIdleDurationSeconds,\MultiYOLOINTEightExternalIdleDurationSeconds,110
MultiYOLOINT8TekActiveToIdleRatioDb,\MultiYOLOINTEightTekActiveToIdleRatioDb,8.30061
MultiYOLOINT8TekAdditionalUnderLoadPercent,\MultiYOLOINTEightTekAdditionalUnderLoadPercent,98.1882
MultiYOLOINT8TekCurrentAboveSeventySevenKPercent,\MultiYOLOINTEightTekCurrentAboveSeventySevenKPercent,38.6902
MultiYOLOINT8TekCurrentFNinetyFiveHz,\MultiYOLOINTEightTekCurrentFNinetyFiveHz,348719
MultiYOLOINT8TekCurrentFNinetyNineHz,\MultiYOLOINTEightTekCurrentFNinetyNineHz,488419
MultiYOLOINT8TekIdleOverlapOfActivePercent,\MultiYOLOINTEightTekIdleOverlapOfActivePercent,1.81178
