platform,slug,series,window,requested_s,n,power_median_W,power_q05_W,power_q95_W,span_median_s,relative_median_pct,relative_q05_pct,relative_q95_pct
Jetson,gemm_fp16,historical/durations_without_filter/gemm/fp16/fp16,envelope_0.5,5.0,15,34.342538993674935,33.71106749580225,34.81723502882066,3.000000000000001,-6.326717365134948,-8.049129563807389,-5.031928535629793
Jetson,gemm_fp16,historical/durations_without_filter/gemm/fp16/fp16,envelope_0.5,10.0,9,34.97793543106914,34.64249524939851,35.7945432472571,8.100000000000001,-4.593599435905082,-5.5085516748909935,-2.3662063249384357
Jetson,gemm_fp16,historical/durations_without_filter/gemm/fp16/fp16,envelope_0.5,20.0,15,35.20282086520239,34.784303241440085,35.77180475395557,18.0,-3.9801981717787482,-5.121753828615272,-2.428228218838524
Jetson,gemm_fp16,historical/durations_without_filter/gemm/fp16/fp16,envelope_0.5,50.0,15,35.963842684879985,35.904906269749354,36.25895903225399,48.1,-1.9044223527838855,-2.065178302512416,-1.0994580773461937
Jetson,gemm_fp16,historical/durations_without_filter/gemm/fp16/fp16,envelope_0.5,100.0,15,36.33882976566133,36.244148678960755,36.511991408198895,98.1,-0.8816013316321425,-1.139855044216198,-0.4092827448809899
Jetson,gemm_fp16,historical/durations_without_filter/gemm/fp16/fp16,envelope_0.5,200.0,15,36.59303895151083,36.45201940338261,36.662338893291704,198.0,-0.18821611282684447,-0.572863386323097,0.0008075651899641656
Jetson,gemm_fp16,historical/durations_without_filter/gemm/fp16/fp16,envelope_0.5,300.0,15,36.577267335889644,36.36081902685722,36.706467133247216,297.90000000000003,-0.23123503486879304,-0.8216230557302362,0.12117248911980294
Jetson,gemm_fp16,historical/durations_without_filter/gemm/fp16/fp16,envelope_0.5,400.0,15,36.4010684147711,36.34920664726044,36.58394659389393,398.0,-0.7118381533783302,-0.8532971761624264,-0.21301657924028827
Jetson,gemm_fp16,historical/durations_without_filter/gemm/fp16/fp16,envelope_0.5,500.0,12,36.55024696211136,36.44499949032596,36.62659093319918,497.9,-0.3049362574341741,-0.5920110183589289,-0.09669916749464047
Jetson,gemm_fp16,historical/durations_without_filter/gemm/fp16/fp16,envelope_0.5,600.0,15,36.662042823395936,36.51818653622556,36.761581875175764,598.1999999999999,0.0,-0.3923848102609595,0.27150437922762727
Jetson,gemm_int8,historical/durations_without_filter/gemm/int8/int8,envelope_0.5,5.0,15,32.45105682888823,32.2414714109929,32.555262260405236,3.1,-6.220826205048735,-6.826499771654937,-5.919686574245953
Jetson,gemm_int8,historical/durations_without_filter/gemm/int8/int8,envelope_0.5,10.0,6,32.61266361959416,32.45790915316589,33.13484787597532,8.2,-5.753804394573692,-6.201023912854575,-4.244762381231226
Jetson,gemm_int8,historical/durations_without_filter/gemm/int8/int8,envelope_0.5,20.0,15,32.81068021174341,32.6932315374624,33.256735325856134,18.1,-5.181563172743353,-5.520973987480837,-3.8925241041831593
Jetson,gemm_int8,historical/durations_without_filter/gemm/int8/int8,envelope_0.5,50.0,15,33.391711523105315,33.26407123415838,33.789219328720144,48.2,-3.502461114039046,-3.8713243194350766,-2.353717213827533
Jetson,gemm_int8,historical/durations_without_filter/gemm/int8/int8,envelope_0.5,100.0,15,33.918291243454455,33.8539153340109,34.029086939698765,98.2,-1.9807168031555245,-2.1667544915965564,-1.6605321968847564
Jetson,gemm_int8,historical/durations_without_filter/gemm/int8/int8,envelope_0.5,200.0,15,34.20285375070749,34.04585762811603,34.32191206976977,198.1,-1.1583695691679496,-1.61206717116813,-0.8143070982922107
Jetson,gemm_int8,historical/durations_without_filter/gemm/int8/int8,envelope_0.5,300.0,15,34.54480358772526,34.23799104739005,34.635435539022374,298.1,-0.17018069865024632,-1.0568275248008518,0.09173340654773376
Jetson,gemm_int8,historical/durations_without_filter/gemm/int8/int8,envelope_0.5,400.0,15,34.50042817374053,34.26751807810454,34.597525203108894,398.2,-0.2984196550035123,-0.9714983917737285,-0.017822346875062678
Jetson,gemm_int8,historical/durations_without_filter/gemm/int8/int8,envelope_0.5,500.0,15,34.71132614946167,34.63645827346658,34.79018404639288,498.1,0.3110470265422771,0.0946889710365939,0.5389357039560894
Jetson,gemm_int8,historical/durations_without_filter/gemm/int8/int8,envelope_0.5,600.0,15,34.60369239319879,34.24146000937298,34.7599101690634,598.4000000000001,0.0,-1.0468026929317142,0.45144828502554635
Jetson,yolo_fp16,historical/durations_without_filter/yolo/fp16/fp16,envelope_0.5,5.0,15,21.654446380875672,21.59917963068042,21.905929664602894,4.800000000000001,-3.576975817240313,-3.8230678713546795,-2.457169828119976
Jetson,yolo_fp16,historical/durations_without_filter/yolo/fp16/fp16,envelope_0.5,10.0,15,22.02646759234715,21.83033700794935,22.15339034251606,9.8,-1.9204379571039265,-2.793769177387151,-1.355275717736415
Jetson,yolo_fp16,historical/durations_without_filter/yolo/fp16/fp16,envelope_0.5,20.0,15,22.093281050942096,22.008378028298264,22.23102304007729,19.8,-1.6229306636584617,-2.000987255897446,-1.0095924643917398
Jetson,yolo_fp16,historical/durations_without_filter/yolo/fp16/fp16,envelope_0.5,50.0,15,22.19449262423613,22.1421381665619,22.24774364431342,49.8,-1.172255277751355,-1.4053794615612958,-0.9351388765117541
Jetson,yolo_fp16,historical/durations_without_filter/yolo/fp16/fp16,envelope_0.5,100.0,15,22.301389808874173,22.231715690014912,22.363538260496764,99.8,-0.6962629739940107,-1.0065082293800987,-0.4195280462879647
Jetson,yolo_fp16,historical/durations_without_filter/yolo/fp16/fp16,envelope_0.5,200.0,15,22.364885106888575,22.295407678591136,22.433540803065814,199.8,-0.4135308021227746,-0.7229002328183798,-0.10782038420932283
Jetson,yolo_fp16,historical/durations_without_filter/yolo/fp16/fp16,envelope_0.5,300.0,15,22.414691572369797,22.34110034258276,22.489563238830787,299.8,-0.1917523303445745,-0.5194397163246323,0.1416365902859429
Jetson,yolo_fp16,historical/durations_without_filter/yolo/fp16/fp16,envelope_0.5,400.0,15,22.418697813861566,22.329942762158804,22.455183424690926,399.8,-0.1739133187416697,-0.5691222447124389,-0.011450013356539834
Jetson,yolo_fp16,historical/durations_without_filter/yolo/fp16/fp16,envelope_0.5,500.0,9,22.43600904690921,22.386130767908675,22.478987116781123,499.8,-0.09682977601668252,-0.3189280193830135,0.09454318257569039
Jetson,yolo_fp16,historical/durations_without_filter/yolo/fp16/fp16,envelope_0.5,600.0,15,22.457754840619756,22.412066804654685,22.50953919381203,599.8,0.0,-0.2034399087946004,0.23058561979940606
Jetson,yolo_fp32,historical/durations_without_filter/yolo/fp32/fp32,envelope_0.5,5.0,15,23.745774084789005,23.65685262698885,23.980196918741562,4.9,-2.5785921215366825,-2.943408765481992,-1.616829306773493
Jetson,yolo_fp32,historical/durations_without_filter/yolo/fp32/fp32,envelope_0.5,10.0,15,23.791619371999445,23.689802718342598,23.950288193043555,9.9,-2.39050339430944,-2.808224952229843,-1.7395353577510986
Jetson,yolo_fp32,historical/durations_without_filter/yolo/fp32/fp32,envelope_0.5,20.0,15,23.981951921574595,23.926464292829323,24.227769631866202,19.9,-1.6096290846954853,-1.8372772924523662,-0.601116692867032
Jetson,yolo_fp32,historical/durations_without_filter/yolo/fp32/fp32,envelope_0.5,50.0,15,24.158217732291632,24.106467663921396,24.22870982836831,49.9,-0.8864661598071977,-1.0987803383398997,-0.5972593637022516
Jetson,yolo_fp32,historical/durations_without_filter/yolo/fp32/fp32,envelope_0.5,100.0,15,24.16576414457035,24.137792714322135,24.20349112584763,99.9,-0.8555056147435236,-0.9702635546373739,-0.700723731537134
Jetson,yolo_fp32,historical/durations_without_filter/yolo/fp32/fp32,envelope_0.5,200.0,15,24.40135299920784,24.36308497464005,24.450720258484726,199.9,0.1110410144506524,-0.045960598417815746,0.31357928019351
Jetson,yolo_fp32,historical/durations_without_filter/yolo/fp32/fp32,envelope_0.5,300.0,15,24.43978959433154,24.34027552095638,24.50516926543632,299.8,0.26873421904505257,-0.13954057954908006,0.5369663509147138
Jetson,yolo_fp32,historical/durations_without_filter/yolo/fp32/fp32,envelope_0.5,400.0,15,24.44349143110317,24.34074993162332,24.48549187221827,399.9,0.2839216856123983,-0.13759422248692532,0.4562362242052087
Jetson,yolo_fp32,historical/durations_without_filter/yolo/fp32/fp32,envelope_0.5,500.0,15,24.35111675486045,24.283501655156762,24.424439412303357,499.8,-0.09506242245455043,-0.372465811514644,0.2057572725350454
Jetson,yolo_fp32,historical/durations_without_filter/yolo/fp32/fp32,envelope_0.5,600.0,15,24.374287543054916,24.344220612493693,24.408635883158567,599.8,0.0,-0.12335511554179002,0.14092038605426627
Jetson,yolo_int8,historical/durations_without_filter/yolo/int8/int8,envelope_0.5,5.0,15,19.642466807757803,19.436939707022436,19.853810670906597,4.800000000000001,-1.6232067916937987,-2.6525630983955772,-0.5647179713068384
Jetson,yolo_int8,historical/durations_without_filter/yolo/int8/int8,envelope_0.5,10.0,15,19.748474991516584,19.675847644372055,19.85155693348744,9.8,-1.0922783052621954,-1.4560231231219967,-0.5760055281193388
Jetson,yolo_int8,historical/durations_without_filter/yolo/int8/int8,envelope_0.5,20.0,15,19.80395840448765,19.707070262199448,19.892089714142163,19.8,-0.8143966981419726,-1.2996486184587597,-0.3730022587411508
Jetson,yolo_int8,historical/durations_without_filter/yolo/int8/int8,envelope_0.5,50.0,15,19.851520013111923,19.801012223369312,19.944022382853685,49.8,-0.5761904391176853,-0.8291522710274557,-0.11290410199786827
Jetson,yolo_int8,historical/durations_without_filter/yolo/int8/int8,envelope_0.5,100.0,15,19.913458010823746,19.863888558465035,19.959714816192523,99.8,-0.2659818664232372,-0.5142441550587962,-0.03431054831548597
Jetson,yolo_int8,historical/durations_without_filter/yolo/int8/int8,envelope_0.5,200.0,15,19.996162422896465,19.9352669873023,20.051756677501917,199.8,0.14823264764578514,-0.1567543854701814,0.4266693909743102
Jetson,yolo_int8,historical/durations_without_filter/yolo/int8/int8,envelope_0.5,300.0,15,19.244752092173734,19.192136748711444,20.00844188669887,299.8,-3.6151102890417675,-3.878627535324164,0.20973277810398816
Jetson,yolo_int8,historical/durations_without_filter/yolo/int8/int8,envelope_0.5,400.0,15,20.01806001307129,19.967124171924176,20.070090264181935,399.8,0.2579039390101734,0.002798266160497498,0.5184908247707121
Jetson,yolo_int8,historical/durations_without_filter/yolo/int8/int8,envelope_0.5,500.0,11,19.284933810669674,19.259242528031315,19.338044035463707,499.8,-3.413865269772176,-3.542536786649675,-3.147869473371201
Jetson,yolo_int8,historical/durations_without_filter/yolo/int8/int8,envelope_0.5,600.0,15,19.966565454279657,19.908821871919113,20.013085315522794,599.8,0.0,-0.2892013776368718,0.23298879994990696
Hailo,gemm,historical/hailo_durations/gemm,envelope_0.5,5.0,15,3.580716751702437,3.4925140827360055,3.626087203964168,4.999999999999999,-5.363743058440673,-7.694888195589511,-4.164628446609264
Hailo,gemm,historical/hailo_durations/gemm,envelope_0.5,10.0,15,3.643056113584535,3.6014199634482456,3.692637312596773,10.1,-3.7161500546538884,-4.816569237623847,-2.4057478601877014
Hailo,gemm,historical/hailo_durations/gemm,envelope_0.5,20.0,15,3.6705814516748205,3.572595300664903,3.7162322658994538,20.1,-2.9886714104195855,-5.578388276262203,-1.782146995300815
Hailo,gemm,historical/hailo_durations/gemm,envelope_0.5,50.0,15,3.7257802193822545,3.6232626325248973,3.7390867708833366,50.1,-1.529800149202254,-4.239280223617181,-1.1781157479538784
Hailo,gemm,historical/hailo_durations/gemm,envelope_0.5,100.0,15,3.761871557977559,3.663792907842853,3.773111132979054,100.1,-0.5759271037997782,-3.1680886676029973,-0.2788716868222463
Hailo,gemm,historical/hailo_durations/gemm,envelope_0.5,200.0,15,3.7754612306609734,3.7324661082032518,3.779283006141252,200.1,-0.2167599747025628,-1.3530960041324813,-0.11575267605135053
Hailo,gemm,historical/hailo_durations/gemm,envelope_0.5,300.0,15,3.780459915922327,3.674445172162862,3.7839816904559824,300.1,-0.08464763642880291,-2.88655552965833,0.008430812040716162
Hailo,gemm,historical/hailo_durations/gemm,envelope_0.5,400.0,15,3.792578538482505,3.685730161442677,3.8007073385626713,400.1,0.2356404952245983,-2.5882998397717905,0.45047994395994717
Hailo,gemm,historical/hailo_durations/gemm,envelope_0.5,500.0,15,3.7888910125541067,3.6791590599234394,3.7917897938439986,500.1,0.13818133399028376,-2.7619702233529497,0.214794434101373
Hailo,gemm,historical/hailo_durations/gemm,envelope_0.5,600.0,15,3.7836626969657465,3.685461179302491,3.805324297954692,600.0999999999999,0.0,-2.5954088809768017,0.572503489973264
Hailo,random_pattern_yolo,historical/hailo_durations/random_pattern_yolo,reported_legacy,5.0,15,2.0008596849925095,1.9963112094290627,2.0061259570251586,7.0,-1.5413238534541684,-1.7651460863778001,-1.2821801581459402
Hailo,random_pattern_yolo,historical/hailo_durations/random_pattern_yolo,reported_legacy,10.0,15,2.0161604763969447,2.0127398191118338,2.0233606575839254,12.0,-0.7883996594316489,-0.9567240003982791,-0.43409180216277266
Hailo,random_pattern_yolo,historical/hailo_durations/random_pattern_yolo,reported_legacy,20.0,15,2.0056505791622126,2.0038338363787362,2.0075687092283343,22.0,-1.3055726405904133,-1.3949712579455098,-1.2111849389420892
Hailo,random_pattern_yolo,historical/hailo_durations/random_pattern_yolo,reported_legacy,50.0,15,2.0149431397176314,2.011536741853492,2.0170743657505485,52.0,-0.8483025895415497,-1.0159252502644267,-0.7434288218586049
Hailo,random_pattern_yolo,historical/hailo_durations/random_pattern_yolo,reported_legacy,100.0,15,2.026415179731647,2.024539836664124,2.0281354222526646,102.0,-0.283784307249102,-0.3760665382990025,-0.19913429278742845
Hailo,random_pattern_yolo,historical/hailo_durations/random_pattern_yolo,reported_legacy,200.0,15,2.0120788277784163,2.0104343946362584,2.0177603885221624,202.0,-0.9892501850781721,-1.0701697575013491,-0.7096708855044875
Hailo,random_pattern_yolo,historical/hailo_durations/random_pattern_yolo,reported_legacy,300.0,15,2.0134409628034895,2.0123486275785734,2.0145757770325647,302.0,-0.9222219909936658,-0.9759738262473561,-0.8663798409893175
Hailo,random_pattern_yolo,historical/hailo_durations/random_pattern_yolo,reported_legacy,400.0,15,2.0243880897864224,2.0196838956964625,2.0263145760747587,402.0,-0.38353372692794263,-0.6150185861151569,-0.28873483074008943
Hailo,random_pattern_yolo,historical/hailo_durations/random_pattern_yolo,reported_legacy,500.0,15,2.0117987670606703,2.010589895930262,2.0134585007112373,502.0,-1.00303146505335,-1.0625178208555686,-0.9213589823618307
Hailo,random_pattern_yolo,historical/hailo_durations/random_pattern_yolo,reported_legacy,600.0,15,2.0321821938926248,2.0109961816747197,2.037265388652262,602.0,0.0,-1.0425252362497806,0.25013479474989
Hailo,yolo,historical/hailo_durations/yolo,envelope_0.5,5.0,15,3.552629741358455,3.4821685564076144,3.5895716401520468,5.0,-3.647069593151453,-5.558088231236836,-2.645146943538468
Hailo,yolo,historical/hailo_durations/yolo,envelope_0.5,10.0,15,3.584116334514315,3.5206202194366076,3.6141930168389607,10.0,-2.7931034497685414,-4.515218390699083,-1.9773763152579393
Hailo,yolo,historical/hailo_durations/yolo,envelope_0.5,20.0,15,3.6224157948809625,3.5764133479535527,3.6523643353663173,20.0,-1.7543615858566675,-3.002020613123202,-0.9421098604436295
Hailo,yolo,historical/hailo_durations/yolo,envelope_0.5,50.0,15,3.663189322021294,3.650776164848793,3.682510541959719,50.0,-0.6485191229458342,-0.9851835535920617,-0.12449711794212392
Hailo,yolo,historical/hailo_durations/yolo,envelope_0.5,100.0,15,3.6579869859347696,3.64372146822531,3.6812904695099813,100.1,-0.7896146953502492,-1.1765180697929978,-0.1575874100354202
Hailo,yolo,historical/hailo_durations/yolo,envelope_0.5,200.0,15,3.7051321043756094,3.69756604233348,3.7094379770207424,200.1,0.48903538835249893,0.28383183423248415,0.6058174561507146
Hailo,yolo,historical/hailo_durations/yolo,envelope_0.5,300.0,15,3.7035419377647343,3.6921091913518223,3.7105577052968473,300.1,0.44590755799933657,0.1358334158340746,0.6361862557489717
Hailo,yolo,historical/hailo_durations/yolo,envelope_0.5,400.0,15,3.7212851560367777,3.7013725158136452,3.7392775679250834,400.1,0.9271316651605854,0.38706940781358945,1.4151142968272135
Hailo,yolo,historical/hailo_durations/yolo,envelope_0.5,500.0,15,3.6931736945850213,3.6775455411757108,3.7304794826429375,500.1,0.16470442503389027,-0.25915578204163126,1.1764963263037886
Hailo,yolo,historical/hailo_durations/yolo,envelope_0.5,600.0,15,3.687100876286314,3.6574697158338214,3.709833485125021,600.1,0.0,-0.8036438775805288,0.6165442606930638
Jetson,gemm_fp32,memmert_archive/durations/gemm/fp32,envelope_0.5,5.0,15,37.20094876858687,36.65355282865216,37.39358804562731,2.700000000000001,-1.2580796315923237,-2.711024464995726,-0.7467600877903324
Jetson,gemm_fp32,memmert_archive/durations/gemm/fp32,envelope_0.5,10.0,15,36.63213356579906,36.42666820522308,36.7286359578378,7.700000000000001,-2.7678772931358675,-3.313240918097793,-2.5117324413116315
Jetson,gemm_fp32,memmert_archive/durations/gemm/fp32,envelope_0.5,20.0,15,37.32485433986375,37.18505268237509,37.504738058448936,17.700000000000003,-0.9291989321152494,-1.30027237481124,-0.4517362758103549
Jetson,gemm_fp32,memmert_archive/durations/gemm/fp32,envelope_0.5,50.0,15,37.592071456952304,37.42489133239905,37.80056405397975,47.7,-0.21992854600848544,-0.6636722432057263,0.33347022726339937
Jetson,gemm_fp32,memmert_archive/durations/gemm/fp32,envelope_0.5,100.0,15,37.60153451710127,37.420118265041744,37.75896999128663,97.8,-0.19481088738414476,-0.6763413243047078,0.22306773049400874
Jetson,gemm_fp32,memmert_archive/durations/gemm/fp32,envelope_0.5,200.0,15,37.659237161572996,37.372742196321184,37.83616580694689,197.7,-0.04165162359986985,-0.8020909129529352,0.4279674262011257
Jetson,gemm_fp32,memmert_archive/durations/gemm/fp32,envelope_0.5,300.0,15,37.652262862361844,37.5245107246338,37.764519427098016,297.7,-0.06016340139394227,-0.3992539845106946,0.23779751473651523
Jetson,gemm_fp32,memmert_archive/durations/gemm/fp32,envelope_0.5,400.0,15,37.59458152556849,37.46807611109688,37.77391072585722,397.8,-0.21326610852709926,-0.5490475328029376,0.2627246981802944
Jetson,gemm_fp32,memmert_archive/durations/gemm/fp32,envelope_0.5,500.0,15,37.672011656127765,37.51731395262641,37.86027679144421,497.7,-0.00774447429783276,-0.41835626851113306,0.49196485073048635
Jetson,gemm_fp32,memmert_archive/durations/gemm/fp32,envelope_0.5,600.0,15,37.67492938135043,37.57953575225694,37.720317044582785,597.9,0.0,-0.2532018789681234,0.12047179378342765
Jetson,random_pattern_yolo,memmert_archive/durations/random_pattern_yolo_durations,envelope_0.5,5.0,15,15.374791816977389,15.206454965729895,16.19225994637287,4.2,-1.1329920542560767,-2.215475707235992,4.123705337580508
Jetson,random_pattern_yolo,memmert_archive/durations/random_pattern_yolo_durations,envelope_0.5,10.0,15,15.367920296799955,15.265059218844172,16.187110684660514,9.7,-1.1771791006934484,-1.838623309670151,4.090593208018656
Jetson,random_pattern_yolo,memmert_archive/durations/random_pattern_yolo_durations,envelope_0.5,20.0,15,15.046927686273506,14.978249705506837,15.193439105732171,20.1,-3.241309747353649,-3.6829408634678984,-2.2991736947687302
Jetson,random_pattern_yolo,memmert_archive/durations/random_pattern_yolo_durations,envelope_0.5,50.0,15,15.987566566587766,15.95773091934382,16.008707167768613,49.6,2.807432424973766,2.6155754419168398,2.9433762484612824
Jetson,random_pattern_yolo,memmert_archive/durations/random_pattern_yolo_durations,envelope_0.5,100.0,15,15.738874002624826,15.729125189489793,15.762408477650235,99.3,1.2082244493430983,1.1455350811125253,1.3595619865946151
Jetson,random_pattern_yolo,memmert_archive/durations/random_pattern_yolo_durations,envelope_0.5,200.0,15,15.653417434300668,15.633875803280745,15.663270662234888,198.6,0.6586992707197981,0.5330375634057472,0.7220600743040206
Jetson,random_pattern_yolo,memmert_archive/durations/random_pattern_yolo_durations,envelope_0.5,300.0,15,15.716866075056034,15.692667798670248,15.731352396472367,300.1,1.0667033168481277,0.9110972304577469,1.1598570500252814
Jetson,random_pattern_yolo,memmert_archive/durations/random_pattern_yolo_durations,envelope_0.5,400.0,15,15.707506350078246,15.689412174579104,15.727527800195887,399.4,1.0065159650605615,0.8901620648490427,1.1352631306436711
Jetson,random_pattern_yolo,memmert_archive/durations/random_pattern_yolo_durations,envelope_0.5,500.0,15,15.705672813900309,15.66090340810667,15.728860430297464,499.7,0.9947254811287554,0.7068375376030112,1.143832557300617
Jetson,random_pattern_yolo,memmert_archive/durations/random_pattern_yolo_durations,envelope_0.5,600.0,15,15.55098322123265,15.532000055547304,15.590154279557225,599.8,0.0,-0.12207051744116404,0.25188798526316614
