platform,slug,series,window,requested_s,sensor,n,E_median_pct,E_q05_pct,E_q95_pct,P_median_pct,P_q05_pct,P_q95_pct,T_median_pct,T_q05_pct,T_q95_pct
Hailo,gemm,historical/hailo_durations/gemm,envelope_0.5,5.0,firmware,15,1.6905541481597286,-1.1375243950434144,2.2287641218496286,0.13429390092480897,-0.48162955577572886,0.9534269485965606,2.000000000000024,-1.9607843137255054,2.000000000000024
Hailo,gemm,historical/hailo_durations/gemm,envelope_0.5,5.0,hailo_rt,15,-3.8735639539632105,-4.919524345149653,0.29041227805846814,-3.784164939979462,-5.240431344938217,-2.3350375379057846,2.220446049250313e-14,-1.9607843137255054,4.92941176470589
Hailo,gemm,historical/hailo_durations/gemm,envelope_0.5,5.0,shelly,15,30.249333217785956,27.357701403256982,35.95809548413945,23.412634666181866,22.03728366333558,25.5352705507242,6.000000000000005,1.4000000000000234,10.60000000000003
Hailo,gemm,historical/hailo_durations/gemm,envelope_0.5,10.0,firmware,15,0.1405262217136105,-0.4730702925524144,1.3273126357659666,0.4675970128404705,0.12453744512064269,0.8000162839960122,0.0,-0.990099009900991,1.0000000000000009
Hailo,gemm,historical/hailo_durations/gemm,envelope_0.5,10.0,hailo_rt,15,-2.9805177548441364,-4.666181461471112,-1.8678608050460674,-2.521537248211936,-3.2481602349175875,-1.9032918727291444,-0.990099009900991,-1.980198019801963,1.2871287128712872
Hailo,gemm,historical/hailo_durations/gemm,envelope_0.5,10.0,shelly,15,29.30869377273364,27.580090593252823,31.988614479677704,26.4530835239132,25.34988604873309,27.40876654759589,1.980198019801982,0.990099009900991,3.972277227722776
Hailo,gemm,historical/hailo_durations/gemm,envelope_0.5,20.0,firmware,15,0.24846518058398992,-0.14092909372082185,0.471997835502036,0.3674464637649866,0.24429269267435494,0.6635432215776781,0.0,-0.4975124378109541,0.0
Hailo,gemm,historical/hailo_durations/gemm,envelope_0.5,20.0,hailo_rt,15,-2.567768261058978,-3.9554679381591162,-1.6847567908168548,-2.1709221878581597,-2.5402010679082654,-1.8376647786309241,-0.4975124378109541,-1.6417910447761264,0.4975124378109541
Hailo,gemm,historical/hailo_durations/gemm,envelope_0.5,20.0,shelly,15,28.241990496847013,27.182152423738167,33.84954921246292,25.832957096221577,23.675880063365653,26.699164056497924,1.492537313432818,0.995024875621886,7.860696517412918
Hailo,gemm,historical/hailo_durations/gemm,envelope_0.5,50.0,firmware,15,0.3872165862706778,0.2590198206545957,0.45246385432736735,0.4361309238188227,0.3684942136431557,0.5529495780638705,0.0,-0.1996007984031989,0.0
Hailo,gemm,historical/hailo_durations/gemm,envelope_0.5,50.0,hailo_rt,15,-2.1704542812228778,-3.003209513772418,-1.4576685452412999,-1.989068383106507,-2.3766565797052417,-1.2297585683986048,-0.1996007984031989,-0.7185628742514949,0.059880239520974994
Hailo,gemm,historical/hailo_durations/gemm,envelope_0.5,50.0,shelly,15,27.052615451478744,26.485927145715483,27.871271675517526,26.241627557372382,25.863080830111603,27.138614891864684,0.5988023952095745,0.13972055888223922,1.0592814371257517
Hailo,gemm,historical/hailo_durations/gemm,envelope_0.5,100.0,firmware,15,0.418590792521667,0.3066509602205847,0.47287876905085063,0.3852905035459875,0.341600274761531,0.4665277764264486,0.0,-0.09980039920161055,0.09993006993007203
Hailo,gemm,historical/hailo_durations/gemm,envelope_0.5,100.0,hailo_rt,15,-1.9775084364363815,-2.1153407637930153,-1.3996840802178048,-2.06168774747163,-2.129681860088531,-1.429279421960449,0.09990009990010762,-0.09980039920161055,0.12988023952095185
Hailo,gemm,historical/hailo_durations/gemm,envelope_0.5,100.0,shelly,15,27.124196006315437,26.57389666866284,27.833314831883946,26.63107163887133,26.193611708150986,27.251956134102414,0.3996003996004083,0.2694610778443107,0.5294705294705325
Hailo,gemm,historical/hailo_durations/gemm,envelope_0.5,200.0,firmware,15,0.4063586990260548,0.3490945550644664,0.4475184113859121,0.3963569503917075,0.3552495180445314,0.42886381746878754,0.04997501249375258,-0.04995753871315567,0.04997501249375258
Hailo,gemm,historical/hailo_durations/gemm,envelope_0.5,200.0,hailo_rt,15,-2.058836637536232,-2.424162863619795,-1.9710396879240788,-2.0597399566570918,-2.132222985432107,-1.922032561833802,-0.04995004995004271,-0.2998500749625155,0.0649675162418783
Hailo,gemm,historical/hailo_durations/gemm,envelope_0.5,200.0,shelly,15,26.244926685542612,26.099011858525312,26.70776880290747,26.17408063523683,25.954260227054558,26.543273766468193,0.09995002498750516,0.03496503496503767,0.21485510990758122
Hailo,gemm,historical/hailo_durations/gemm,envelope_0.5,300.0,firmware,15,0.404538371125418,0.3684153898674447,0.439049575397239,0.40168864770522283,0.36825261273732757,0.43056975289716526,0.0,-0.03331112591604679,0.03332222592467016
Hailo,gemm,historical/hailo_durations/gemm,envelope_0.5,300.0,hailo_rt,15,-2.071046612595706,-2.101563724490173,-1.6830576549118164,-2.0504772171155428,-2.088048653446668,-1.6855531598556677,0.0,-0.0666289118372887,0.06331222925691538
Hailo,gemm,historical/hailo_durations/gemm,envelope_0.5,300.0,shelly,15,26.180160119939934,25.916382319332605,26.743401220796578,26.054147976011933,25.74877315817544,26.655053491254552,0.06664445184938472,0.0,0.17656894737064108
Hailo,gemm,historical/hailo_durations/gemm,envelope_0.5,400.0,firmware,15,0.40449845639298765,0.3652905989845312,0.43244602148699185,0.3941794829171341,0.37797790546021837,0.42296547310555876,0.0,-0.024987506246865188,0.024993751562107924
Hailo,gemm,historical/hailo_durations/gemm,envelope_0.5,400.0,hailo_rt,15,-2.0703320205120557,-2.2039984076852814,-1.7120563191462423,-2.1014762765445227,-2.1671360956908368,-1.7120563191462423,0.0,-0.05747126436781547,0.08247938015496278
Hailo,gemm,historical/hailo_durations/gemm,envelope_0.5,400.0,shelly,15,26.476863673294847,26.281778742904567,27.445487686164956,26.483955069474362,26.206757325444798,27.358571101730597,0.07498125468632377,-0.0074962518740595546,0.13246688327917197
Hailo,gemm,historical/hailo_durations/gemm,envelope_0.5,500.0,firmware,15,0.40616730314524396,0.3954589783689344,0.4222353196699191,0.4058358796743544,0.38421798671334884,0.4210196617051132,0.0,-0.019992003198709973,0.019996000799826774
Hailo,gemm,historical/hailo_durations/gemm,envelope_0.5,500.0,hailo_rt,15,-2.0653042862825544,-2.094029939718985,-1.7413423581389809,-2.0777135732397034,-2.1091434723145395,-1.7275877439183263,0.019992003198732178,-0.019996000799841207,0.05998800239950253
Hailo,gemm,historical/hailo_durations/gemm,envelope_0.5,500.0,shelly,15,26.116783412890765,25.982604133813215,26.76758326935705,26.06020428994129,25.90422659079919,26.724507118942956,0.03999200159967575,0.013994402239112526,0.0799840031993515
Hailo,gemm,historical/hailo_durations/gemm,envelope_0.5,600.0,firmware,15,0.37488130865963587,0.35270070428210953,0.4074244462016008,0.36717962625947287,0.3479642789192883,0.400383727304634,0.016663889351797856,-0.004998333888700523,0.016663889351797856
Hailo,gemm,historical/hailo_durations/gemm,envelope_0.5,600.0,hailo_rt,15,-2.110472776225114,-2.2037659862849988,-1.7349749031367405,-2.110472776225114,-2.203765986285018,-1.736566564101008,2.220446049250313e-14,-0.03332777870352466,0.02666222296285655
Hailo,gemm,historical/hailo_durations/gemm,envelope_0.5,600.0,shelly,15,26.33711366535707,25.9309168692183,27.361319574848647,26.311969828241686,25.855433940507094,27.312522664313178,0.03332777870357351,2.220446049250313e-14,0.07165472421265749
Hailo,random_pattern_yolo,historical/hailo_durations/random_pattern_yolo,reported_legacy,5.0,firmware,15,0.21830423922188924,-0.04943080388599252,0.634569884832128,0.21830423922188924,-0.04943080388600362,0.634569884832128,0.0,0.0,0.0
Hailo,random_pattern_yolo,historical/hailo_durations/random_pattern_yolo,reported_legacy,5.0,hailo_rt,15,-10.307039354893599,-23.70099085651744,2.7014430934889715,-0.7096798358993794,-1.4624287568969685,-0.5298036707088594,-9.692171428571427,-22.92740714285714,3.3172728571428376
Hailo,random_pattern_yolo,historical/hailo_durations/random_pattern_yolo,reported_legacy,5.0,shelly,15,42.52353677943952,40.53520110907454,44.199267158509095,42.49957422311292,40.81075483499251,45.229168453448196,0.016857142857151786,-1.0847000000000215,0.1704114285714264
Hailo,random_pattern_yolo,historical/hailo_durations/random_pattern_yolo,reported_legacy,10.0,firmware,15,0.06584834535097173,-0.05902432449691908,0.4511716168588074,0.06584834535097173,-0.05902432449693351,0.45117161685882295,0.0,0.0,0.0
Hailo,random_pattern_yolo,historical/hailo_durations/random_pattern_yolo,reported_legacy,10.0,hailo_rt,15,-1.3248283172909159,-1.696466886192891,4.459756922087756,-0.8112959572558531,-0.9812604933095714,-0.5911654569007763,-0.5527333333333329,-0.787312499999997,5.205798333333322
Hailo,random_pattern_yolo,historical/hailo_durations/random_pattern_yolo,reported_legacy,10.0,shelly,15,41.75746393762749,40.89922450697248,42.44814631189277,41.714134840899874,40.84714009877882,42.49255727949055,0.00992500000001062,-0.1771216666666664,0.17263833333333256
Hailo,random_pattern_yolo,historical/hailo_durations/random_pattern_yolo,reported_legacy,20.0,firmware,15,0.21812697374181678,0.11777744926251277,0.31062789547659164,0.21812697374181678,0.11777744926252831,0.310627895476585,0.0,0.0,0.0
Hailo,random_pattern_yolo,historical/hailo_durations/random_pattern_yolo,reported_legacy,20.0,hailo_rt,15,1.205276418849044,-7.005445981441751,8.594892170976399,-0.7550646192968857,-0.8509322942180664,-0.6891903504121555,1.9944318181818188,-6.25431,9.35330363636364
Hailo,random_pattern_yolo,historical/hailo_durations/random_pattern_yolo,reported_legacy,20.0,shelly,15,40.75383343158132,40.13554343586156,42.971223343422736,40.79508639189415,40.17693373151538,43.0005571190435,-0.011654545454542475,-0.3591536363636416,0.15765545454545776
Hailo,random_pattern_yolo,historical/hailo_durations/random_pattern_yolo,reported_legacy,50.0,firmware,15,0.2030616440201527,0.11725317954366155,0.3164771388864396,0.2030616440201527,0.11725317954366155,0.3164771388864329,0.0,0.0,0.0
Hailo,random_pattern_yolo,historical/hailo_durations/random_pattern_yolo,reported_legacy,50.0,hailo_rt,15,-0.9456266267870328,-2.331938709421951,2.1454601960012663,-0.7778121010363348,-0.8394494310687273,-0.7098278613270559,-0.18523846153846169,-1.542056538461537,2.9158671153846103
Hailo,random_pattern_yolo,historical/hailo_durations/random_pattern_yolo,reported_legacy,50.0,shelly,15,39.885987211975625,39.15884380013643,40.27113276350545,39.92724254157003,39.156666192393494,40.307668813177145,-0.006394230769224407,-0.032892692307686655,0.009881923076933138
Hailo,random_pattern_yolo,historical/hailo_durations/random_pattern_yolo,reported_legacy,100.0,firmware,15,0.12331429947640693,0.09003357361755837,0.17259312336981078,0.12331429947642913,0.09003357361756503,0.17259312336979524,0.0,0.0,0.0
Hailo,random_pattern_yolo,historical/hailo_durations/random_pattern_yolo,reported_legacy,100.0,hailo_rt,15,-1.1224687328254546,-1.3657786925323734,-0.43318116290736564,-0.8521659499750478,-0.875076278253677,-0.803062495898268,-0.2847627450980439,-0.5138939215686278,0.3949439215686268
Hailo,random_pattern_yolo,historical/hailo_durations/random_pattern_yolo,reported_legacy,100.0,shelly,15,39.44602617699062,39.044295183844575,39.74633016223095,39.466693378933556,39.009383589102015,39.76103376595182,-0.008761764705889075,-0.05909666666666368,0.13792490196079307
Hailo,random_pattern_yolo,historical/hailo_durations/random_pattern_yolo,reported_legacy,200.0,firmware,15,0.19080639592210513,0.1337184174253725,0.22449085427919346,0.19080639592212734,0.13371841742535695,0.22449085427919346,0.0,0.0,0.0
Hailo,random_pattern_yolo,historical/hailo_durations/random_pattern_yolo,reported_legacy,200.0,hailo_rt,15,-0.7901235032792386,-1.373883526563865,0.198348330013367,-0.8071386067039277,-0.8467743753392964,-0.7715575085004189,-0.00028613861385862194,-0.5572982178217833,1.0369766336633712
Hailo,random_pattern_yolo,historical/hailo_durations/random_pattern_yolo,reported_legacy,200.0,shelly,15,39.50773136853974,39.13050477526685,40.07945908593658,39.51196990794232,39.13104799312459,40.07859115658204,-0.0006148514851478382,-0.014393712871288988,0.08405707920792205
Hailo,random_pattern_yolo,historical/hailo_durations/random_pattern_yolo,reported_legacy,300.0,firmware,15,0.19330151420742236,0.14678099773146824,0.2321106553824892,0.19330151420742236,0.14678099773146824,0.2321106553824892,0.0,0.0,0.0
Hailo,random_pattern_yolo,historical/hailo_durations/random_pattern_yolo,reported_legacy,300.0,hailo_rt,15,-0.6950053336552187,-1.0134631914514225,-0.240108212452832,-0.7897343832677262,-0.8247442151064266,-0.7646512204269862,0.0972854304635895,-0.20410301324503388,0.5625442052980167
Hailo,random_pattern_yolo,historical/hailo_durations/random_pattern_yolo,reported_legacy,300.0,shelly,15,39.839807868457065,39.46553065018928,40.39707338117556,39.84113126565294,39.46782541001829,40.39896149118987,-0.0020913907284869637,-0.026232019867553632,0.002596192052990442
Hailo,random_pattern_yolo,historical/hailo_durations/random_pattern_yolo,reported_legacy,400.0,firmware,15,0.14436463252327503,0.11944243078758188,0.17856716235539638,0.14436463252327503,0.11944243078758188,0.17856716235539638,0.0,0.0,0.0
Hailo,random_pattern_yolo,historical/hailo_durations/random_pattern_yolo,reported_legacy,400.0,hailo_rt,15,-0.8470981258840382,-0.9439820781016295,-0.5702726028723252,-0.8350181554366176,-0.8656482723555214,-0.8093719114404552,-0.02696766169153486,-0.08233368159204389,0.2537938308457695
Hailo,random_pattern_yolo,historical/hailo_durations/random_pattern_yolo,reported_legacy,400.0,shelly,15,39.49578873709103,39.123132240365,39.94834592018565,39.49852075662814,39.12457399780529,39.9492810038837,-0.001339054726368083,-0.005167039801001749,0.0011150497512524278
Hailo,random_pattern_yolo,historical/hailo_durations/random_pattern_yolo,reported_legacy,500.0,firmware,15,0.21784733965333203,0.18525542184445465,0.3110786703010391,0.20842072255695676,0.185255421844448,0.24125603489483005,0.0,0.0,0.08053433894729982
Hailo,random_pattern_yolo,historical/hailo_durations/random_pattern_yolo,reported_legacy,500.0,hailo_rt,15,-0.7649041955894997,-1.0752868429475615,-0.5909314299020263,-0.785026596647509,-0.8115279660943475,-0.7581520705968015,0.0358691235059716,-0.2845150996015877,0.17756768924303223
Hailo,random_pattern_yolo,historical/hailo_durations/random_pattern_yolo,reported_legacy,500.0,shelly,15,39.3040606145709,38.94970836228585,39.82593272412087,39.306956645247304,38.955916427012845,39.82999352400726,-0.0018047808764909412,-0.0052453984063727255,0.08238919691532202
Hailo,random_pattern_yolo,historical/hailo_durations/random_pattern_yolo,reported_legacy,600.0,firmware,15,0.09134355321525067,-0.34945766562283426,0.3551521979974722,0.092172717827399,0.04266048415501267,0.5495503352946085,0.0,-0.6049563453139872,0.004112749523523792
Hailo,random_pattern_yolo,historical/hailo_durations/random_pattern_yolo,reported_legacy,600.0,hailo_rt,15,-0.8395802044074863,-0.9534586078073282,-0.2187763227361967,-0.8748741541873106,-0.9209542247252434,-0.4077843270618986,-0.03306129568105831,-0.03775780730897682,0.3440763024979217
Hailo,random_pattern_yolo,historical/hailo_durations/random_pattern_yolo,reported_legacy,600.0,shelly,15,39.67522233834393,39.333426131524995,40.98139982199713,39.679828988385005,39.33614954971738,40.67303250312674,-0.0024589700996502373,-0.007537790697660362,0.2983043754668263
Hailo,yolo,historical/hailo_durations/yolo,envelope_0.5,5.0,firmware,15,0.7303093620171452,-0.04141195455956698,1.5045361797107624,0.7554530069481036,0.2088348051765032,1.512861139269712,0.0,-0.5882352941176515,0.0
Hailo,yolo,historical/hailo_durations/yolo,envelope_0.5,5.0,hailo_rt,15,-1.675266303206735,-2.6685244879599765,1.968940179113994,-3.294363801286726,-4.190493447385549,-1.592509997236269,2.0000000000000018,-0.5882352941176515,5.799999999999983
Hailo,yolo,historical/hailo_durations/yolo,envelope_0.5,5.0,shelly,15,29.420950901649178,25.24899056420431,37.586604573882354,20.735813541151217,19.67979895612235,23.116475165031666,8.000000000000007,1.9882352941176529,13.80000000000002
Hailo,yolo,historical/hailo_durations/yolo,envelope_0.5,10.0,firmware,15,0.5771413528605773,0.18920097502175937,1.0759329154853778,0.5771413528605773,0.1892009750217749,1.0759329154853778,0.0,0.0,0.0
Hailo,yolo,historical/hailo_durations/yolo,envelope_0.5,10.0,hailo_rt,15,-0.9567148013588822,-1.2884102380612372,0.08209882330838728,-1.4439045341922863,-2.1538542289647875,-1.0022724965563012,1.0000000000000009,0.0,2.0000000000000018
Hailo,yolo,historical/hailo_durations/yolo,envelope_0.5,10.0,shelly,15,29.290076031852518,26.17868458520385,31.58419760319001,23.133405744621438,21.83473236482658,23.825943906021553,5.000000000000004,2.7000000000000024,7.0000000000000036
Hailo,yolo,historical/hailo_durations/yolo,envelope_0.5,20.0,firmware,15,0.592785225390724,0.3070456657796439,0.751418437283573,0.592785225390724,0.3070456657796439,0.751418437283573,0.0,0.0,0.0
Hailo,yolo,historical/hailo_durations/yolo,envelope_0.5,20.0,hailo_rt,15,-0.556774501140378,-1.0357743763652816,-0.09423791792428475,-0.9401694818892414,-1.0813722079183086,-0.6610831186174837,0.5000000000000115,0.0,1.0000000000000009
Hailo,yolo,historical/hailo_durations/yolo,envelope_0.5,20.0,shelly,15,25.57937855066006,22.50264654545313,26.366804797526836,24.04578183952475,22.641573422889646,24.800437190339377,1.5000000000000124,-0.39999999999999236,1.5000000000000124
Hailo,yolo,historical/hailo_durations/yolo,envelope_0.5,50.0,firmware,15,0.4777057464299572,0.3514022073870038,0.7084403450440035,0.44280829163427793,0.30260778625164075,0.5371207675019263,0.0,0.0,0.20000000000000018
Hailo,yolo,historical/hailo_durations/yolo,envelope_0.5,50.0,hailo_rt,15,-0.21620553924983632,-0.6191067810673023,0.026503596640627933,-0.4467039472504153,-0.5908198405886333,-0.24269785955379544,0.20000000000000018,-0.12000000000000008,0.4600000000000002
Hailo,yolo,historical/hailo_durations/yolo,envelope_0.5,50.0,shelly,15,24.49330929194735,24.250581798701173,25.012765280667853,23.94659621843982,23.630803730562903,24.32272239886072,0.40000000000000036,0.20000000000000018,0.6600000000000004
Hailo,yolo,historical/hailo_durations/yolo,envelope_0.5,100.0,firmware,15,0.5064096971941101,0.4572585787258454,0.5671369557418848,0.5038657158397575,0.4435603915102382,0.5671369557418848,0.0,0.0,0.02999999999999659
Hailo,yolo,historical/hailo_durations/yolo,envelope_0.5,100.0,hailo_rt,15,-0.15616660103454638,-0.3286161498925533,0.0011338718547537277,-0.1847421556350648,-0.2373720036979554,-0.10880283665107073,0.0,-0.12987012987012547,0.12987012987013313
Hailo,yolo,historical/hailo_durations/yolo,envelope_0.5,100.0,shelly,15,24.21358196495764,23.74805728367214,24.781183748449074,23.797308919283132,23.215249127000394,24.446074088575774,0.29970029970030065,0.09990009990010762,0.5994005994006235
Hailo,yolo,historical/hailo_durations/yolo,envelope_0.5,200.0,firmware,15,0.432936425598629,0.40127109816534556,0.46612587454748056,0.432936425598629,0.40127109816534556,0.46612587454748056,0.0,0.0,0.0
Hailo,yolo,historical/hailo_durations/yolo,envelope_0.5,200.0,hailo_rt,15,-0.16770194652214743,-0.22868227203483915,-0.13025740926010387,-0.22550887464029,-0.27006888136505536,-0.13679496281566286,0.0,-0.01499250374812577,0.09995002498750516
Hailo,yolo,historical/hailo_durations/yolo,envelope_0.5,200.0,shelly,15,23.79402406245006,23.47203214893486,24.090727079765347,23.578398299704983,23.262586886736656,23.896517939667415,0.14992503748125774,0.08495752123937939,0.2498750624687629
Hailo,yolo,historical/hailo_durations/yolo,envelope_0.5,300.0,firmware,15,0.45224863372557156,0.38236976575096504,0.5111195809881973,0.45224863372557156,0.3823697657509806,0.5111195809881973,0.0,0.0,0.0
Hailo,yolo,historical/hailo_durations/yolo,envelope_0.5,300.0,hailo_rt,15,-0.14805811163572935,-0.20354091836594312,-0.09913129724157702,-0.17519958662292057,-0.22681373882967426,-0.11992002593408159,0.03332222592467016,0.0,0.03332222592469236
Hailo,yolo,historical/hailo_durations/yolo,envelope_0.5,300.0,shelly,15,23.638552606747766,23.424549306812324,24.0916434004887,23.465709167504368,23.31359481705105,23.90995400366879,0.09996667777407708,0.06664445184938472,0.16662779073642442
Hailo,yolo,historical/hailo_durations/yolo,envelope_0.5,400.0,firmware,15,0.41808020811391344,0.40685664655678355,0.48837477459259704,0.41808020811391344,0.40685664655678355,0.4883747745926059,0.0,0.0,0.0
Hailo,yolo,historical/hailo_durations/yolo,envelope_0.5,400.0,hailo_rt,15,-0.1727805573804586,-0.23715520051923789,-0.07105006901740324,-0.20047349013552207,-0.2371552005192301,-0.10350952555960971,2.220446049250313e-14,0.0,0.04998750312421585
Hailo,yolo,historical/hailo_durations/yolo,envelope_0.5,400.0,shelly,15,23.83408986182316,23.560590388691132,24.337974240017225,23.751463584769116,23.486511597831708,24.182784556742135,0.0999750062484317,0.024993751562123467,0.12497813046737694
Hailo,yolo,historical/hailo_durations/yolo,envelope_0.5,500.0,firmware,15,0.45783522048103986,0.4213246021212669,0.48476682917002023,0.45783522048103986,0.4213246021212669,0.4847668291700269,0.0,0.0,0.0
Hailo,yolo,historical/hailo_durations/yolo,envelope_0.5,500.0,hailo_rt,15,-0.13595273415291098,-0.1779313112466907,-0.07590043645730572,-0.15591755767668802,-0.21542272904718995,-0.10046984160972162,0.01999600079984898,0.0,0.045990801839623764
Hailo,yolo,historical/hailo_durations/yolo,envelope_0.5,500.0,shelly,15,23.69607852371376,22.129819859088567,24.324338555043347,23.597220518899608,22.059062460245315,24.273904955041886,0.05998800239950253,0.01999600079984898,0.09998000399920048
Hailo,yolo,historical/hailo_durations/yolo,envelope_0.5,600.0,firmware,15,0.5071056645268746,0.46643405756485734,0.6746348880390073,0.5071056645268746,0.46643405756485734,0.6746348880390073,0.0,0.0,0.0
Hailo,yolo,historical/hailo_durations/yolo,envelope_0.5,600.0,hailo_rt,15,-0.06681895491533751,-0.1505881128806219,0.11039793075717333,-0.08250953203166045,-0.1505881128806219,0.105391444409002,0.01666388935177565,0.0,0.056657223796030415
Hailo,yolo,historical/hailo_durations/yolo,envelope_0.5,600.0,shelly,15,23.83826670525817,23.197034024052186,24.2062952422156,23.75577660254027,23.150137712609627,24.15472821551957,0.049991668055326954,0.011664722546242956,0.08831861356440428
Jetson,gemm_fp16,historical/durations_without_filter/gemm/fp16/fp16,envelope_0.5,5.0,firmware,15,0.1687481583897421,-0.868813328902297,1.384966811769087,0.08921305799463042,-1.1637339104048638,0.9920431813194064,-3.3306690738754696e-14,-3.3306690738754696e-14,0.9999999999999996
Jetson,gemm_fp16,historical/durations_without_filter/gemm/fp16/fp16,envelope_0.5,5.0,jetson,15,-5.299291664212536,-8.093941612949362,-4.85126276535979,-8.328235801823125,-8.6446097068424,-6.780417728825319,3.3333333333333215,-0.9677419354838999,3.44827586206895
Jetson,gemm_fp16,historical/durations_without_filter/gemm/fp16/fp16,envelope_0.5,5.0,shelly,15,-9.176000321296407,-10.877551912178788,-6.061047169866324,-11.120131902864461,-14.00066185974517,-8.040080926709583,3.3333333333333437,-0.9677419354838999,4.41379310344829
Jetson,gemm_fp16,historical/durations_without_filter/gemm/fp16/fp16,envelope_0.5,10.0,firmware,9,-0.21350921251632737,-0.8949836121455257,0.6235041533266861,0.2807283999508803,-0.6057022853325567,0.6235041533266994,0.0,-0.7407407407407596,0.0
Jetson,gemm_fp16,historical/durations_without_filter/gemm/fp16/fp16,envelope_0.5,10.0,jetson,9,-3.04435667808709,-4.025086747191189,-2.3975919480635977,-3.604455748967761,-4.287934264050768,-2.965138172859152,1.2345679012345512,-0.7317073170731581,1.2500000000000178
Jetson,gemm_fp16,historical/durations_without_filter/gemm/fp16/fp16,envelope_0.5,10.0,shelly,9,-4.599539377574747,-5.675386680298435,-3.4321513889542365,-5.762959629067721,-6.704224623479071,-4.630986257062513,1.2345679012345734,-0.7317073170731669,2.499999999999991
Jetson,gemm_fp16,historical/durations_without_filter/gemm/fp16/fp16,envelope_0.5,20.0,firmware,15,0.14916677626486408,-0.1364712336069529,0.4152373989047952,0.1716783488874274,-0.09730758469998158,0.43568669592786374,0.0,-0.16574585635359404,0.0
Jetson,gemm_fp16,historical/durations_without_filter/gemm/fp16/fp16,envelope_0.5,20.0,jetson,15,-1.7695657748522775,-2.0529508503763547,-1.4810183306389384,-2.291403451682794,-2.4561688042523464,-1.9061834721614115,0.5555555555555536,0.0,0.5555555555555536
Jetson,gemm_fp16,historical/durations_without_filter/gemm/fp16/fp16,envelope_0.5,20.0,shelly,15,-2.956377419305889,-3.540183500308135,-2.6110213635400847,-3.334413405516512,-4.073110663289875,-2.882844575973331,0.5555555555555536,-0.16666666666666938,0.5555555555555536
Jetson,gemm_fp16,historical/durations_without_filter/gemm/fp16/fp16,envelope_0.5,50.0,firmware,15,0.13055802554238216,-0.22171340538773454,0.3212937471696818,0.1306128337215995,-0.18989346013212005,0.3212937471696596,0.0,-0.20790020790021346,0.0
Jetson,gemm_fp16,historical/durations_without_filter/gemm/fp16/fp16,envelope_0.5,50.0,jetson,15,-1.4103662939894068,-1.5429085357786665,-1.230900476267738,-1.4880776748746216,-1.747601033625289,-1.3533196761221167,0.20790020790020236,0.0,0.2083333333333437
Jetson,gemm_fp16,historical/durations_without_filter/gemm/fp16/fp16,envelope_0.5,50.0,shelly,15,-2.6103470562955366,-2.8583914194500704,-2.489909573243987,-2.825109991386454,-2.9591943635842397,-2.5348560755094343,2.220446049250313e-14,0.0,0.4166666666666652
Jetson,gemm_fp16,historical/durations_without_filter/gemm/fp16/fp16,envelope_0.5,100.0,firmware,15,0.16244590993874652,-0.022600691107197424,0.33013179879199495,0.15144658935306587,-0.022600691107192983,0.36081663125774754,0.0,-0.10183299389002753,0.03058103975535287
Jetson,gemm_fp16,historical/durations_without_filter/gemm/fp16/fp16,envelope_0.5,100.0,jetson,15,-1.0709495307043015,-1.136845425503592,-0.9710232130842944,-1.1363664806782525,-1.2680647989171623,-0.9826569963804256,0.10193679918450993,-0.030549898167008253,0.20387359836901986
Jetson,gemm_fp16,historical/durations_without_filter/gemm/fp16/fp16,envelope_0.5,100.0,shelly,15,-2.2085021949683648,-2.290613602549506,-2.1450727095258526,-2.3080862049531303,-2.420536984782838,-2.1248401344194137,0.10193679918450993,-0.10183299389002753,0.20387359836901986
Jetson,gemm_fp16,historical/durations_without_filter/gemm/fp16/fp16,envelope_0.5,200.0,firmware,15,0.13475837996284046,0.034762217607976494,0.2613831877280481,0.13475837996284046,0.01917820603669296,0.29336850692272876,0.0,-0.05047955577990315,0.01515151515151686
Jetson,gemm_fp16,historical/durations_without_filter/gemm/fp16/fp16,envelope_0.5,200.0,jetson,15,-0.9868407973002813,-1.0823307160507956,-0.8566892538360693,-1.036796982569066,-1.116470378805492,-0.8913882615899371,0.05047955577990315,0.0,0.05050505050505638
Jetson,gemm_fp16,historical/durations_without_filter/gemm/fp16/fp16,envelope_0.5,200.0,shelly,15,-2.3218317776921737,-2.465196300812323,-2.1772311741261343,-2.3711392831047284,-2.5288405503229203,-2.1772311741261485,2.220446049250313e-14,-0.015143866733967611,0.10101010101009056
Jetson,gemm_fp16,historical/durations_without_filter/gemm/fp16/fp16,envelope_0.5,300.0,firmware,15,0.21074354779822002,0.11914552949190416,0.26602673755989237,0.20104622198489075,0.1191455294919197,0.26602673755989903,-2.220446049250313e-14,-2.220446049250313e-14,0.0335683115139096
Jetson,gemm_fp16,historical/durations_without_filter/gemm/fp16/fp16,envelope_0.5,300.0,jetson,15,-0.9762183558651327,-1.0126946302493323,-0.8592413743406391,-0.99892354656137,-1.0588485943195236,-0.8925100852888401,0.0335683115139096,0.0,0.04363880496809577
Jetson,gemm_fp16,historical/durations_without_filter/gemm/fp16/fp16,envelope_0.5,300.0,shelly,15,-2.287401569988645,-2.403756727534956,-2.1577182600461198,-2.3203519532305705,-2.4027441414937742,-2.2003990155048903,0.0335683115139318,-0.010063737001009264,0.0671366230278636
Jetson,gemm_fp16,historical/durations_without_filter/gemm/fp16/fp16,envelope_0.5,400.0,firmware,15,0.22311667906564914,0.13465831031889142,0.28616471408279054,0.22311667906564914,0.13465831031889808,0.286164714082775,0.0,0.0,0.0
Jetson,gemm_fp16,historical/durations_without_filter/gemm/fp16/fp16,envelope_0.5,400.0,jetson,15,-0.9527748432954897,-1.0122787296479663,-0.8845342238058151,-0.9652780944043204,-1.037139397837038,-0.9094294758657528,0.02512562814069863,0.0,0.025127522508241462
Jetson,gemm_fp16,historical/durations_without_filter/gemm/fp16/fp16,envelope_0.5,400.0,shelly,15,-2.196086133356301,-2.255893569667362,-2.156195119101322,-2.2206538082788496,-2.2761880618569497,-2.1591746009070767,2.220446049250313e-14,0.0,0.05025125628144167
Jetson,gemm_fp16,historical/durations_without_filter/gemm/fp16/fp16,envelope_0.5,500.0,firmware,12,0.22845441579628645,0.15393872910968942,0.25651717677272257,0.22800170961279065,0.15393872910968942,0.2565171767727126,0.0,0.0,0.020084354288019135
Jetson,gemm_fp16,historical/durations_without_filter/gemm/fp16/fp16,envelope_0.5,500.0,jetson,12,-0.9238996436266689,-0.9756327359400763,-0.8680399314168286,-0.9338481168859769,-0.9955171470372687,-0.8879459474948626,0.020084354288019135,0.011044176706834776,0.020084354288019135
Jetson,gemm_fp16,historical/durations_without_filter/gemm/fp16/fp16,envelope_0.5,500.0,shelly,12,-2.283417315894265,-2.355260537356145,-2.175396815555452,-2.31399065951845,-2.36408361232368,-2.195040310170804,0.020084354288019135,0.011044176706844768,0.04016870857603827
Jetson,gemm_fp16,historical/durations_without_filter/gemm/fp16/fp16,envelope_0.5,600.0,firmware,15,0.2521626224009754,0.20111258970462398,0.34556154227435515,0.2521626224009532,0.20111258970461732,0.33382369386269806,2.220446049250313e-14,0.0,0.01671765561412686
Jetson,gemm_fp16,historical/durations_without_filter/gemm/fp16/fp16,envelope_0.5,600.0,jetson,15,-0.8492225071387471,-0.9404529986691512,-0.790573676000258,-0.8823666747780234,-0.9570253524182426,-0.8101766110337993,0.0167196121050317,1.554312234475219e-14,0.03343922420999679
Jetson,gemm_fp16,historical/durations_without_filter/gemm/fp16/fp16,envelope_0.5,600.0,shelly,15,-1.9325729917523349,-2.0654762812857927,-1.868658401957739,-1.9653550164918432,-2.0909139888102155,-1.8714645118050044,0.0167196121050317,-0.016714861281134086,0.05015883631502849
Jetson,gemm_fp32,memmert_archive/durations/gemm/fp32,envelope_0.5,5.0,firmware,15,-0.04524887436410108,-0.47039841552577677,0.9170149741148066,-0.04524887436405667,-0.47039841552574346,0.9170149741148288,-3.3306690738754696e-14,-3.3306690738754696e-14,-3.3306690738754696e-14
Jetson,gemm_fp32,memmert_archive/durations/gemm/fp32,envelope_0.5,5.0,jetson,15,-5.978231785410671,-6.389455491495675,-5.6877884373862075,-9.336152078788851,-9.73268922394225,-9.056081707479553,3.703703703703698,3.703703703703698,3.703703703703698
Jetson,gemm_fp32,memmert_archive/durations/gemm/fp32,envelope_0.5,5.0,shelly,15,-8.094509721652422,-16.274884505697923,-4.630546435469123,-14.30733324214285,-15.686257970581297,-12.800898431916504,7.407407407407374,-1.1111111111111536,11.111111111111072
Jetson,gemm_fp32,memmert_archive/durations/gemm/fp32,envelope_0.5,10.0,firmware,15,0.1923695321435659,-0.6193390681118127,0.5287301485662276,0.28106549790134494,-0.4235526987709459,0.7829778369304334,-1.1102230246251565e-14,-1.292172739541163,0.0
Jetson,gemm_fp32,memmert_archive/durations/gemm/fp32,envelope_0.5,10.0,jetson,15,-2.7979922817893077,-3.70389795546906,-2.444170557907094,-3.9525468952433696,-4.257427517045539,-3.2099275296062797,1.298701298701288,-0.38461538461538314,1.3038277511961693
Jetson,gemm_fp32,memmert_archive/durations/gemm/fp32,envelope_0.5,10.0,shelly,15,-6.512354877759274,-7.628459417447089,-3.942918663008456,-6.3340680032817565,-6.514894860440081,-5.164675273422792,-2.220446049250313e-14,-1.6783216783216912,1.7105263157894854
Jetson,gemm_fp32,memmert_archive/durations/gemm/fp32,envelope_0.5,20.0,firmware,15,0.16875578045050244,-0.07478028046210114,0.37003607178792025,0.20200127801861534,0.045328687616921215,0.3700360717879491,-2.220446049250313e-14,-0.16853932584270923,-2.220446049250313e-14
Jetson,gemm_fp32,memmert_archive/durations/gemm/fp32,envelope_0.5,20.0,jetson,15,-1.7507721756989225,-1.9881745070317924,-1.5751850548121917,-2.297818996083645,-2.3877562155827134,-2.11880781148582,0.5649717514124131,0.3954802259886958,0.5681818181818343
Jetson,gemm_fp32,memmert_archive/durations/gemm/fp32,envelope_0.5,20.0,shelly,15,-3.8196385840552183,-4.681801242146844,-3.134373656534083,-4.370612536682483,-4.603995376672661,-4.198095862943278,0.5649717514124353,-0.16949152542373055,1.1318695428864878
Jetson,gemm_fp32,memmert_archive/durations/gemm/fp32,envelope_0.5,50.0,firmware,15,0.0737922202710184,-0.06992373245009564,0.32892503209099183,0.07030013979720806,-0.09116727468462149,0.24520410225228545,0.0,-0.06276150627614661,0.20964360587001352
Jetson,gemm_fp32,memmert_archive/durations/gemm/fp32,envelope_0.5,50.0,jetson,15,-1.3683365470088638,-1.554775252132038,-1.2185714356459287,-1.5528156683751404,-1.6081384274292532,-1.4142196554958564,0.20964360587001352,0.0,0.20977573419304285
Jetson,gemm_fp32,memmert_archive/durations/gemm/fp32,envelope_0.5,50.0,shelly,15,-3.277295787196688,-3.599507374273243,-3.003593310681173,-3.4920158760047393,-3.690346925140635,-3.386234542963519,0.20964360587001352,-0.20933659640534952,0.48218029350105307
Jetson,gemm_fp32,memmert_archive/durations/gemm/fp32,envelope_0.5,100.0,firmware,15,0.09079216286174141,-0.028271571972008358,0.16382370680680702,0.09500188302513646,-0.028271571972005027,0.2033238122416869,0.0,-0.03064351378958218,0.0
Jetson,gemm_fp32,memmert_archive/durations/gemm/fp32,envelope_0.5,100.0,jetson,15,-1.1827498573577677,-1.297239503706169,-1.087428587008994,-1.2482877861058062,-1.3274846802595086,-1.167863290297474,0.10224948875257045,0.0,0.10228088572966199
Jetson,gemm_fp32,memmert_archive/durations/gemm/fp32,envelope_0.5,100.0,shelly,15,-2.9611223239986773,-3.0905006630666376,-2.84781871498921,-3.0546237126998332,-3.15606458412498,-2.9247087626384394,0.10214504596526286,0.0,0.1329975949915484
Jetson,gemm_fp32,memmert_archive/durations/gemm/fp32,envelope_0.5,200.0,firmware,15,0.07534216288096474,0.026323903426885845,0.1368017220750306,0.07660819837096433,-0.006001900895259423,0.15349292496517727,0.0,-0.050556117290201374,0.050581689428441656
Jetson,gemm_fp32,memmert_archive/durations/gemm/fp32,envelope_0.5,200.0,jetson,15,-1.149276972272406,-1.193063769655598,-1.079574435421804,-1.1500644406425176,-1.2309282436669622,-1.1081997735176619,0.050581689428441656,-0.015159171298633197,0.050581689428441656
Jetson,gemm_fp32,memmert_archive/durations/gemm/fp32,envelope_0.5,200.0,shelly,15,-3.0371846784118306,-3.0839747637365256,-2.93414018627597,-3.1191773674890566,-3.169761187342642,-3.0057727207114726,0.10111223458040275,0.0,0.11633788568539355
Jetson,gemm_fp32,memmert_archive/durations/gemm/fp32,envelope_0.5,300.0,firmware,15,0.11590478272471838,0.02536321341328529,0.1702059103000608,0.11590478272471838,0.02536321341327863,0.17020591030006968,0.0,0.0,6.6613381477509156e-15
Jetson,gemm_fp32,memmert_archive/durations/gemm/fp32,envelope_0.5,300.0,jetson,15,-1.0441588502479782,-1.103361853347471,-1.0073798299430603,-1.0754496824621484,-1.12250138366215,-1.0406244899590633,0.03359086328520444,0.013439729215697364,0.03360215053762605
Jetson,gemm_fp32,memmert_archive/durations/gemm/fp32,envelope_0.5,300.0,shelly,15,-2.8633590684348342,-2.949940205017889,-2.721778423537219,-2.8827606008198448,-2.945223931917924,-2.7870943165681097,0.03359086328520444,-0.010073875083945747,0.06718849892185297
Jetson,gemm_fp32,memmert_archive/durations/gemm/fp32,envelope_0.5,400.0,firmware,15,0.12127351873860714,0.07348313342645518,0.1454531000528969,0.12127351873860714,0.055919751655055805,0.1454531000528969,0.0,0.0,0.025144581342728678
Jetson,gemm_fp32,memmert_archive/durations/gemm/fp32,envelope_0.5,400.0,jetson,15,-1.042204129928137,-1.1105423687932903,-1.0121448431787416,-1.0596206027966626,-1.116448965521758,-1.0210263309855039,0.0,0.0,0.025146478569684216
Jetson,gemm_fp32,memmert_archive/durations/gemm/fp32,envelope_0.5,400.0,shelly,15,-2.9543816126749944,-3.074375368748712,-2.794864075120367,-2.9632837627804,-3.089152526165376,-2.8363806890400056,0.02513826043237799,0.0,0.05784139081409287
Jetson,gemm_fp32,memmert_archive/durations/gemm/fp32,envelope_0.5,500.0,firmware,15,0.10945900578940293,0.06080788748836774,0.1471621413857882,0.10972288626587279,0.06080788748836774,0.14716214138577266,0.0,-0.0060265166733630676,0.0
Jetson,gemm_fp32,memmert_archive/durations/gemm/fp32,envelope_0.5,500.0,jetson,15,-1.0200708810959913,-1.0541447288938866,-0.9737892516480484,-1.0200708810959802,-1.0696795603756493,-0.9909542789168602,0.020092425155726623,-0.0060265166733630676,0.020092425155726623
Jetson,gemm_fp32,memmert_archive/durations/gemm/fp32,envelope_0.5,500.0,shelly,15,-2.80694918523009,-2.8530577234235133,-2.736566249652541,-2.82377898600481,-2.8603150937929165,-2.758856303338033,0.020092425155726623,-0.026117327331273144,0.04018485031143104
Jetson,gemm_fp32,memmert_archive/durations/gemm/fp32,envelope_0.5,600.0,firmware,15,0.09580080580455785,0.047568680106861994,0.17590981584387322,0.09580080580458006,0.047568680106861994,0.18093571276759587,0.0,-0.005015883631499517,0.005017561465143742
Jetson,gemm_fp32,memmert_archive/durations/gemm/fp32,envelope_0.5,600.0,jetson,15,-1.0471147207584797,-1.0908606193693327,-1.0019497675729228,-1.0523939975867314,-1.0917282590217547,-1.0131127711710775,0.01672520488378293,1.554312234475219e-14,0.016731086151402508
Jetson,gemm_fp32,memmert_archive/durations/gemm/fp32,envelope_0.5,600.0,shelly,15,-2.8069490437422684,-2.8546588993259414,-2.5803133985292592,-2.8232020622968257,-2.856290702379982,-2.5803133985292694,2.220446049250313e-14,0.0,0.021742766348888925
Jetson,gemm_int8,historical/durations_without_filter/gemm/int8/int8,envelope_0.5,5.0,firmware,15,-0.05130152187182713,-0.30388822056038656,0.5080014414082834,-0.05130152187183823,-0.3038882205603899,0.5080014414082834,2.220446049250313e-14,2.220446049250313e-14,2.220446049250313e-14
Jetson,gemm_int8,historical/durations_without_filter/gemm/int8/int8,envelope_0.5,5.0,jetson,15,-5.313815398539001,-7.208110384045074,-4.822001300727965,-8.213587793012989,-8.440843759115548,-7.270474445016268,3.2258064516129448,4.440892098500626e-14,3.2258064516129448
Jetson,gemm_int8,historical/durations_without_filter/gemm/int8/int8,envelope_0.5,5.0,shelly,15,-9.69229617626537,-12.198394631874285,-7.601635485461143,-14.12606969266249,-15.72531799581526,-9.445659283585844,3.2258064516129004,-0.9677419354838632,7.4193548387096735
Jetson,gemm_int8,historical/durations_without_filter/gemm/int8/int8,envelope_0.5,10.0,firmware,6,0.36962670540793274,-0.01363830189223536,0.4260042177967771,0.36962670540791054,-0.013638301892265892,0.4260042177967549,2.220446049250313e-14,2.220446049250313e-14,2.220446049250313e-14
Jetson,gemm_int8,historical/durations_without_filter/gemm/int8/int8,envelope_0.5,10.0,jetson,6,-2.71625801838995,-2.842442821844088,-2.5480630930249633,-3.8883512952768484,-4.013015799894171,-3.7221828147957687,1.2195121951219745,1.2195121951219745,1.2195121951219745
Jetson,gemm_int8,historical/durations_without_filter/gemm/int8/int8,envelope_0.5,10.0,shelly,6,-5.815194588144923,-6.269462388326633,-3.95110457051048,-6.246526045016093,-7.724716135003314,-5.3488729267372355,0.6097560975609984,-0.9146341463414476,3.963414634146367
Jetson,gemm_int8,historical/durations_without_filter/gemm/int8/int8,envelope_0.5,20.0,firmware,15,0.46275990406323686,0.17299049842653735,0.7740059500462748,0.23378604353361254,0.05726836381550361,0.4943378650129614,0.0,0.0,0.5524861878453136
Jetson,gemm_int8,historical/durations_without_filter/gemm/int8/int8,envelope_0.5,20.0,jetson,15,-2.037621278401325,-2.340286601902346,-1.799146213938012,-2.2645236661207435,-2.4728788156872414,-2.019881008043604,0.0,-0.1648351648351609,0.5524861878453136
Jetson,gemm_int8,historical/durations_without_filter/gemm/int8/int8,envelope_0.5,20.0,shelly,15,-4.282571314125128,-4.652843087672577,-3.6677125611608865,-4.654570039116301,-5.270733616601115,-4.142236623851273,0.5524861878452914,-0.5503612409689695,1.6574585635358963
Jetson,gemm_int8,historical/durations_without_filter/gemm/int8/int8,envelope_0.5,50.0,firmware,15,0.32256850777430124,0.2473738825037275,0.43259496065332964,0.32256850777430124,0.24737388250371195,0.4325949606533141,0.0,0.0,0.0
Jetson,gemm_int8,historical/durations_without_filter/gemm/int8/int8,envelope_0.5,50.0,jetson,15,-1.593865989105503,-1.65200436190297,-1.517185857319201,-1.593865989105514,-1.6654905203796289,-1.500770943578713,0.0,-0.0622406639004147,0.062370062370060486
Jetson,gemm_int8,historical/durations_without_filter/gemm/int8/int8,envelope_0.5,50.0,shelly,15,-3.6356461393038053,-3.9189129584409543,-3.503674426801313,-3.6166256530967056,-3.971390873783217,-3.3507288438849527,0.0,-0.2697095435684671,0.4151965562753901
Jetson,gemm_int8,historical/durations_without_filter/gemm/int8/int8,envelope_0.5,100.0,firmware,15,0.35686986470286897,0.2581746795540818,0.40621346324827057,0.35686986470289117,0.25817467955406626,0.406213463248255,0.0,0.0,0.0
Jetson,gemm_int8,historical/durations_without_filter/gemm/int8/int8,envelope_0.5,100.0,jetson,15,-1.3761978968715782,-1.4424672230829105,-1.298474139054604,-1.4082937119013539,-1.498274453473194,-1.3707114295288314,0.10172939979655737,0.0,0.10183299389001643
Jetson,gemm_int8,historical/durations_without_filter/gemm/int8/int8,envelope_0.5,100.0,shelly,15,-3.2147708301956124,-3.2572034908809386,-3.071521623763102,-3.2089381677159245,-3.3861179268762287,-3.098815721583048,0.0,-0.1323207356009437,0.23421588594703768
Jetson,gemm_int8,historical/durations_without_filter/gemm/int8/int8,envelope_0.5,200.0,firmware,15,0.39882699709998803,0.2774316776471908,0.47885341032402934,0.357246711993775,0.30015917762941546,0.45603121283882553,0.0,-0.06057546693589043,0.05047955577990315
Jetson,gemm_int8,historical/durations_without_filter/gemm/int8/int8,envelope_0.5,200.0,jetson,15,-1.2678831792968914,-1.2944104646317256,-1.2220292926097565,-1.2891251214474542,-1.3294650300442312,-1.2531404909033128,0.05047955577990315,0.0,0.05047955577990315
Jetson,gemm_int8,historical/durations_without_filter/gemm/int8/int8,envelope_0.5,200.0,shelly,15,-3.1128154005062525,-3.1630227054046167,-3.0520434196688573,-3.119166345970037,-3.199506462859869,-3.034225424991285,0.0,-0.050461727480689555,0.0656234225138807
Jetson,gemm_int8,historical/durations_without_filter/gemm/int8/int8,envelope_0.5,300.0,firmware,15,0.3818517577137692,0.2956130503772947,0.41282977863446924,0.3818517577137692,0.29561305037727914,0.41282977863446924,0.0,0.0,0.0
Jetson,gemm_int8,historical/durations_without_filter/gemm/int8/int8,envelope_0.5,300.0,jetson,15,-1.2388970137902855,-1.2946665408309332,-1.1760162904551152,-1.2675723156313823,-1.3277669209312504,-1.2091564593717974,0.03354579000334201,0.02348205300233941,0.03354579000334201
Jetson,gemm_int8,historical/durations_without_filter/gemm/int8/int8,envelope_0.5,300.0,shelly,15,-3.2126400082141404,-3.257681967758944,-3.1481251777593933,-3.209312423136945,-3.2632693985515338,-3.1481251777593933,0.0,-0.04360952700436682,0.03354579000334201
Jetson,gemm_int8,historical/durations_without_filter/gemm/int8/int8,envelope_0.5,400.0,firmware,15,0.3839500841318344,0.33231260569036136,0.4173735789533173,0.3839500841318122,0.33231260569036136,0.40908204336755016,0.0,0.0,0.007535795026372112
Jetson,gemm_int8,historical/durations_without_filter/gemm/int8/int8,envelope_0.5,400.0,jetson,15,-1.2187174314853055,-1.253744113609886,-1.1907052205719537,-1.2334069090674138,-1.2537441136099226,-1.1907052205719837,2.220446049250313e-14,2.220446049250313e-14,0.02511490100329139
Jetson,gemm_int8,historical/durations_without_filter/gemm/int8/int8,envelope_0.5,400.0,shelly,15,-2.985194368714106,-3.033585722527956,-2.9330691275893095,-2.9832409403346305,-3.0518907912752535,-2.908686577759524,0.0,-0.02511300853841325,0.025113008538431014
Jetson,gemm_int8,historical/durations_without_filter/gemm/int8/int8,envelope_0.5,500.0,firmware,15,0.39524591424944244,0.37803694691134426,0.4281280460621284,0.39524591424944244,0.3780369469113354,0.4281280460621373,0.0,0.0,0.0
Jetson,gemm_int8,historical/durations_without_filter/gemm/int8/int8,envelope_0.5,500.0,jetson,15,-1.1966635884404608,-1.21606237983928,-1.1685104997853624,-1.2160910938542768,-1.2304057226684906,-1.1883482134546386,0.020076289901638233,0.014053402931146765,0.020076289901638233
Jetson,gemm_int8,historical/durations_without_filter/gemm/int8/int8,envelope_0.5,500.0,shelly,15,-3.1498467579233913,-3.1944477023140947,-3.1117118825541836,-3.1511158269341144,-3.186955604581847,-3.113968037954342,0.0,-0.006022886970484807,0.02609917687212302
Jetson,gemm_int8,historical/durations_without_filter/gemm/int8/int8,envelope_0.5,600.0,firmware,15,0.40079800159174006,0.3820063309202726,0.47070016410996945,0.40079800159176227,0.38200633092028813,0.47070016410996945,-2.220446049250313e-14,-2.220446049250313e-14,0.0
Jetson,gemm_int8,historical/durations_without_filter/gemm/int8/int8,envelope_0.5,600.0,jetson,15,-1.1699719773923478,-1.2153717935620456,-1.089144583367212,-1.175862175853093,-1.2216686772697116,-1.09410788111319,0.016711229946508865,0.0,0.016716538553780413
Jetson,gemm_int8,historical/durations_without_filter/gemm/int8/int8,envelope_0.5,600.0,shelly,15,-2.8927144588798748,-2.925306382977233,-2.820396488903405,-2.881737412793406,-2.940127172202145,-2.8155818508644983,-2.220446049250313e-14,-0.03341855083341394,0.03342804613069683
Jetson,random_pattern_yolo,memmert_archive/durations/random_pattern_yolo_durations,envelope_0.5,5.0,firmware,15,2.825922232389111,2.2412590298034685,4.351505350290763,2.825922232389111,2.2412590298034685,4.351505350290763,0.0,0.0,0.0
Jetson,random_pattern_yolo,memmert_archive/durations/random_pattern_yolo_durations,envelope_0.5,5.0,jetson,15,-4.134647973965356,-5.08179280337097,-0.27995377668479193,-4.522210663016535,-7.157205190666363,-3.664405752365966,2.220446049250313e-14,2.220446049250313e-14,6.96969696969698
Jetson,random_pattern_yolo,memmert_archive/durations/random_pattern_yolo_durations,envelope_0.5,5.0,shelly,15,-13.445611353591413,-30.894768086995672,-1.7247157841185377,-9.751229577170895,-13.839361146750601,-0.23433502331923958,-4.761904761904745,-30.95238095238093,13.030303030303036
Jetson,random_pattern_yolo,memmert_archive/durations/random_pattern_yolo_durations,envelope_0.5,10.0,firmware,15,3.083941462195172,2.5736607385031185,3.6035231300038095,3.07328393679287,2.3224925875672553,3.603523130003794,0.0,0.0,0.3658536585365911
Jetson,random_pattern_yolo,memmert_archive/durations/random_pattern_yolo_durations,envelope_0.5,10.0,jetson,15,-2.8029191514601814,-3.9820729898213356,-2.0180002075943393,-3.2397073412084754,-4.3118890967649,-2.6571464530748137,0.0,-1.0309278350515427,2.4184543050249685
Jetson,random_pattern_yolo,memmert_archive/durations/random_pattern_yolo_durations,envelope_0.5,10.0,shelly,15,-13.366697649774128,-18.17119840322012,-10.36424765791569,-5.841387437581503,-7.099966869468602,-4.60719611955494,-7.216494845360821,-13.855421686746988,-3.970935287541914
Jetson,random_pattern_yolo,memmert_archive/durations/random_pattern_yolo_durations,envelope_0.5,20.0,firmware,15,2.8374367381435617,2.530134545279281,3.229795244030515,2.8374367381435617,2.530134545279281,3.229795244030515,0.0,0.0,0.0
Jetson,random_pattern_yolo,memmert_archive/durations/random_pattern_yolo_durations,envelope_0.5,20.0,jetson,15,-2.0150436004678474,-2.6168290774648284,-1.7885253292336925,-2.7309921962473616,-2.9769277655564497,-2.402035956276416,0.5347593582887722,0.34825870646765233,1.0173730279085835
Jetson,random_pattern_yolo,memmert_archive/durations/random_pattern_yolo_durations,envelope_0.5,20.0,shelly,15,-6.720504733596522,-10.929839745838716,-4.32558634675364,-7.272110904832674,-7.783077219012974,-5.77037510144433,0.5347593582887722,-4.975124378109452,3.482587064676612
Jetson,random_pattern_yolo,memmert_archive/durations/random_pattern_yolo_durations,envelope_0.5,50.0,firmware,15,2.8341130287018457,2.6426844721823506,3.1248906271731047,2.8426551384224563,2.6695711917905607,3.124890627173098,0.0,-0.06036217303822976,0.0
Jetson,random_pattern_yolo,memmert_archive/durations/random_pattern_yolo_durations,envelope_0.5,50.0,jetson,15,-1.8084994806024657,-1.9997279361552711,-1.5664581335818328,-1.9494835308107916,-2.039564722532415,-1.7645135498120446,0.20161290322580072,0.0,0.20161290322580072
Jetson,random_pattern_yolo,memmert_archive/durations/random_pattern_yolo_durations,envelope_0.5,50.0,shelly,15,-7.37488094133184,-8.068005811664262,-5.748158452424844,-5.845021017443708,-6.238957360281049,-5.598822278551788,-1.6129032258064613,-2.6156941649899346,0.2620967741935407
Jetson,random_pattern_yolo,memmert_archive/durations/random_pattern_yolo_durations,envelope_0.5,100.0,firmware,15,2.9388667733073026,2.7538370624889397,3.046777727506893,2.9388667733072804,2.7538370624889175,3.046777727506893,0.0,0.0,0.0
Jetson,random_pattern_yolo,memmert_archive/durations/random_pattern_yolo_durations,envelope_0.5,100.0,jetson,15,-1.6903893968395534,-1.8493871731972977,-1.645940722458774,-1.6964012195804679,-1.8493871731973088,-1.6624204727091763,0.0,0.0,0.10070493454179541
Jetson,random_pattern_yolo,memmert_archive/durations/random_pattern_yolo_durations,envelope_0.5,100.0,shelly,15,-6.539232049462984,-6.981463999365946,-5.811536545624116,-5.974822811125269,-6.257923308566947,-5.570528122391967,-0.8056394763343411,-1.44008056394763,0.302114803625364
Jetson,random_pattern_yolo,memmert_archive/durations/random_pattern_yolo_durations,envelope_0.5,200.0,firmware,15,2.872243919449513,2.8039434420417897,2.9927755671763157,2.872243919449513,2.803943442041774,2.9773131282897203,0.0,0.0,0.015113350125943672
Jetson,random_pattern_yolo,memmert_archive/durations/random_pattern_yolo_durations,envelope_0.5,200.0,jetson,15,-1.5953951217783757,-1.6310598916050834,-1.5003426223962313,-1.6415523096630968,-1.6615411267791647,-1.5526625915921022,0.050352467270897705,0.0,0.06547342734151579
Jetson,random_pattern_yolo,memmert_archive/durations/random_pattern_yolo_durations,envelope_0.5,200.0,shelly,15,-5.919222091104714,-6.311672245999846,-5.789664949089867,-5.9032458703232145,-6.0233900147579815,-5.691477119906935,0.050352467270897705,-0.5488418932527706,0.1661935817726667
Jetson,random_pattern_yolo,memmert_archive/durations/random_pattern_yolo_durations,envelope_0.5,300.0,firmware,15,2.9411477841320366,2.8464743914171486,3.067421975697049,2.9411477841320366,2.8596846799170073,3.0674219756970644,0.0,-0.033322225924703464,0.0
Jetson,random_pattern_yolo,memmert_archive/durations/random_pattern_yolo_durations,envelope_0.5,300.0,jetson,15,-1.5364821013037377,-1.6183244377727901,-1.4767897798150587,-1.555169855055616,-1.6183244377727934,-1.4767897798150542,0.0,-2.220446049250313e-14,0.010000000000005525
Jetson,random_pattern_yolo,memmert_archive/durations/random_pattern_yolo_durations,envelope_0.5,300.0,shelly,15,-5.932644061562165,-6.330131638204262,-5.519238054043917,-5.7412744042828585,-6.029297852869761,-5.492587537781972,-0.2665778073975389,-0.6568364611260125,0.14328557147617713
Jetson,random_pattern_yolo,memmert_archive/durations/random_pattern_yolo_durations,envelope_0.5,400.0,firmware,15,2.9076256736360273,2.8687275006174784,2.959532394599871,2.914584905237172,2.8687275006174784,2.959532394599871,0.0,-0.007511266900348533,0.0
Jetson,random_pattern_yolo,memmert_archive/durations/random_pattern_yolo_durations,envelope_0.5,400.0,jetson,15,-1.5648482751253412,-1.624738609389651,-1.5213189744631417,-1.5648482751253412,-1.6247386093896588,-1.5213189744631384,0.0,0.0,0.007513148009010679
Jetson,random_pattern_yolo,memmert_archive/durations/random_pattern_yolo_durations,envelope_0.5,400.0,shelly,15,-5.874891377567937,-6.1595124424813665,-5.757481925463915,-5.851056573827995,-5.927328610679861,-5.779849090557203,-0.025037556334484012,-0.3580370555833645,0.10015022533802487
Jetson,random_pattern_yolo,memmert_archive/durations/random_pattern_yolo_durations,envelope_0.5,500.0,firmware,15,2.8655776521745446,2.7714344655992784,2.9484260733523593,2.8655776521745446,2.777602541207047,2.948426073352375,0.0,-0.02000800320128837,0.00600360216129523
Jetson,random_pattern_yolo,memmert_archive/durations/random_pattern_yolo_durations,envelope_0.5,500.0,jetson,15,-1.6148456621706386,-1.7044714908767722,-1.5168194931944867,-1.6345305670001364,-1.7182396460224103,-1.5365240111030098,0.020012007204317506,0.0,0.020012007204317506
Jetson,random_pattern_yolo,memmert_archive/durations/random_pattern_yolo_durations,envelope_0.5,500.0,shelly,15,-6.356211289427105,-6.553083153491257,-6.10084754986236,-6.325455068554675,-6.441094846990923,-6.004685458228369,-0.020012007204317506,-0.3261752970149412,-0.020012007204317506
Jetson,random_pattern_yolo,memmert_archive/durations/random_pattern_yolo_durations,envelope_0.5,600.0,firmware,15,3.0326247777281212,2.94074134744589,3.271468449596042,3.024562704184297,2.9407413474458677,3.2714684495960333,2.220446049250313e-14,-0.01667222407467639,0.005002501250648255
Jetson,random_pattern_yolo,memmert_archive/durations/random_pattern_yolo_durations,envelope_0.5,600.0,jetson,15,-1.4334467452050248,-1.5106237288917779,-1.164454490058964,-1.4416615729768267,-1.510623728891789,-1.1644544900589673,0.0,0.0,0.005002501250641594
Jetson,random_pattern_yolo,memmert_archive/durations/random_pattern_yolo_durations,envelope_0.5,600.0,shelly,15,-5.61826169641858,-5.704791129869924,-5.3666097248968105,-5.4827993316378665,-5.623086518322877,-5.3202558382885226,-0.10003334444813605,-0.20842420765789127,0.038346115371818965
Jetson,yolo_fp16,historical/durations_without_filter/yolo/fp16/fp16,envelope_0.5,5.0,firmware,15,-0.19366835951291073,-1.0250901989638739,0.07238036628866239,-0.19366835951292183,-1.0250901989638772,0.07238036628866239,0.0,0.0,0.0
Jetson,yolo_fp16,historical/durations_without_filter/yolo/fp16/fp16,envelope_0.5,5.0,jetson,15,-3.154799227034688,-4.512537154728305,-2.588831446500719,-4.635296799152933,-5.160980620754382,-3.911645645693426,2.083333333333326,0.0,2.083333333333326
Jetson,yolo_fp16,historical/durations_without_filter/yolo/fp16/fp16,envelope_0.5,5.0,shelly,15,-6.914292017773249,-9.144705879480194,-5.19897602621931,-9.156616790491679,-10.384037090665208,-8.410077128166767,2.083333333333326,1.4583333333333215,4.166666666666658
Jetson,yolo_fp16,historical/durations_without_filter/yolo/fp16/fp16,envelope_0.5,10.0,firmware,15,-0.33013817462341777,-0.7383569801708678,0.16420083466446572,-0.33013817462340667,-0.7383569801708645,0.16420083466446572,0.0,0.0,0.0
Jetson,yolo_fp16,historical/durations_without_filter/yolo/fp16/fp16,envelope_0.5,10.0,jetson,15,-2.323905904767931,-2.8829656384713576,-1.6333976092613194,-2.912821951004929,-3.417648448697186,-2.39651486369625,1.0204081632652962,0.0,1.0204081632652962
Jetson,yolo_fp16,historical/durations_without_filter/yolo/fp16/fp16,envelope_0.5,10.0,shelly,15,-5.69160084743805,-6.227662881303493,-4.840800478607174,-6.824721640374676,-7.307965532359378,-6.4003127417166095,1.0204081632652962,1.0204081632652962,2.0408163265306145
Jetson,yolo_fp16,historical/durations_without_filter/yolo/fp16/fp16,envelope_0.5,20.0,firmware,15,-0.23698411988538615,-0.46653252475580165,0.07031698749139503,-0.23698411988539725,-0.46653252475581275,0.07031698749139503,0.0,0.0,0.0
Jetson,yolo_fp16,historical/durations_without_filter/yolo/fp16/fp16,envelope_0.5,20.0,jetson,15,-1.6581717230739867,-2.024074403645569,-1.3183257322577937,-1.9660049184836104,-2.222692113900738,-1.71686337094215,0.5050505050504972,2.220446049250313e-14,0.5050505050504972
Jetson,yolo_fp16,historical/durations_without_filter/yolo/fp16/fp16,envelope_0.5,20.0,shelly,15,-4.73939498780619,-5.28289718730345,-4.211111669179846,-5.369749229616039,-5.758862528070757,-5.161499988511818,0.5050505050504972,0.5050505050504972,1.0101010101010166
Jetson,yolo_fp16,historical/durations_without_filter/yolo/fp16/fp16,envelope_0.5,50.0,firmware,15,-0.1963099289872039,-0.38391907707480355,-0.009913002072535813,-0.1963099289872039,-0.3839190770747991,-0.009913002072543585,0.0,0.0,0.0
Jetson,yolo_fp16,historical/durations_without_filter/yolo/fp16/fp16,envelope_0.5,50.0,jetson,15,-1.2798414590174723,-1.5115775361501471,-1.1359782990968936,-1.4489726026436722,-1.5994517892006255,-1.3287022481442023,0.20080321285143032,0.0,0.20080321285143032
Jetson,yolo_fp16,historical/durations_without_filter/yolo/fp16/fp16,envelope_0.5,50.0,shelly,15,-4.593066800358258,-4.892819432250086,-4.42498956892031,-4.835489796847803,-5.060960126069991,-4.731410347217232,0.20080321285143032,0.0,0.4016064257028229
Jetson,yolo_fp16,historical/durations_without_filter/yolo/fp16/fp16,envelope_0.5,100.0,firmware,15,-0.2623781471577491,-0.38120733119884176,-0.09231191955055956,-0.2623781471577491,-0.38120733119884953,-0.09231191955055956,0.0,0.0,0.0
Jetson,yolo_fp16,historical/durations_without_filter/yolo/fp16/fp16,envelope_0.5,100.0,jetson,15,-1.231079107189792,-1.3072476216277107,-1.0780126921336164,-1.2866600112724669,-1.4060391655500115,-1.1770337004498121,0.10020040080160886,0.0,0.10020040080160886
Jetson,yolo_fp16,historical/durations_without_filter/yolo/fp16/fp16,envelope_0.5,100.0,shelly,15,-4.489545233079594,-4.634854174244487,-4.305869475290454,-4.585151293907352,-4.71035810977059,-4.427521859923007,0.10020040080160886,0.0,0.20040080160321772
Jetson,yolo_fp16,historical/durations_without_filter/yolo/fp16/fp16,envelope_0.5,200.0,firmware,15,-0.20859216514866885,-0.34363566150834024,-0.16371982784732628,-0.20859216514866885,-0.343635661508348,-0.16371982784732295,0.0,0.0,0.0
Jetson,yolo_fp16,historical/durations_without_filter/yolo/fp16/fp16,envelope_0.5,200.0,jetson,15,-1.2272823857237158,-1.281346880166796,-1.118357199650608,-1.2362471725032242,-1.330730898735999,-1.1311685693636797,0.05005005005005447,0.0,0.05005005005005447
Jetson,yolo_fp16,historical/durations_without_filter/yolo/fp16/fp16,envelope_0.5,200.0,shelly,15,-4.264899375454057,-4.378508756209188,-4.108109111189577,-4.337977863588305,-4.445597423232145,-4.178812673180734,0.05005005005005447,0.0,0.11511511511511857
Jetson,yolo_fp16,historical/durations_without_filter/yolo/fp16/fp16,envelope_0.5,300.0,firmware,15,-0.20032271603671603,-0.249373481125178,-0.16584695940599636,-0.20032271603669383,-0.24937348112516688,-0.16584695940596972,-2.220446049250313e-14,-2.220446049250313e-14,-2.220446049250313e-14
Jetson,yolo_fp16,historical/durations_without_filter/yolo/fp16/fp16,envelope_0.5,300.0,jetson,15,-1.1339915232087883,-1.222669757389272,-1.03582558546647,-1.1499469295853992,-1.2476754545451452,-1.0688246432906034,0.03335557038026682,0.0,0.03335557038026682
Jetson,yolo_fp16,historical/durations_without_filter/yolo/fp16/fp16,envelope_0.5,300.0,shelly,15,-4.204408166430862,-4.34738490431088,-4.113168265803744,-4.243138924290202,-4.356946511983782,-4.177092820293204,0.03335557038026682,0.0,0.06671114076051143
Jetson,yolo_fp16,historical/durations_without_filter/yolo/fp16/fp16,envelope_0.5,400.0,firmware,15,-0.2359550402174837,-0.294663662817124,-0.13078344308772646,-0.2359550402174948,-0.29466366281713174,-0.13078344308772646,0.0,0.0,0.0
Jetson,yolo_fp16,historical/durations_without_filter/yolo/fp16/fp16,envelope_0.5,400.0,jetson,15,-1.1055668049425593,-1.240889589807046,-1.0101578145989842,-1.1259961399082474,-1.248294017328685,-1.0349114635575585,0.025012506253108135,2.220446049250313e-14,0.025012506253108135
Jetson,yolo_fp16,historical/durations_without_filter/yolo/fp16/fp16,envelope_0.5,400.0,shelly,15,-4.127490916287391,-4.360722455261856,-4.055474460107766,-4.153952057050847,-4.375442844674444,-4.086663083059265,0.025012506253108135,1.554312234475219e-14,0.05002501250626068
Jetson,yolo_fp16,historical/durations_without_filter/yolo/fp16/fp16,envelope_0.5,500.0,firmware,9,-0.1825679614004483,-0.22892657191059707,-0.11800141590939674,-0.1825679614004483,-0.22892657191060373,-0.11800141590940118,0.0,0.0,0.0
Jetson,yolo_fp16,historical/durations_without_filter/yolo/fp16/fp16,envelope_0.5,500.0,jetson,9,-1.0539163766464799,-1.2411213019218637,-0.9469729856366627,-1.0737095520062079,-1.260877028806846,-0.9667875539531945,0.02000800320127727,0.02000800320127727,0.02000800320127727
Jetson,yolo_fp16,historical/durations_without_filter/yolo/fp16/fp16,envelope_0.5,500.0,shelly,9,-4.291089353935639,-4.369262897058583,-4.132618375118418,-4.329372918194052,-4.38839287047384,-4.136456958975921,0.02000800320127727,-0.004001600640262115,0.032012805122043624
Jetson,yolo_fp16,historical/durations_without_filter/yolo/fp16/fp16,envelope_0.5,600.0,firmware,15,-0.21245151592764744,-0.25188543877249003,-0.14319350016267168,-0.21245151592764744,-0.25188543877249003,-0.14319350016266835,0.0,0.0,6.6613381477509156e-15
Jetson,yolo_fp16,historical/durations_without_filter/yolo/fp16/fp16,envelope_0.5,600.0,jetson,15,-1.0672854353581673,-1.1935540867133232,-1.0031200657591777,-1.0837769697080168,-1.210026220067838,-1.019622296119962,0.016672224074709696,2.220446049250313e-14,0.01667389240934014
Jetson,yolo_fp16,historical/durations_without_filter/yolo/fp16/fp16,envelope_0.5,600.0,shelly,15,-4.222956646463194,-4.3303058787573985,-4.151274542431402,-4.241812069253026,-4.355817338997309,-4.160862388100899,0.016672224074709696,0.011670556852287906,0.03835112037569475
Jetson,yolo_fp32,historical/durations_without_filter/yolo/fp32/fp32,envelope_0.5,5.0,firmware,15,-0.2004868028340545,-0.6329309971876784,0.8313595726569458,-0.37470147129461395,-1.4948289528962533,0.055284458448832084,0.0,0.0,2.083333333333326
Jetson,yolo_fp32,historical/durations_without_filter/yolo/fp32/fp32,envelope_0.5,5.0,jetson,15,-2.865672134572328,-4.425082688068728,-1.483593416189745,-4.833717971447859,-5.791983839744395,-4.1558303928877205,2.0408163265306145,0.0,4.166666666666652
Jetson,yolo_fp32,historical/durations_without_filter/yolo/fp32/fp32,envelope_0.5,5.0,shelly,15,-8.528640390001996,-10.126109727646389,-5.539476609194285,-9.503447118440466,-10.744947833775436,-8.596299855666738,2.0408163265306145,-0.6122448979591809,4.166666666666652
Jetson,yolo_fp32,historical/durations_without_filter/yolo/fp32/fp32,envelope_0.5,10.0,firmware,15,-0.17245197299740056,-0.940798348350611,0.15213170812802923,-0.17245197299740056,-0.940798348350611,0.15213170812802923,0.0,0.0,0.0
Jetson,yolo_fp32,historical/durations_without_filter/yolo/fp32/fp32,envelope_0.5,10.0,jetson,15,-2.0832523470529107,-2.92290649450588,-1.3526450962305236,-2.988630015670135,-3.3737290646029194,-2.7022517251639946,1.0101010101010166,0.0,2.0408163265306145
Jetson,yolo_fp32,historical/durations_without_filter/yolo/fp32/fp32,envelope_0.5,10.0,shelly,15,-6.045184159703599,-6.885069682372779,-4.966683075572353,-6.301143223887862,-7.3582571630168045,-5.873121398415361,2.220446049250313e-14,-0.3030303030303016,2.0408163265306145
Jetson,yolo_fp32,historical/durations_without_filter/yolo/fp32/fp32,envelope_0.5,20.0,firmware,15,-0.0064973879417506986,-0.618742909002431,0.3863112923550324,-0.2750618966471108,-0.6187429090024421,0.10151381647489396,0.0,0.0,0.5050505050504972
Jetson,yolo_fp32,historical/durations_without_filter/yolo/fp32/fp32,envelope_0.5,20.0,jetson,15,-1.5352602765553613,-1.9075819990058318,-1.2135547259303814,-2.2303096365339226,-2.4158871123939805,-1.975844189755076,0.5025125628140836,0.35175879396985854,1.0101010101010166
Jetson,yolo_fp32,historical/durations_without_filter/yolo/fp32/fp32,envelope_0.5,20.0,shelly,15,-5.1247858146323155,-5.878188702132767,-4.543386458825349,-5.648054561719384,-6.270953004351198,-5.361774636892225,0.5025125628140836,0.0,1.1616161616161653
Jetson,yolo_fp32,historical/durations_without_filter/yolo/fp32/fp32,envelope_0.5,50.0,firmware,15,-0.1776115365801023,-0.30097685054701895,-0.002400618342803862,-0.2034003159867792,-0.3185806969896998,-0.05508469393698984,0.0,0.0,0.20080321285140812
Jetson,yolo_fp32,historical/durations_without_filter/yolo/fp32/fp32,envelope_0.5,50.0,jetson,15,-1.2598416090726983,-1.4309630540110974,-1.1215627817016938,-1.5244354240051439,-1.779456303253466,-1.2901449247352694,0.20040080160321772,0.14028056112225906,0.40160642570281624
Jetson,yolo_fp32,historical/durations_without_filter/yolo/fp32/fp32,envelope_0.5,50.0,shelly,15,-4.980027337852433,-5.206957832179027,-4.762765680912953,-5.164655666917084,-5.480638008562813,-4.985089730202003,0.20040080160321772,0.0,0.46184738955823845
Jetson,yolo_fp32,historical/durations_without_filter/yolo/fp32/fp32,envelope_0.5,100.0,firmware,15,-0.13097286704509825,-0.23401254372067304,-0.024664762904711462,-0.17688934958600688,-0.28083075127963153,-0.07112894400859499,0.0,0.0,0.10020040080160886
Jetson,yolo_fp32,historical/durations_without_filter/yolo/fp32/fp32,envelope_0.5,100.0,jetson,15,-1.171200403803463,-1.3012127286777841,-1.077246298179263,-1.3154135685597979,-1.3535780450829882,-1.2222366377354588,0.10010010010008674,0.0,0.20040080160321772
Jetson,yolo_fp32,historical/durations_without_filter/yolo/fp32/fp32,envelope_0.5,100.0,shelly,15,-4.318108585914815,-4.509175375847892,-4.2430348245080065,-4.405384839348692,-4.539807032908385,-4.29663536013765,0.10010010010008674,-0.030030030030032677,0.10020040080160886
Jetson,yolo_fp32,historical/durations_without_filter/yolo/fp32/fp32,envelope_0.5,200.0,firmware,15,-0.1489374982527769,-0.21563170206915672,-0.06426731191122143,-0.16107124158190045,-0.23251806487278426,-0.06426731191123586,0.0,0.0,0.05005005005005447
Jetson,yolo_fp32,historical/durations_without_filter/yolo/fp32/fp32,envelope_0.5,200.0,jetson,15,-1.157799039035745,-1.2573576330875813,-1.0167473509300375,-1.2438528597408238,-1.3216938779005816,-1.0662464154752607,0.05002501250626068,0.05002501250626068,0.10010010010008674
Jetson,yolo_fp32,historical/durations_without_filter/yolo/fp32/fp32,envelope_0.5,200.0,shelly,15,-4.5191794735193636,-4.650896166942203,-4.420438217341975,-4.54940848923332,-4.670834003072802,-4.475710952915044,0.05002501250626068,0.0,0.10010010010008674
Jetson,yolo_fp32,historical/durations_without_filter/yolo/fp32/fp32,envelope_0.5,300.0,firmware,15,-0.13544202903236213,-0.17916396698972048,-0.06490472914351901,-0.14768039715001846,-0.17916396698970938,-0.09822753516914422,-2.220446049250313e-14,-2.220446049250313e-14,0.033355570380244615
Jetson,yolo_fp32,historical/durations_without_filter/yolo/fp32/fp32,envelope_0.5,300.0,jetson,15,-1.1059041580087525,-1.2985530901124975,-0.9354384225951251,-1.1388798485195806,-1.33737321075733,-1.001481463646714,0.06671114076051143,0.023341113704555827,0.06671114076051143
Jetson,yolo_fp32,historical/durations_without_filter/yolo/fp32/fp32,envelope_0.5,300.0,shelly,15,-4.443997524671451,-4.601116684689767,-4.282731009899769,-4.475860146370447,-4.632919493169498,-4.336970453216834,0.03335557038026682,0.023341113704555827,0.06671114076051143
Jetson,yolo_fp32,historical/durations_without_filter/yolo/fp32/fp32,envelope_0.5,400.0,firmware,15,-0.14658399524840604,-0.2269278923542717,-0.10596592640330083,-0.14658399524841714,-0.24222700108587403,-0.11260588106655535,0.0,0.0,0.025012506253108135
Jetson,yolo_fp32,historical/durations_without_filter/yolo/fp32/fp32,envelope_0.5,400.0,jetson,15,-1.123446781328663,-1.3091261412831523,-1.008589558080193,-1.1481659196333371,-1.333798859747839,-1.0486732877195437,0.02500625156289793,0.01750437609402855,0.05002501250626068
Jetson,yolo_fp32,historical/durations_without_filter/yolo/fp32/fp32,envelope_0.5,400.0,shelly,15,-4.4048679475193975,-4.620082905931156,-3.941159389651604,-4.452665513545662,-4.627237956776472,-3.9723802327668367,0.02500625156289793,0.0,0.05002501250626068
Jetson,yolo_fp32,historical/durations_without_filter/yolo/fp32/fp32,envelope_0.5,500.0,firmware,15,-0.1268905948514698,-0.2177339417472557,-0.06675738516415786,-0.1268905948514698,-0.2177339417472557,-0.06675738516416119,0.0,0.0,0.0
Jetson,yolo_fp32,historical/durations_without_filter/yolo/fp32/fp32,envelope_0.5,500.0,jetson,15,-1.0931446057047878,-1.13412865407726,-0.9860524085508249,-1.123513506934326,-1.1669376443630652,-1.0183361099696808,0.04001600640255454,0.02000800320127727,0.04001600640255454
Jetson,yolo_fp32,historical/durations_without_filter/yolo/fp32/fp32,envelope_0.5,500.0,shelly,15,-3.980892556651139,-4.216366964675906,-3.75356486345654,-4.019300199628484,-4.235527523394718,-3.780504269022701,0.02000800320127727,-0.006002400960364305,0.0400160064025612
Jetson,yolo_fp32,historical/durations_without_filter/yolo/fp32/fp32,envelope_0.5,600.0,firmware,15,-0.12301967847433426,-0.1716816621784234,-0.06176920938837152,-0.12301967847433426,-0.17667372966809314,-0.07342980048814844,0.0,0.0,0.01667222407468749
Jetson,yolo_fp32,historical/durations_without_filter/yolo/fp32/fp32,envelope_0.5,600.0,jetson,15,-1.0259072235235478,-1.126066337385243,-0.9577262998041858,-1.0424056553916317,-1.1547069670428578,-0.9907403910376145,0.03334444814941939,0.016669444907502218,0.03334444814941939
Jetson,yolo_fp32,historical/durations_without_filter/yolo/fp32/fp32,envelope_0.5,600.0,shelly,15,-3.9671246783753,-4.034955660928363,-3.8053260913783196,-3.9831301575955713,-4.0509525011249,-3.8279058761714246,0.01667222407468749,0.0,0.03334444814940385
Jetson,yolo_int8,historical/durations_without_filter/yolo/int8/int8,envelope_0.5,5.0,firmware,15,-0.2972278719963972,-0.7867300406283728,0.08885387029061673,-0.2972278719964083,-0.7867300406283695,0.08885387029061673,0.0,0.0,0.0
Jetson,yolo_int8,historical/durations_without_filter/yolo/int8/int8,envelope_0.5,5.0,jetson,15,-1.228658945617056,-1.7688814464677327,-0.6109687987428547,-5.179512587792356,-5.698126188609009,-4.5865300467931265,4.166666666666652,4.166666666666652,4.166666666666652
Jetson,yolo_int8,historical/durations_without_filter/yolo/int8/int8,envelope_0.5,5.0,shelly,15,-6.896461340672754,-8.114136327562676,-5.407323424574888,-10.252396443691191,-11.595934764097725,-8.588246650424557,4.166666666666652,2.083333333333326,4.166666666666674
Jetson,yolo_int8,historical/durations_without_filter/yolo/int8/int8,envelope_0.5,10.0,firmware,15,-0.2743574980576424,-0.5296180128265404,0.5573375056542627,-0.3546633568379587,-0.7789772684725771,-0.03982360468700618,0.0,0.0,1.0204081632652962
Jetson,yolo_int8,historical/durations_without_filter/yolo/int8/int8,envelope_0.5,10.0,jetson,15,-1.2974042282970832,-1.7259469658812587,-1.020159734497087,-3.271456143731144,-3.69142802656363,-2.999756539807138,2.0408163265306145,2.0408163265306145,2.0408163265306145
Jetson,yolo_int8,historical/durations_without_filter/yolo/int8/int8,envelope_0.5,10.0,shelly,15,-5.983032284335533,-6.6830695063373,-5.259600303099156,-7.730661626095669,-8.235253230690278,-6.939468607074062,2.0408163265306145,1.0204081632653117,2.0408163265306145
Jetson,yolo_int8,historical/durations_without_filter/yolo/int8/int8,envelope_0.5,20.0,firmware,15,-0.29334750802316734,-0.6068295488872022,0.04078304949267402,-0.3714417032965378,-0.6068295488871989,-0.15550663111900567,0.0,0.0,0.5050505050504972
Jetson,yolo_int8,historical/durations_without_filter/yolo/int8/int8,envelope_0.5,20.0,jetson,15,-1.4138726847153893,-1.5634468200610063,-1.1594336205231173,-2.3616359375534968,-2.5305666168160843,-1.9062034855158008,1.0101010101010166,0.5050505050504972,1.0101010101010166
Jetson,yolo_int8,historical/durations_without_filter/yolo/int8/int8,envelope_0.5,20.0,shelly,15,-5.524978564184934,-6.078094850785355,-5.267351141548377,-6.451592974786779,-7.017313902277513,-6.2146776301328925,1.0101010101010166,0.8585858585858608,1.0101010101010166
Jetson,yolo_int8,historical/durations_without_filter/yolo/int8/int8,envelope_0.5,50.0,firmware,15,-0.21198789852033828,-0.48369753202537114,-0.03080664452017952,-0.3174907054148024,-0.49108726879458886,-0.11324830341103764,0.0,0.0,0.20080321285140812
Jetson,yolo_int8,historical/durations_without_filter/yolo/int8/int8,envelope_0.5,50.0,jetson,15,-1.2997650850545606,-1.7294252287692524,-1.039338353285153,-1.6945660247143612,-2.1225075278541827,-1.4351809998720166,0.40160642570281624,0.40160642570281624,0.40160642570281624
Jetson,yolo_int8,historical/durations_without_filter/yolo/int8/int8,envelope_0.5,50.0,shelly,15,-5.435524411292203,-5.672915251528637,-5.219461823450992,-5.77801565917524,-5.9364247999163435,-5.521413985839928,0.40160642570281624,0.20080321285142366,0.40160642570283844
Jetson,yolo_int8,historical/durations_without_filter/yolo/int8/int8,envelope_0.5,100.0,firmware,15,-0.28560190999600277,-0.40235774952684267,-0.14645431750692342,-0.302303273832083,-0.4023577495268471,-0.14645431750691565,0.0,0.0,0.10020040080160886
Jetson,yolo_int8,historical/durations_without_filter/yolo/int8/int8,envelope_0.5,100.0,jetson,15,-1.4227253730669576,-1.6457459475737812,-1.2275524874624955,-1.6198799223208327,-1.8424544556786304,-1.425097382487568,0.20040080160321772,0.20040080160321772,0.20040080160321772
Jetson,yolo_int8,historical/durations_without_filter/yolo/int8/int8,envelope_0.5,100.0,shelly,15,-5.231970214537041,-5.402576133556147,-5.045697224543881,-5.421506274107957,-5.5545224271582585,-5.235605830094801,0.20040080160321772,0.10020040080160886,0.20040080160321772
Jetson,yolo_int8,historical/durations_without_filter/yolo/int8/int8,envelope_0.5,200.0,firmware,15,-0.31071454877463767,-0.3887942040567238,-0.2515852384053219,-0.31071454877464877,-0.38879420405672716,-0.25158523840532965,0.0,0.0,0.0
Jetson,yolo_int8,historical/durations_without_filter/yolo/int8/int8,envelope_0.5,200.0,jetson,15,-1.261160939955519,-1.5734533526080663,-1.126669695800736,-1.359899779015561,-1.6718798992554451,-1.2255430261049227,0.10010010010008674,0.10010010010008674,0.10010010010008674
Jetson,yolo_int8,historical/durations_without_filter/yolo/int8/int8,envelope_0.5,200.0,shelly,15,-5.256546595898626,-5.335833889292979,-5.185081658644676,-5.313964979873664,-5.416589040178407,-5.273945112233324,0.10010010010010895,0.03503503503503813,0.11511511511511857
Jetson,yolo_int8,historical/durations_without_filter/yolo/int8/int8,envelope_0.5,300.0,firmware,15,-0.42545310530759384,-0.6812182031446901,-0.2759997003296966,-0.42545310530759384,-0.6812182031446756,-0.2859790824492081,-2.220446049250313e-14,-2.220446049250313e-14,0.033355570380244615
Jetson,yolo_int8,historical/durations_without_filter/yolo/int8/int8,envelope_0.5,300.0,jetson,15,-1.4524874533584309,-1.5806341323608708,-1.2566598772019677,-1.5181857950561928,-1.6462470429392895,-1.3224887706171629,0.06671114076051143,0.06671114076051143,0.06671114076051143
Jetson,yolo_int8,historical/durations_without_filter/yolo/int8/int8,envelope_0.5,300.0,shelly,15,-6.181225219257702,-6.663176942986998,-5.2532127934022395,-6.243771069111526,-6.703625301283903,-5.316377318206643,0.06671114076051143,0.03335557038026016,0.06671114076051143
Jetson,yolo_int8,historical/durations_without_filter/yolo/int8/int8,envelope_0.5,400.0,firmware,15,-0.27407301110912163,-0.639069377345135,-0.21866783008884785,-0.27407301110912163,-0.37294770839576885,-0.21866783008884785,0.0,-0.3001500750375174,0.025012506253108135
Jetson,yolo_int8,historical/durations_without_filter/yolo/int8/int8,envelope_0.5,400.0,jetson,15,-1.323267603994327,-1.5389478928105471,-1.1665248248340376,-1.371323744008579,-1.5881784188641346,-1.215941562421614,0.05002501250626068,0.042519384223251855,0.05002501250626068
Jetson,yolo_int8,historical/durations_without_filter/yolo/int8/int8,envelope_0.5,400.0,shelly,15,-5.166813972310846,-5.229148097783183,-5.04778666745716,-5.214230565324696,-5.25995239735943,-5.09526277412342,0.05002501250626068,0.017508754377175695,0.05002501250626068
Jetson,yolo_int8,historical/durations_without_filter/yolo/int8/int8,envelope_0.5,500.0,firmware,11,-0.42663773057447507,-0.6883234742457833,-0.388270350487685,-0.4266377305744862,-0.6883234742457778,-0.38827035048769054,0.0,0.0,0.0
Jetson,yolo_int8,historical/durations_without_filter/yolo/int8/int8,envelope_0.5,500.0,jetson,11,-1.4488106369365261,-1.6647010761993375,-1.2135911142388267,-1.4696680606762769,-1.7040351957688549,-1.253105677793137,0.04001600640255454,0.030012004801915904,0.04001600640255454
Jetson,yolo_int8,historical/durations_without_filter/yolo/int8/int8,envelope_0.5,500.0,shelly,11,-6.580646434776827,-6.6885764717959875,-6.31435047252894,-6.618014176202913,-6.725901041207261,-6.351824732339928,0.04001600640255454,0.04001600640255454,0.04001600640257674
Jetson,yolo_int8,historical/durations_without_filter/yolo/int8/int8,envelope_0.5,600.0,firmware,15,-0.26351348330955204,-0.4748513478368632,-0.19455523450522708,-0.2595446312650185,-0.29445943156693466,-0.18633432637271247,0.0,-0.21190221730876363,0.01667222407468749
Jetson,yolo_int8,historical/durations_without_filter/yolo/int8/int8,envelope_0.5,600.0,jetson,15,-1.2332860077439944,-1.7272939412158328,-1.0521865167761246,-1.2662082457414292,-1.7511383885417897,-1.0851691212705472,0.03334444814941939,0.016669444907502218,0.03334444814941939
Jetson,yolo_int8,historical/durations_without_filter/yolo/int8/int8,envelope_0.5,600.0,shelly,15,-5.0343915215626645,-5.092236690244307,-4.94342253642317,-5.066046724388817,-5.115805928201584,-4.953682392409449,0.03334444814939719,-0.005005840146832251,0.03334444814939719
