series,platform,slug,window,sensor,n,pico_median_W,ratio_of_medians_pct,paired_median_pct,paired_q05_pct,paired_q95_pct,paired_min_pct,paired_max_pct
memmert_archive/durations/gemm/fp32,Jetson,gemm_fp32,envelope_0.5,firmware,15,37.652262862361844,0.09061696803296382,0.11590478272471838,0.02536321341327863,0.17020591030006968,0.0127534771108051,0.1811420102910688
memmert_archive/durations/gemm/fp32,Jetson,gemm_fp32,envelope_0.5,jetson,15,37.652262862361844,-1.1023188241112591,-1.0754496824621484,-1.12250138366215,-1.0406244899590633,-1.1354999507458552,-1.0246125634130965
memmert_archive/durations/gemm/fp32,Jetson,gemm_fp32,envelope_0.5,shelly,15,37.652262862361844,-2.8827606008198448,-2.8827606008198448,-2.945223931917924,-2.7870943165681097,-2.961955882817735,-2.7731571565541513
historical/durations_without_filter/gemm/fp16/fp16,Jetson,gemm_fp16,envelope_0.5,firmware,15,36.577267335889644,0.2205498762361202,0.20104622198489075,0.1191455294919197,0.26602673755989903,0.069573914579113,0.26605191033206577
historical/durations_without_filter/gemm/fp16/fp16,Jetson,gemm_fp16,envelope_0.5,jetson,15,36.577267335889644,-0.9783266234736021,-0.99892354656137,-1.0588485943195236,-0.8925100852888401,-1.062905322841734,-0.8860862372140565
historical/durations_without_filter/gemm/fp16/fp16,Jetson,gemm_fp16,envelope_0.5,shelly,15,36.577267335889644,-2.3052954480686894,-2.3203519532305705,-2.4027441414937742,-2.2003990155048903,-2.455440310072521,-2.178768242833795
historical/durations_without_filter/gemm/int8/int8,Jetson,gemm_int8,envelope_0.5,firmware,15,34.54480358772526,0.39172874299702176,0.3818517577137692,0.29561305037727914,0.41282977863446924,0.23973711264180242,0.42868449054127566
historical/durations_without_filter/gemm/int8/int8,Jetson,gemm_int8,envelope_0.5,jetson,15,34.54480358772526,-1.2488929305066065,-1.2675723156313823,-1.3277669209312504,-1.2091564593717974,-1.348075865105014,-1.1943050086038243
historical/durations_without_filter/gemm/int8/int8,Jetson,gemm_int8,envelope_0.5,shelly,15,34.54480358772526,-3.1834083144814507,-3.209312423136945,-3.2632693985515338,-3.1481251777593933,-3.275603972728125,-3.1446320367223723
historical/durations_without_filter/yolo/fp32/fp32,Jetson,yolo_fp32,envelope_0.5,firmware,15,24.43978959433154,-0.14655298504061554,-0.14768039715001846,-0.17916396698970938,-0.09822753516914422,-0.18420521100506182,-0.0704158344070116
historical/durations_without_filter/yolo/fp32/fp32,Jetson,yolo_fp32,envelope_0.5,jetson,15,24.43978959433154,-1.3265520638599426,-1.1388798485195806,-1.33737321075733,-1.001481463646714,-1.3549733687474252,-0.9766737792941127
historical/durations_without_filter/yolo/fp32/fp32,Jetson,yolo_fp32,envelope_0.5,shelly,15,24.43978959433154,-4.488926461969767,-4.475860146370447,-4.632919493169498,-4.336970453216834,-4.642375178989788,-4.279306569990715
historical/durations_without_filter/yolo/fp16/fp16,Jetson,yolo_fp16,envelope_0.5,firmware,15,22.414691572369797,-0.2110467819546491,-0.20032271603669383,-0.24937348112516688,-0.16584695940596972,-0.24976047739379004,-0.15930033027291568
historical/durations_without_filter/yolo/fp16/fp16,Jetson,yolo_fp16,envelope_0.5,jetson,15,22.414691572369797,-1.1418851699468102,-1.1499469295853992,-1.2476754545451452,-1.0688246432906034,-1.27070838611264,-1.0657044162599272
historical/durations_without_filter/yolo/fp16/fp16,Jetson,yolo_fp16,envelope_0.5,shelly,15,22.414691572369797,-4.257861652647,-4.243138924290202,-4.356946511983782,-4.177092820293204,-4.447667322103199,-4.150711590971801
historical/durations_without_filter/yolo/int8/int8,Jetson,yolo_int8,envelope_0.5,firmware,15,19.244752092173734,-0.49286545618791866,-0.42545310530759384,-0.6812182031446756,-0.2859790824492081,-0.76423844185044,-0.2727080189120157
historical/durations_without_filter/yolo/int8/int8,Jetson,yolo_int8,envelope_0.5,jetson,15,19.244752092173734,-1.6423979201211414,-1.5181857950561928,-1.6462470429392895,-1.3224887706171629,-1.6552283295149683,-1.3206961222139713
historical/durations_without_filter/yolo/int8/int8,Jetson,yolo_int8,envelope_0.5,shelly,15,19.244752092173734,-6.156639435219546,-6.243771069111526,-6.703625301283903,-5.316377318206643,-6.773988415146914,-5.311510710803125
memmert_archive/durations/random_pattern_yolo_durations,Jetson,random_pattern_yolo,envelope_0.5,firmware,15,15.716866075056034,2.925284255412741,2.9411477841320366,2.8596846799170073,3.0674219756970644,2.852183277000675,3.126735378670742
memmert_archive/durations/random_pattern_yolo_durations,Jetson,random_pattern_yolo,envelope_0.5,jetson,15,15.716866075056034,-1.5565010990290173,-1.555169855055616,-1.6183244377727934,-1.4767897798150542,-1.6235872025629705,-1.4409387514070615
memmert_archive/durations/random_pattern_yolo_durations,Jetson,random_pattern_yolo,envelope_0.5,shelly,15,15.716866075056034,-5.764782426089454,-5.7412744042828585,-6.029297852869761,-5.492587537781972,-6.0891100561370815,-5.200774481303161
