detail,evidence,id,severity,status
Campaign remains development/screening.,,campaign_mode,informational,development
Campaign claim_scope is evaluated_matrix or ranking_generalization.,"{""explicit"":true,""raw"":""evaluated_matrix"",""scope"":""evaluated_matrix"",""source"":""campaign.claim_scope"",""valid"":true}",claim_scope_valid,required_for_final,pass
The final claim is limited to the explicitly evaluated workload/hardware matrix.,"{""explicit"":true,""raw"":""evaluated_matrix"",""scope"":""evaluated_matrix"",""source"":""campaign.claim_scope"",""valid"":true}",claim_scope,informational,pass
Profile and task-quality policy are marked frozen before the final campaign.,,profile_frozen,required_for_final,deferred
A prospective five-manifest protocol freeze is optional for evaluated_matrix unless explicitly requested.,,protocol_freeze_integrity,informational,not_applicable
No separate post-run campaign archive is required by this profile.,"{""claim_scope"":""evaluated_matrix""}",campaign_freeze_artifact,informational,not_applicable
classification calibration dataset manifest found: /home/kmika/.onnx_splitpoint_tool/final_datasets/v27541_imagenet_n500_s20260710/manifests/imagenet_train_calibration_manifest.json,,dataset_classification_calibration,required_for_final,pass
Dataset manifest task/role/schema match.,,dataset_classification_calibration_schema,required_for_final,pass
Final manifests use per-item content hashes and a non-empty identity hash.,,dataset_classification_calibration_content_hash,required_for_final,pass
Dataset manifest verification passed in sampled mode.,"{""checked_item_count"":24,""created_at"":""2026-08-20T07:04:13+02:00"",""identity_hash_ok"":true,""item_count_ok"":true,""manifest_item_count"":500,""mismatch_count"":0,""mismatch_preview"":[],""missing_count"":0,""missing_preview"":[],""ok"":true,""payload_hash_ok"":true,""sample_size_requested"":24,""schema"":""onnx-splitpoint/dataset-manifest-verification"",""schema_ok"":true,""schema_version"":2,""verification_mode"":""sampled"",""verify_files"":true}",dataset_classification_calibration_current_files,required_for_final,pass
classification validation dataset manifest found: /home/kmika/.onnx_splitpoint_tool/final_datasets/manifests/imagenet_val_manifest.json,,dataset_classification_validation,required_for_final,pass
Dataset manifest task/role/schema match.,,dataset_classification_validation_schema,required_for_final,pass
Final manifests use per-item content hashes and a non-empty identity hash.,,dataset_classification_validation_content_hash,required_for_final,pass
Dataset manifest verification passed in sampled mode.,"{""checked_item_count"":24,""created_at"":""2026-08-20T07:04:17+02:00"",""identity_hash_ok"":true,""item_count_ok"":true,""manifest_item_count"":50000,""mismatch_count"":0,""mismatch_preview"":[],""missing_count"":0,""missing_preview"":[],""ok"":true,""payload_hash_ok"":true,""sample_size_requested"":24,""schema"":""onnx-splitpoint/dataset-manifest-verification"",""schema_ok"":true,""schema_version"":2,""verification_mode"":""sampled"",""verify_files"":true}",dataset_classification_validation_current_files,required_for_final,pass
detection calibration dataset manifest found: /home/kmika/.onnx_splitpoint_tool/final_datasets/manifests/coco2017_train_calibration_manifest.json,,dataset_detection_calibration,required_for_final,pass
Dataset manifest task/role/schema match.,,dataset_detection_calibration_schema,required_for_final,pass
Final manifests use per-item content hashes and a non-empty identity hash.,,dataset_detection_calibration_content_hash,required_for_final,pass
Dataset manifest verification passed in sampled mode.,"{""checked_item_count"":24,""created_at"":""2026-08-20T07:04:18+02:00"",""identity_hash_ok"":true,""item_count_ok"":true,""manifest_item_count"":500,""mismatch_count"":0,""mismatch_preview"":[],""missing_count"":0,""missing_preview"":[],""ok"":true,""payload_hash_ok"":true,""sample_size_requested"":24,""schema"":""onnx-splitpoint/dataset-manifest-verification"",""schema_ok"":true,""schema_version"":2,""verification_mode"":""sampled"",""verify_files"":true}",dataset_detection_calibration_current_files,required_for_final,pass
detection validation dataset manifest found: /home/kmika/.onnx_splitpoint_tool/final_datasets/manifests/coco2017_val_manifest.json,,dataset_detection_validation,required_for_final,pass
Dataset manifest task/role/schema match.,,dataset_detection_validation_schema,required_for_final,pass
Final manifests use per-item content hashes and a non-empty identity hash.,,dataset_detection_validation_content_hash,required_for_final,pass
Dataset manifest verification passed in sampled mode.,"{""checked_item_count"":24,""created_at"":""2026-08-20T07:04:20+02:00"",""identity_hash_ok"":true,""item_count_ok"":true,""manifest_item_count"":5000,""mismatch_count"":0,""mismatch_preview"":[],""missing_count"":0,""missing_preview"":[],""ok"":true,""payload_hash_ok"":true,""sample_size_requested"":24,""schema"":""onnx-splitpoint/dataset-manifest-verification"",""schema_ok"":true,""schema_version"":2,""verification_mode"":""sampled"",""verify_files"":true}",dataset_detection_validation_current_files,required_for_final,pass
Calibration and validation sets are content- and ID-disjoint.,"{""checks"":[{""calibration_count"":500,""content_overlap_count"":0,""content_overlap_preview"":[],""sample_id_overlap_count"":0,""sample_id_overlap_preview"":[],""status"":""pass"",""task"":""classification"",""validation_count"":50000},{""calibration_count"":500,""content_overlap_count"":0,""content_overlap_preview"":[],""sample_id_overlap_count"":0,""sample_id_overlap_preview"":[],""status"":""pass"",""task"":""detection"",""validation_count"":5000}],""created_at"":""2026-08-20T07:04:20+02:00"",""ok"":true,""schema"":""onnx-splitpoint/dataset-separation-report"",""schema_version"":1}",calibration_validation_disjoint,required_for_final,pass
Preprocessing/decoder/NMS contract manifest missing: ,,pipeline_contract_manifest,required_for_final,deferred
At least one development model is declared.,,development_models_present,required_for_final,pass
No model-level hold-out is required because the claim is restricted to the evaluated matrix.,"{""active_holdout_model_ids"":[]}",holdout_models_present,informational,not_applicable
"Prospective hold-out adapter freezing belongs to ranking_generalization, not evaluated_matrix.",,holdout_adapter_sources_frozen,informational,not_applicable
Development and hold-out model IDs are disjoint.,"{""overlap"":[]}",model_role_disjoint,required,pass
Every campaign model has a unique model ID.,"{""model_ids"":[""resnet50"",""yolo26s"",""yolov7_paper""]}",model_ids_unique,required_for_final,pass
Model resnet50 explicitly declares evaluation_role=development or confirmatory_holdout.,,model_role_explicit_resnet50,required_for_final,pass
Model-family transfer is outside the evaluated_matrix claim for resnet50.,,model_family_id_explicit_resnet50,informational,not_applicable
A generalisation scope is not consumed by the evaluated_matrix claim for resnet50.,,model_generalization_scope_explicit_resnet50,informational,not_applicable
Model resnet50 explicitly declares validation_tier.,,model_validation_tier_explicit_resnet50,required_for_final,pass
Model resnet50 uses the final validation tier in a final campaign.,,model_validation_tier_final_resnet50,required_for_final,deferred
Model resnet50 resolves to an exact local model artefact with a content hash.,"{""declared_model_sha256"":"""",""exists"":true,""model_path"":""/home/kmika/Models/resnet50.onnx"",""model_sha256"":""sha256:cebd9d5879ddd304a18f51e559ab74fba5cbd1f610b9359321bc5228acbe4f50""}",model_identity_resnet50,required_for_final,pass
Model resnet50 explicitly declares its candidate-universe mode.,"{""mode"":""deterministic_audit""}",candidate_universe_resnet50,required_for_final,pass
Model yolo26s explicitly declares evaluation_role=development or confirmatory_holdout.,,model_role_explicit_yolo26s,required_for_final,pass
Model-family transfer is outside the evaluated_matrix claim for yolo26s.,,model_family_id_explicit_yolo26s,informational,not_applicable
A generalisation scope is not consumed by the evaluated_matrix claim for yolo26s.,,model_generalization_scope_explicit_yolo26s,informational,not_applicable
Model yolo26s explicitly declares validation_tier.,,model_validation_tier_explicit_yolo26s,required_for_final,pass
Model yolo26s uses the final validation tier in a final campaign.,,model_validation_tier_final_yolo26s,required_for_final,deferred
Model yolo26s resolves to an exact local model artefact with a content hash.,"{""declared_model_sha256"":"""",""exists"":true,""model_path"":""/home/kmika/Models/yolo26s.onnx"",""model_sha256"":""sha256:4b8ff9dce56ca7058c53e1a08feca69a59f8504a8f2ef68c85c065ae837ce04a""}",model_identity_yolo26s,required_for_final,pass
Model yolo26s explicitly declares its candidate-universe mode.,"{""mode"":""deterministic_audit""}",candidate_universe_yolo26s,required_for_final,pass
Model yolov7_paper explicitly declares evaluation_role=development or confirmatory_holdout.,,model_role_explicit_yolov7_paper,required_for_final,pass
Model-family transfer is outside the evaluated_matrix claim for yolov7_paper.,,model_family_id_explicit_yolov7_paper,informational,not_applicable
A generalisation scope is not consumed by the evaluated_matrix claim for yolov7_paper.,,model_generalization_scope_explicit_yolov7_paper,informational,not_applicable
Model yolov7_paper explicitly declares validation_tier.,,model_validation_tier_explicit_yolov7_paper,required_for_final,pass
Model yolov7_paper uses the final validation tier in a final campaign.,,model_validation_tier_final_yolov7_paper,required_for_final,deferred
Model yolov7_paper resolves to an exact local model artefact with a content hash.,"{""declared_model_sha256"":"""",""exists"":true,""model_path"":""/home/kmika/Models/yolov7_paper.onnx"",""model_sha256"":""sha256:7a13e66f91047cce0e251c05f64159646847e842af31d60441c63dcdfad7825d""}",model_identity_yolov7_paper,required_for_final,pass
Model yolov7_paper explicitly declares its candidate-universe mode.,"{""mode"":""deterministic_audit""}",candidate_universe_yolov7_paper,required_for_final,pass
A hold-out registry is outside the evaluated_matrix claim scope.,"{""configured_path"":""""}",holdout_registry,informational,not_applicable
No hold-out registry is consumed for evaluated_matrix claims.,,holdout_registry_integrity,informational,not_applicable
Ranking validation is optional diagnostic output for evaluated_matrix and cannot enlarge the final claim.,"{""ranking_validation_enabled"":true}",ranking_validation_enabled,informational,not_applicable
A fitted ranking bundle is required only for ranking_generalization.,"{""configured_path"":""""}",ranking_model_bundle_integrity,informational,not_applicable
A development-fitted ranking cost model is not a blocker for measured evaluated_matrix results.,,stage_time_model,informational,not_applicable
"Measured Native FIFO performance remains required, but a fitted handover predictor is not needed for evaluated_matrix claims.",,native_handover_model,informational,not_applicable
Native full baselines are enabled and use the same runtime contract whenever Native FIFO claims are enabled.,,native_full_baselines,required_for_final,pass
One effective energy request is configured without conflicting generic/native enablement.,"{""compatibility_notes"":[],""config_identity_sha256"":""sha256:7cf2069e55c9ee4f0375d60cd563dabf0a6b4885fada83b665dac1e8ac16e002"",""configuration_errors"":[],""generic_energy_enabled"":false,""lifecycle"":{""completed"":false,""configured"":false,""failed"":false,""reason"":""not_requested"",""requested"":false,""running"":false,""scheduled"":false,""skipped"":true,""status"":""skipped""},""measurement_path"":""native_only"",""native_energy_enabled"":false,""repeats"":3,""request_source"":""energy.enabled"",""schema"":""onnx-splitpoint/effective-energy-config"",""schema_version"":1,""window_method_ab"":{""auto_switch"":false,""baseline_method"":""chapter4_baseline"",""candidate_eligible_for_auto_import"":false,""candidate_eligible_for_auto_switch"":false,""candidate_method"":""candidate_v263"",""configuration_source"":""legacy_window_method_validation_probe"",""deprecated_input_aliases"":{""baseline_method"":""chapter4_baseline"",""candidate_method"":""candidate_v263""},""enabled"":false,""include_raw_parquet"":true,""legacy_method_aliases_applied"":true,""mode"":""shadow"",""primary_method"":""command_marker_window"",""requires_picoscope"":false,""same_raw_capture"":true,""schema"":""onnx-splitpoint/energy-window-ab-config"",""schema_version"":2,""scientific_method_decision"":""frozen_command_marker_primary_chapter4_shadow"",""scientific_primary_method"":""command_marker_window"",""scientific_shadow_method"":""chapter4_legacy_window"",""shadow_method"":""chapter4_legacy_window"",""shadow_role"":""same_trace_sensitivity_only"",""smoke_repeats"":3,""strict"":true,""valid"":true,""validation_errors"":[]}}",effective_energy_configuration,required_for_final,deferred
"The command-marker window is frozen as the scientific primary. The Chapter-4 legacy window is a same-trace, non-blocking sensitivity shadow; it never auto-switches, cannot invalidate the primary claim and requires no PicoScope rerun.","{""auto_switch"":false,""baseline_method"":""chapter4_baseline"",""candidate_eligible_for_auto_import"":false,""candidate_eligible_for_auto_switch"":false,""candidate_method"":""candidate_v263"",""configuration_source"":""legacy_window_method_validation_probe"",""deprecated_input_aliases"":{""baseline_method"":""chapter4_baseline"",""candidate_method"":""candidate_v263""},""enabled"":false,""include_raw_parquet"":true,""legacy_method_aliases_applied"":true,""mode"":""shadow"",""primary_method"":""command_marker_window"",""requires_picoscope"":false,""same_raw_capture"":true,""schema"":""onnx-splitpoint/energy-window-ab-config"",""schema_version"":2,""scientific_method_decision"":""frozen_command_marker_primary_chapter4_shadow"",""scientific_primary_method"":""command_marker_window"",""scientific_shadow_method"":""chapter4_legacy_window"",""shadow_method"":""chapter4_legacy_window"",""shadow_role"":""same_trace_sensitivity_only"",""smoke_repeats"":3,""strict"":true,""valid"":true,""validation_errors"":[]}",energy_window_method_ab,required_for_final,deferred
Final energy campaign uses raw full-system input energy as the primary metric.,,full_system_power_scope,required_for_final,deferred
Final full-system energy is bound to the command window.,"{""window"":null}",energy_command_window,required_for_final,deferred
Full-system energy uses at least three independent repetitions.,"{""repeats"":0}",energy_repetitions,required_for_final,deferred
Repeated energy windows use a pre-declared confidence level of at least 95%.,"{""confidence_level"":0.0}",energy_confidence_interval,required_for_final,deferred
Final energy target blocks use a recorded deterministic random order with an explicit integer seed.,"{""randomization_seed"":null,""randomize_run_order"":false}",energy_run_order,required_for_final,deferred
Idle normalization reports raw and normalized values and uses a scope-compatible paired method.,,idle_normalization_policy,required_for_final,pass
Full-system input-channel calibration manifest missing: ,,energy_calibration_manifest,required_for_final,deferred
