backend,bootstrap_skipped_reason_AP50,bootstrap_skipped_reason_AP75,bootstrap_skipped_reason_COCO_AP_50_95,bootstrap_skipped_reason_Top1,bootstrap_skipped_reason_Top5,case_id,decision_AP50,decision_AP75,decision_COCO_AP_50_95,decision_Top1,decision_Top5,delta_vs_full_onnx_AP50,delta_vs_full_onnx_AP75,delta_vs_full_onnx_COCO_AP_50_95,delta_vs_full_onnx_Top1,delta_vs_full_onnx_Top5,model,reference_AP50,reference_AP75,reference_COCO_AP_50_95,reference_Top1,reference_Top5,reference_comparison_source,reference_identity,row_AP50,row_AP75,row_COCO_AP_50_95,row_Top1,row_Top5,setup_id,status,task,variant
deepx,,,,,,full,,,,inconclusive,pass,,,,-0.01,-0.004,resnet50,,,,0.812,0.952,paired_central_quality_result,0cdcb06d3774e2a7dd319ff1edbffe5b49432a8b7c8302ecc9ffaceea81a1ea1,,,,0.802,0.948,orin_nx_deepx_m1_01,ok,classification,vendor_full
deepx,,,,,point_estimate_below_non_inferiority_margin,b001,,,,fail,fail,,,,-0.046,-0.016,resnet50,,,,0.812,0.952,paired_central_quality_result,0cdcb06d3774e2a7dd319ff1edbffe5b49432a8b7c8302ecc9ffaceea81a1ea1,,,,0.766,0.936,orin_nx_deepx_m1_01,ok,classification,split
deepx,,,,,point_estimate_below_non_inferiority_margin,b003,,,,fail,fail,,,,-0.048,-0.026,resnet50,,,,0.812,0.952,paired_central_quality_result,0cdcb06d3774e2a7dd319ff1edbffe5b49432a8b7c8302ecc9ffaceea81a1ea1,,,,0.764,0.926,orin_nx_deepx_m1_01,ok,classification,split
deepx,,,,,point_estimate_below_non_inferiority_margin,b008,,,,fail,fail,,,,-0.044,-0.022,resnet50,,,,0.812,0.952,paired_central_quality_result,0cdcb06d3774e2a7dd319ff1edbffe5b49432a8b7c8302ecc9ffaceea81a1ea1,,,,0.768,0.93,orin_nx_deepx_m1_01,ok,classification,split
deepx,,,,,point_estimate_below_non_inferiority_margin,b009,,,,fail,fail,,,,-0.052,-0.022,resnet50,,,,0.812,0.952,paired_central_quality_result,0cdcb06d3774e2a7dd319ff1edbffe5b49432a8b7c8302ecc9ffaceea81a1ea1,,,,0.76,0.93,orin_nx_deepx_m1_01,ok,classification,split
deepx,,,,,point_estimate_below_non_inferiority_margin,b020,,,,fail,fail,,,,-0.048,-0.02,resnet50,,,,0.812,0.952,paired_central_quality_result,0cdcb06d3774e2a7dd319ff1edbffe5b49432a8b7c8302ecc9ffaceea81a1ea1,,,,0.764,0.932,orin_nx_deepx_m1_01,ok,classification,split
deepx,,,,,point_estimate_below_non_inferiority_margin,b022,,,,fail,fail,,,,-0.048,-0.022,resnet50,,,,0.812,0.952,paired_central_quality_result,0cdcb06d3774e2a7dd319ff1edbffe5b49432a8b7c8302ecc9ffaceea81a1ea1,,,,0.764,0.93,orin_nx_deepx_m1_01,ok,classification,split
deepx,,,,,point_estimate_below_non_inferiority_margin,b027,,,,fail,fail,,,,-0.044,-0.024,resnet50,,,,0.812,0.952,paired_central_quality_result,0cdcb06d3774e2a7dd319ff1edbffe5b49432a8b7c8302ecc9ffaceea81a1ea1,,,,0.768,0.928,orin_nx_deepx_m1_01,ok,classification,split
deepx,,,,,point_estimate_below_non_inferiority_margin,b042,,,,fail,fail,,,,-0.042,-0.024,resnet50,,,,0.812,0.952,paired_central_quality_result,0cdcb06d3774e2a7dd319ff1edbffe5b49432a8b7c8302ecc9ffaceea81a1ea1,,,,0.77,0.928,orin_nx_deepx_m1_01,ok,classification,split
deepx,,,,,point_estimate_below_non_inferiority_margin,b052,,,,fail,fail,,,,-0.044,-0.022,resnet50,,,,0.812,0.952,paired_central_quality_result,0cdcb06d3774e2a7dd319ff1edbffe5b49432a8b7c8302ecc9ffaceea81a1ea1,,,,0.768,0.93,orin_nx_deepx_m1_01,ok,classification,split
deepx,,,,,point_estimate_below_non_inferiority_margin,b054,,,,fail,fail,,,,-0.046,-0.022,resnet50,,,,0.812,0.952,paired_central_quality_result,0cdcb06d3774e2a7dd319ff1edbffe5b49432a8b7c8302ecc9ffaceea81a1ea1,,,,0.766,0.93,orin_nx_deepx_m1_01,ok,classification,split
deepx,,,,,point_estimate_below_non_inferiority_margin,b056,,,,fail,fail,,,,-0.044,-0.024,resnet50,,,,0.812,0.952,paired_central_quality_result,0cdcb06d3774e2a7dd319ff1edbffe5b49432a8b7c8302ecc9ffaceea81a1ea1,,,,0.768,0.928,orin_nx_deepx_m1_01,ok,classification,split
deepx,,,,,point_estimate_below_non_inferiority_margin,b068,,,,fail,fail,,,,-0.044,-0.024,resnet50,,,,0.812,0.952,paired_central_quality_result,0cdcb06d3774e2a7dd319ff1edbffe5b49432a8b7c8302ecc9ffaceea81a1ea1,,,,0.768,0.928,orin_nx_deepx_m1_01,ok,classification,split
deepx,,,,,point_estimate_below_non_inferiority_margin,b074,,,,fail,fail,,,,-0.044,-0.022,resnet50,,,,0.812,0.952,paired_central_quality_result,0cdcb06d3774e2a7dd319ff1edbffe5b49432a8b7c8302ecc9ffaceea81a1ea1,,,,0.768,0.93,orin_nx_deepx_m1_01,ok,classification,split
deepx,,,,,point_estimate_below_non_inferiority_margin,b078,,,,fail,fail,,,,-0.044,-0.022,resnet50,,,,0.812,0.952,paired_central_quality_result,0cdcb06d3774e2a7dd319ff1edbffe5b49432a8b7c8302ecc9ffaceea81a1ea1,,,,0.768,0.93,orin_nx_deepx_m1_01,ok,classification,split
deepx,,,,,point_estimate_below_non_inferiority_margin,b091,,,,fail,fail,,,,-0.046,-0.022,resnet50,,,,0.812,0.952,paired_central_quality_result,0cdcb06d3774e2a7dd319ff1edbffe5b49432a8b7c8302ecc9ffaceea81a1ea1,,,,0.766,0.93,orin_nx_deepx_m1_01,ok,classification,split
deepx,,,,,point_estimate_below_non_inferiority_margin,b095,,,,fail,fail,,,,-0.048,-0.022,resnet50,,,,0.812,0.952,paired_central_quality_result,0cdcb06d3774e2a7dd319ff1edbffe5b49432a8b7c8302ecc9ffaceea81a1ea1,,,,0.764,0.93,orin_nx_deepx_m1_01,ok,classification,split
deepx,,,,,point_estimate_below_non_inferiority_margin,b107,,,,fail,fail,,,,-0.048,-0.02,resnet50,,,,0.812,0.952,paired_central_quality_result,0cdcb06d3774e2a7dd319ff1edbffe5b49432a8b7c8302ecc9ffaceea81a1ea1,,,,0.764,0.932,orin_nx_deepx_m1_01,ok,classification,split
deepx,,,,,point_estimate_below_non_inferiority_margin,b112,,,,fail,fail,,,,-0.052,-0.02,resnet50,,,,0.812,0.952,paired_central_quality_result,0cdcb06d3774e2a7dd319ff1edbffe5b49432a8b7c8302ecc9ffaceea81a1ea1,,,,0.76,0.932,orin_nx_deepx_m1_01,ok,classification,split
deepx,,,,,point_estimate_below_non_inferiority_margin,b118,,,,fail,fail,,,,-0.05,-0.02,resnet50,,,,0.812,0.952,paired_central_quality_result,0cdcb06d3774e2a7dd319ff1edbffe5b49432a8b7c8302ecc9ffaceea81a1ea1,,,,0.762,0.932,orin_nx_deepx_m1_01,ok,classification,split
deepx,,,,,point_estimate_below_non_inferiority_margin,b119,,,,fail,fail,,,,-0.052,-0.024,resnet50,,,,0.812,0.952,paired_central_quality_result,0cdcb06d3774e2a7dd319ff1edbffe5b49432a8b7c8302ecc9ffaceea81a1ea1,,,,0.76,0.928,orin_nx_deepx_m1_01,ok,classification,split
hailo10h,,,,,,b119,,,,inconclusive,pass,,,,0.0,-0.004,resnet50,,,,0.812,0.952,paired_central_quality_result,0cdcb06d3774e2a7dd319ff1edbffe5b49432a8b7c8302ecc9ffaceea81a1ea1,,,,0.812,0.948,orin_nx_hailo10_01,ok,classification,vendor_full
hailo10h,,,,,point_estimate_below_non_inferiority_margin,b001,,,,fail,pass,,,,-0.012,-0.004,resnet50,,,,0.812,0.952,paired_central_quality_result,0cdcb06d3774e2a7dd319ff1edbffe5b49432a8b7c8302ecc9ffaceea81a1ea1,,,,0.8,0.948,orin_nx_hailo10_01,ok,classification,split
hailo10h,,,,,point_estimate_below_non_inferiority_margin,b003,,,,fail,pass,,,,-0.012,0.0,resnet50,,,,0.812,0.952,paired_central_quality_result,0cdcb06d3774e2a7dd319ff1edbffe5b49432a8b7c8302ecc9ffaceea81a1ea1,,,,0.8,0.952,orin_nx_hailo10_01,ok,classification,split
hailo10h,,,,,,b008,,,,inconclusive,inconclusive,,,,0.002,-0.006,resnet50,,,,0.812,0.952,paired_central_quality_result,0cdcb06d3774e2a7dd319ff1edbffe5b49432a8b7c8302ecc9ffaceea81a1ea1,,,,0.814,0.946,orin_nx_hailo10_01,ok,classification,split
hailo10h,,,,,,b009,,,,inconclusive,pass,,,,0.0,-0.004,resnet50,,,,0.812,0.952,paired_central_quality_result,0cdcb06d3774e2a7dd319ff1edbffe5b49432a8b7c8302ecc9ffaceea81a1ea1,,,,0.812,0.948,orin_nx_hailo10_01,ok,classification,split
hailo10h,,,,,,b020,,,,inconclusive,inconclusive,,,,-0.002,-0.006,resnet50,,,,0.812,0.952,paired_central_quality_result,0cdcb06d3774e2a7dd319ff1edbffe5b49432a8b7c8302ecc9ffaceea81a1ea1,,,,0.81,0.946,orin_nx_hailo10_01,ok,classification,split
hailo10h,,,,,,b022,,,,inconclusive,inconclusive,,,,0.008,-0.006,resnet50,,,,0.812,0.952,paired_central_quality_result,0cdcb06d3774e2a7dd319ff1edbffe5b49432a8b7c8302ecc9ffaceea81a1ea1,,,,0.82,0.946,orin_nx_hailo10_01,ok,classification,split
hailo10h,,,,,,b027,,,,inconclusive,inconclusive,,,,-0.008,-0.006,resnet50,,,,0.812,0.952,paired_central_quality_result,0cdcb06d3774e2a7dd319ff1edbffe5b49432a8b7c8302ecc9ffaceea81a1ea1,,,,0.804,0.946,orin_nx_hailo10_01,ok,classification,split
hailo10h,,,,,point_estimate_below_non_inferiority_margin,b042,,,,fail,pass,,,,-0.012,-0.008,resnet50,,,,0.812,0.952,paired_central_quality_result,0cdcb06d3774e2a7dd319ff1edbffe5b49432a8b7c8302ecc9ffaceea81a1ea1,,,,0.8,0.944,orin_nx_hailo10_01,ok,classification,split
hailo10h,,,,,point_estimate_below_non_inferiority_margin,b052,,,,fail,pass,,,,-0.012,-0.008,resnet50,,,,0.812,0.952,paired_central_quality_result,0cdcb06d3774e2a7dd319ff1edbffe5b49432a8b7c8302ecc9ffaceea81a1ea1,,,,0.8,0.944,orin_nx_hailo10_01,ok,classification,split
hailo10h,,,,,,b054,,,,inconclusive,inconclusive,,,,-0.008,-0.01,resnet50,,,,0.812,0.952,paired_central_quality_result,0cdcb06d3774e2a7dd319ff1edbffe5b49432a8b7c8302ecc9ffaceea81a1ea1,,,,0.804,0.942,orin_nx_hailo10_01,ok,classification,split
hailo10h,,,,,,b056,,,,inconclusive,inconclusive,,,,-0.006,-0.006,resnet50,,,,0.812,0.952,paired_central_quality_result,0cdcb06d3774e2a7dd319ff1edbffe5b49432a8b7c8302ecc9ffaceea81a1ea1,,,,0.806,0.946,orin_nx_hailo10_01,ok,classification,split
hailo10h,,,,,,b068,,,,inconclusive,pass,,,,-0.008,0.0,resnet50,,,,0.812,0.952,paired_central_quality_result,0cdcb06d3774e2a7dd319ff1edbffe5b49432a8b7c8302ecc9ffaceea81a1ea1,,,,0.804,0.952,orin_nx_hailo10_01,ok,classification,split
hailo10h,,,,,,b074,,,,inconclusive,pass,,,,0.0,-0.002,resnet50,,,,0.812,0.952,paired_central_quality_result,0cdcb06d3774e2a7dd319ff1edbffe5b49432a8b7c8302ecc9ffaceea81a1ea1,,,,0.812,0.95,orin_nx_hailo10_01,ok,classification,split
hailo10h,,,,,,b078,,,,inconclusive,pass,,,,-0.006,-0.002,resnet50,,,,0.812,0.952,paired_central_quality_result,0cdcb06d3774e2a7dd319ff1edbffe5b49432a8b7c8302ecc9ffaceea81a1ea1,,,,0.806,0.95,orin_nx_hailo10_01,ok,classification,split
hailo10h,,,,,,b091,,,,inconclusive,pass,,,,-0.008,-0.002,resnet50,,,,0.812,0.952,paired_central_quality_result,0cdcb06d3774e2a7dd319ff1edbffe5b49432a8b7c8302ecc9ffaceea81a1ea1,,,,0.804,0.95,orin_nx_hailo10_01,ok,classification,split
hailo10h,,,,,,b095,,,,inconclusive,inconclusive,,,,-0.002,-0.004,resnet50,,,,0.812,0.952,paired_central_quality_result,0cdcb06d3774e2a7dd319ff1edbffe5b49432a8b7c8302ecc9ffaceea81a1ea1,,,,0.81,0.948,orin_nx_hailo10_01,ok,classification,split
hailo10h,,,,,,b107,,,,pass,pass,,,,0.002,0.002,resnet50,,,,0.812,0.952,paired_central_quality_result,0cdcb06d3774e2a7dd319ff1edbffe5b49432a8b7c8302ecc9ffaceea81a1ea1,,,,0.814,0.954,orin_nx_hailo10_01,ok,classification,split
hailo10h,,,,,,b112,,,,inconclusive,pass,,,,0.002,-0.002,resnet50,,,,0.812,0.952,paired_central_quality_result,0cdcb06d3774e2a7dd319ff1edbffe5b49432a8b7c8302ecc9ffaceea81a1ea1,,,,0.814,0.95,orin_nx_hailo10_01,ok,classification,split
hailo10h,,,,,,b118,,,,inconclusive,pass,,,,0.0,0.002,resnet50,,,,0.812,0.952,paired_central_quality_result,0cdcb06d3774e2a7dd319ff1edbffe5b49432a8b7c8302ecc9ffaceea81a1ea1,,,,0.812,0.954,orin_nx_hailo10_01,ok,classification,split
hailo10h,,,,,,b119,,,,pass,pass,,,,0.004,0.002,resnet50,,,,0.812,0.952,paired_central_quality_result,0cdcb06d3774e2a7dd319ff1edbffe5b49432a8b7c8302ecc9ffaceea81a1ea1,,,,0.816,0.954,orin_nx_hailo10_01,ok,classification,split
hailo8,,,,,,b119,,,,inconclusive,pass,,,,-0.002,-0.002,resnet50,,,,0.812,0.952,paired_central_quality_result,0cdcb06d3774e2a7dd319ff1edbffe5b49432a8b7c8302ecc9ffaceea81a1ea1,,,,0.81,0.95,orin_nx_hailo8_01,ok,classification,vendor_full
hailo8,,,,,point_estimate_below_non_inferiority_margin,b001,,,,fail,pass,,,,-0.012,-0.004,resnet50,,,,0.812,0.952,paired_central_quality_result,0cdcb06d3774e2a7dd319ff1edbffe5b49432a8b7c8302ecc9ffaceea81a1ea1,,,,0.8,0.948,orin_nx_hailo8_01,ok,classification,split
hailo8,,,,,,b003,,,,inconclusive,pass,,,,-0.01,0.0,resnet50,,,,0.812,0.952,paired_central_quality_result,0cdcb06d3774e2a7dd319ff1edbffe5b49432a8b7c8302ecc9ffaceea81a1ea1,,,,0.802,0.952,orin_nx_hailo8_01,ok,classification,split
hailo8,,,,,,b008,,,,inconclusive,pass,,,,0.0,-0.004,resnet50,,,,0.812,0.952,paired_central_quality_result,0cdcb06d3774e2a7dd319ff1edbffe5b49432a8b7c8302ecc9ffaceea81a1ea1,,,,0.812,0.948,orin_nx_hailo8_01,ok,classification,split
hailo8,,,,,,b009,,,,inconclusive,inconclusive,,,,0.0,-0.006,resnet50,,,,0.812,0.952,paired_central_quality_result,0cdcb06d3774e2a7dd319ff1edbffe5b49432a8b7c8302ecc9ffaceea81a1ea1,,,,0.812,0.946,orin_nx_hailo8_01,ok,classification,split
hailo8,,,,,,b020,,,,inconclusive,inconclusive,,,,-0.002,-0.006,resnet50,,,,0.812,0.952,paired_central_quality_result,0cdcb06d3774e2a7dd319ff1edbffe5b49432a8b7c8302ecc9ffaceea81a1ea1,,,,0.81,0.946,orin_nx_hailo8_01,ok,classification,split
hailo8,,,,,,b022,,,,inconclusive,inconclusive,,,,0.006,-0.004,resnet50,,,,0.812,0.952,paired_central_quality_result,0cdcb06d3774e2a7dd319ff1edbffe5b49432a8b7c8302ecc9ffaceea81a1ea1,,,,0.818,0.948,orin_nx_hailo8_01,ok,classification,split
hailo8,,,,,,b027,,,,inconclusive,inconclusive,,,,-0.004,-0.01,resnet50,,,,0.812,0.952,paired_central_quality_result,0cdcb06d3774e2a7dd319ff1edbffe5b49432a8b7c8302ecc9ffaceea81a1ea1,,,,0.808,0.942,orin_nx_hailo8_01,ok,classification,split
hailo8,,,,,,b042,,,,inconclusive,inconclusive,,,,-0.006,-0.01,resnet50,,,,0.812,0.952,paired_central_quality_result,0cdcb06d3774e2a7dd319ff1edbffe5b49432a8b7c8302ecc9ffaceea81a1ea1,,,,0.806,0.942,orin_nx_hailo8_01,ok,classification,split
hailo8,,,,,point_estimate_below_non_inferiority_margin,b052,,,,fail,pass,,,,-0.014,-0.01,resnet50,,,,0.812,0.952,paired_central_quality_result,0cdcb06d3774e2a7dd319ff1edbffe5b49432a8b7c8302ecc9ffaceea81a1ea1,,,,0.798,0.942,orin_nx_hailo8_01,ok,classification,split
hailo8,,,,,,b054,,,,inconclusive,inconclusive,,,,-0.01,-0.006,resnet50,,,,0.812,0.952,paired_central_quality_result,0cdcb06d3774e2a7dd319ff1edbffe5b49432a8b7c8302ecc9ffaceea81a1ea1,,,,0.802,0.946,orin_nx_hailo8_01,ok,classification,split
hailo8,,,,,,b056,,,,inconclusive,inconclusive,,,,-0.004,-0.006,resnet50,,,,0.812,0.952,paired_central_quality_result,0cdcb06d3774e2a7dd319ff1edbffe5b49432a8b7c8302ecc9ffaceea81a1ea1,,,,0.808,0.946,orin_nx_hailo8_01,ok,classification,split
hailo8,,,,,,b068,,,,inconclusive,pass,,,,-0.002,0.0,resnet50,,,,0.812,0.952,paired_central_quality_result,0cdcb06d3774e2a7dd319ff1edbffe5b49432a8b7c8302ecc9ffaceea81a1ea1,,,,0.81,0.952,orin_nx_hailo8_01,ok,classification,split
hailo8,,,,,,b074,,,,inconclusive,pass,,,,-0.01,-0.002,resnet50,,,,0.812,0.952,paired_central_quality_result,0cdcb06d3774e2a7dd319ff1edbffe5b49432a8b7c8302ecc9ffaceea81a1ea1,,,,0.802,0.95,orin_nx_hailo8_01,ok,classification,split
hailo8,,,,,,b078,,,,inconclusive,inconclusive,,,,-0.006,-0.004,resnet50,,,,0.812,0.952,paired_central_quality_result,0cdcb06d3774e2a7dd319ff1edbffe5b49432a8b7c8302ecc9ffaceea81a1ea1,,,,0.806,0.948,orin_nx_hailo8_01,ok,classification,split
hailo8,,,,,point_estimate_below_non_inferiority_margin,b091,,,,fail,pass,,,,-0.012,-0.004,resnet50,,,,0.812,0.952,paired_central_quality_result,0cdcb06d3774e2a7dd319ff1edbffe5b49432a8b7c8302ecc9ffaceea81a1ea1,,,,0.8,0.948,orin_nx_hailo8_01,ok,classification,split
hailo8,,,,,,b095,,,,inconclusive,inconclusive,,,,-0.006,-0.006,resnet50,,,,0.812,0.952,paired_central_quality_result,0cdcb06d3774e2a7dd319ff1edbffe5b49432a8b7c8302ecc9ffaceea81a1ea1,,,,0.806,0.946,orin_nx_hailo8_01,ok,classification,split
hailo8,,,,,,b107,,,,pass,pass,,,,0.008,0.0,resnet50,,,,0.812,0.952,paired_central_quality_result,0cdcb06d3774e2a7dd319ff1edbffe5b49432a8b7c8302ecc9ffaceea81a1ea1,,,,0.82,0.952,orin_nx_hailo8_01,ok,classification,split
hailo8,,,,,,b112,,,,pass,pass,,,,0.006,0.0,resnet50,,,,0.812,0.952,paired_central_quality_result,0cdcb06d3774e2a7dd319ff1edbffe5b49432a8b7c8302ecc9ffaceea81a1ea1,,,,0.818,0.952,orin_nx_hailo8_01,ok,classification,split
hailo8,,,,,,b118,,,,inconclusive,pass,,,,0.002,0.002,resnet50,,,,0.812,0.952,paired_central_quality_result,0cdcb06d3774e2a7dd319ff1edbffe5b49432a8b7c8302ecc9ffaceea81a1ea1,,,,0.814,0.954,orin_nx_hailo8_01,ok,classification,split
hailo8,,,,,,b119,,,,pass,pass,,,,0.004,0.004,resnet50,,,,0.812,0.952,paired_central_quality_result,0cdcb06d3774e2a7dd319ff1edbffe5b49432a8b7c8302ecc9ffaceea81a1ea1,,,,0.816,0.956,orin_nx_hailo8_01,ok,classification,split
tensorrt,,,,,candidate_reference_identical,full,,,,pass,pass,,,,0.0,0.0,resnet50,,,,0.812,0.952,paired_central_quality_result,0cdcb06d3774e2a7dd319ff1edbffe5b49432a8b7c8302ecc9ffaceea81a1ea1,,,,0.812,0.952,orin_nx_deepx_m1_01,ok,classification,vendor_full
tensorrt,,,,,candidate_reference_identical,full,,,,pass,pass,,,,0.0,0.0,resnet50,,,,0.812,0.952,paired_central_quality_result,0cdcb06d3774e2a7dd319ff1edbffe5b49432a8b7c8302ecc9ffaceea81a1ea1,,,,0.812,0.952,orin_nx_hailo10_01,ok,classification,vendor_full
tensorrt,,,,,candidate_reference_identical,full,,,,pass,pass,,,,0.0,0.0,resnet50,,,,0.812,0.952,paired_central_quality_result,0cdcb06d3774e2a7dd319ff1edbffe5b49432a8b7c8302ecc9ffaceea81a1ea1,,,,0.812,0.952,orin_nx_hailo8_01,ok,classification,vendor_full
tensorrt,,,,,candidate_reference_identical,b001,,,,pass,pass,,,,0.0,0.0,resnet50,,,,0.812,0.952,paired_central_quality_result,0cdcb06d3774e2a7dd319ff1edbffe5b49432a8b7c8302ecc9ffaceea81a1ea1,,,,0.812,0.952,orin_nx_deepx_m1_01,ok,classification,split
tensorrt,,,,,candidate_reference_identical,b003,,,,pass,pass,,,,0.0,0.0,resnet50,,,,0.812,0.952,paired_central_quality_result,0cdcb06d3774e2a7dd319ff1edbffe5b49432a8b7c8302ecc9ffaceea81a1ea1,,,,0.812,0.952,orin_nx_deepx_m1_01,ok,classification,split
tensorrt,,,,,candidate_reference_identical,b008,,,,pass,pass,,,,0.0,0.0,resnet50,,,,0.812,0.952,paired_central_quality_result,0cdcb06d3774e2a7dd319ff1edbffe5b49432a8b7c8302ecc9ffaceea81a1ea1,,,,0.812,0.952,orin_nx_deepx_m1_01,ok,classification,split
tensorrt,,,,,candidate_reference_identical,b009,,,,pass,pass,,,,0.0,0.0,resnet50,,,,0.812,0.952,paired_central_quality_result,0cdcb06d3774e2a7dd319ff1edbffe5b49432a8b7c8302ecc9ffaceea81a1ea1,,,,0.812,0.952,orin_nx_deepx_m1_01,ok,classification,split
tensorrt,,,,,candidate_reference_identical,b020,,,,pass,pass,,,,0.0,0.0,resnet50,,,,0.812,0.952,paired_central_quality_result,0cdcb06d3774e2a7dd319ff1edbffe5b49432a8b7c8302ecc9ffaceea81a1ea1,,,,0.812,0.952,orin_nx_deepx_m1_01,ok,classification,split
tensorrt,,,,,candidate_reference_identical,b022,,,,pass,pass,,,,0.0,0.0,resnet50,,,,0.812,0.952,paired_central_quality_result,0cdcb06d3774e2a7dd319ff1edbffe5b49432a8b7c8302ecc9ffaceea81a1ea1,,,,0.812,0.952,orin_nx_deepx_m1_01,ok,classification,split
tensorrt,,,,,candidate_reference_identical,b027,,,,pass,pass,,,,0.0,0.0,resnet50,,,,0.812,0.952,paired_central_quality_result,0cdcb06d3774e2a7dd319ff1edbffe5b49432a8b7c8302ecc9ffaceea81a1ea1,,,,0.812,0.952,orin_nx_deepx_m1_01,ok,classification,split
tensorrt,,,,,candidate_reference_identical,b042,,,,pass,pass,,,,0.0,0.0,resnet50,,,,0.812,0.952,paired_central_quality_result,0cdcb06d3774e2a7dd319ff1edbffe5b49432a8b7c8302ecc9ffaceea81a1ea1,,,,0.812,0.952,orin_nx_deepx_m1_01,ok,classification,split
tensorrt,,,,,candidate_reference_identical,b052,,,,pass,pass,,,,0.0,0.0,resnet50,,,,0.812,0.952,paired_central_quality_result,0cdcb06d3774e2a7dd319ff1edbffe5b49432a8b7c8302ecc9ffaceea81a1ea1,,,,0.812,0.952,orin_nx_deepx_m1_01,ok,classification,split
tensorrt,,,,,candidate_reference_identical,b054,,,,pass,pass,,,,0.0,0.0,resnet50,,,,0.812,0.952,paired_central_quality_result,0cdcb06d3774e2a7dd319ff1edbffe5b49432a8b7c8302ecc9ffaceea81a1ea1,,,,0.812,0.952,orin_nx_deepx_m1_01,ok,classification,split
tensorrt,,,,,candidate_reference_identical,b056,,,,pass,pass,,,,0.0,0.0,resnet50,,,,0.812,0.952,paired_central_quality_result,0cdcb06d3774e2a7dd319ff1edbffe5b49432a8b7c8302ecc9ffaceea81a1ea1,,,,0.812,0.952,orin_nx_deepx_m1_01,ok,classification,split
tensorrt,,,,,candidate_reference_identical,b068,,,,pass,pass,,,,0.0,0.0,resnet50,,,,0.812,0.952,paired_central_quality_result,0cdcb06d3774e2a7dd319ff1edbffe5b49432a8b7c8302ecc9ffaceea81a1ea1,,,,0.812,0.952,orin_nx_deepx_m1_01,ok,classification,split
tensorrt,,,,,candidate_reference_identical,b074,,,,pass,pass,,,,0.0,0.0,resnet50,,,,0.812,0.952,paired_central_quality_result,0cdcb06d3774e2a7dd319ff1edbffe5b49432a8b7c8302ecc9ffaceea81a1ea1,,,,0.812,0.952,orin_nx_deepx_m1_01,ok,classification,split
tensorrt,,,,,candidate_reference_identical,b078,,,,pass,pass,,,,0.0,0.0,resnet50,,,,0.812,0.952,paired_central_quality_result,0cdcb06d3774e2a7dd319ff1edbffe5b49432a8b7c8302ecc9ffaceea81a1ea1,,,,0.812,0.952,orin_nx_deepx_m1_01,ok,classification,split
tensorrt,,,,,candidate_reference_identical,b091,,,,pass,pass,,,,0.0,0.0,resnet50,,,,0.812,0.952,paired_central_quality_result,0cdcb06d3774e2a7dd319ff1edbffe5b49432a8b7c8302ecc9ffaceea81a1ea1,,,,0.812,0.952,orin_nx_deepx_m1_01,ok,classification,split
tensorrt,,,,,candidate_reference_identical,b095,,,,pass,pass,,,,0.0,0.0,resnet50,,,,0.812,0.952,paired_central_quality_result,0cdcb06d3774e2a7dd319ff1edbffe5b49432a8b7c8302ecc9ffaceea81a1ea1,,,,0.812,0.952,orin_nx_deepx_m1_01,ok,classification,split
tensorrt,,,,,candidate_reference_identical,b107,,,,pass,pass,,,,0.0,0.0,resnet50,,,,0.812,0.952,paired_central_quality_result,0cdcb06d3774e2a7dd319ff1edbffe5b49432a8b7c8302ecc9ffaceea81a1ea1,,,,0.812,0.952,orin_nx_deepx_m1_01,ok,classification,split
tensorrt,,,,,candidate_reference_identical,b112,,,,pass,pass,,,,0.0,0.0,resnet50,,,,0.812,0.952,paired_central_quality_result,0cdcb06d3774e2a7dd319ff1edbffe5b49432a8b7c8302ecc9ffaceea81a1ea1,,,,0.812,0.952,orin_nx_deepx_m1_01,ok,classification,split
tensorrt,,,,,candidate_reference_identical,b118,,,,pass,pass,,,,0.0,0.0,resnet50,,,,0.812,0.952,paired_central_quality_result,0cdcb06d3774e2a7dd319ff1edbffe5b49432a8b7c8302ecc9ffaceea81a1ea1,,,,0.812,0.952,orin_nx_deepx_m1_01,ok,classification,split
tensorrt,,,,,candidate_reference_identical,b119,,,,pass,pass,,,,0.0,0.0,resnet50,,,,0.812,0.952,paired_central_quality_result,0cdcb06d3774e2a7dd319ff1edbffe5b49432a8b7c8302ecc9ffaceea81a1ea1,,,,0.812,0.952,orin_nx_deepx_m1_01,ok,classification,split
tensorrt,,,,,candidate_reference_identical,b119,,,,pass,pass,,,,0.0,0.0,resnet50,,,,0.812,0.952,paired_central_quality_result,0cdcb06d3774e2a7dd319ff1edbffe5b49432a8b7c8302ecc9ffaceea81a1ea1,,,,0.812,0.952,orin_nx_deepx_m1_01,ok,classification,vendor_full
deepx,point_estimate_below_non_inferiority_margin,point_estimate_below_non_inferiority_margin,,,,full,pass,fail,fail,,,0.0013787870230798083,-0.015021279456075454,-0.006142091075082956,,,yolo26s,0.5296159954391199,0.45168933952503865,0.40753480524311103,,,paired_central_quality_result,7268eb37e7d4538509756babb5fa4d0fac14dded7969fe99648c4643a80f924f,0.5309947824621997,0.4366680600689632,0.4013927141680281,,,orin_nx_deepx_m1_01,ok,detection,vendor_full
deepx,,,,,,b001,pass,pass,pass,,,-0.001807940863810531,-0.0005158059760043687,-0.00030713603317766847,,,yolo26s,0.5296159954391199,0.45168933952503865,0.40753480524311103,,,paired_central_quality_result,7268eb37e7d4538509756babb5fa4d0fac14dded7969fe99648c4643a80f924f,0.5278080545753093,0.4511735335490343,0.40722766920993336,,,orin_nx_deepx_m1_01,ok,detection,split
deepx,,,,,,b002,pass,pass,pass,,,-0.0021557455550473836,-0.001847172888124915,-0.0007964138692420075,,,yolo26s,0.5296159954391199,0.45168933952503865,0.40753480524311103,,,paired_central_quality_result,7268eb37e7d4538509756babb5fa4d0fac14dded7969fe99648c4643a80f924f,0.5274602498840725,0.44984216663691373,0.406738391373869,,,orin_nx_deepx_m1_01,ok,detection,split
deepx,,,,,,b005,pass,pass,pass,,,-0.00022998274774244098,-0.0022136251303819243,-0.00048711223576197726,,,yolo26s,0.5296159954391199,0.45168933952503865,0.40753480524311103,,,paired_central_quality_result,7268eb37e7d4538509756babb5fa4d0fac14dded7969fe99648c4643a80f924f,0.5293860126913774,0.4494757143946567,0.40704769300734905,,,orin_nx_deepx_m1_01,ok,detection,split
deepx,,,,,,b038,pass,pass,pass,,,0.001496302028472507,-0.0027475737865166883,0.0006047932873479156,,,yolo26s,0.5296159954391199,0.45168933952503865,0.40753480524311103,,,paired_central_quality_result,7268eb37e7d4538509756babb5fa4d0fac14dded7969fe99648c4643a80f924f,0.5311122974675924,0.44894176573852196,0.40813959853045895,,,orin_nx_deepx_m1_01,ok,detection,split
deepx,,,,,,b042,pass,inconclusive,inconclusive,,,-0.0020270237201216457,-0.004870608076453176,-0.0027572408544664917,,,yolo26s,0.5296159954391199,0.45168933952503865,0.40753480524311103,,,paired_central_quality_result,7268eb37e7d4538509756babb5fa4d0fac14dded7969fe99648c4643a80f924f,0.5275889717189982,0.44681873144858547,0.40477756438864454,,,orin_nx_deepx_m1_01,ok,detection,split
deepx,,,,,,b118,pass,pass,pass,,,-0.0017920607756271023,-0.002467337427753069,-0.0014438535793370733,,,yolo26s,0.5296159954391199,0.45168933952503865,0.40753480524311103,,,paired_central_quality_result,7268eb37e7d4538509756babb5fa4d0fac14dded7969fe99648c4643a80f924f,0.5278239346634928,0.4492220020972856,0.40609095166377396,,,orin_nx_deepx_m1_01,ok,detection,split
deepx,,,,,,b148,pass,pass,pass,,,-0.0015135150624088212,-0.001397069244839233,-0.00012494377001176504,,,yolo26s,0.5296159954391199,0.45168933952503865,0.40753480524311103,,,paired_central_quality_result,7268eb37e7d4538509756babb5fa4d0fac14dded7969fe99648c4643a80f924f,0.528102480376711,0.4502922702801994,0.40740986147309927,,,orin_nx_deepx_m1_01,ok,detection,split
deepx,,,,,,b181,pass,inconclusive,inconclusive,,,-0.0016311513831709368,-0.008321373360139328,-0.0014599442106007499,,,yolo26s,0.5296159954391199,0.45168933952503865,0.40753480524311103,,,paired_central_quality_result,7268eb37e7d4538509756babb5fa4d0fac14dded7969fe99648c4643a80f924f,0.5279848440559489,0.4433679661648993,0.4060748610325103,,,orin_nx_deepx_m1_01,ok,detection,split
deepx,,,,,,b221,pass,pass,pass,,,0.0038204754859504364,0.001203435375401296,0.002176816366626755,,,yolo26s,0.5296159954391199,0.45168933952503865,0.40753480524311103,,,paired_central_quality_result,7268eb37e7d4538509756babb5fa4d0fac14dded7969fe99648c4643a80f924f,0.5334364709250703,0.45289277490043994,0.4097116216097378,,,orin_nx_deepx_m1_01,ok,detection,split
hailo10h,point_estimate_below_non_inferiority_margin,point_estimate_below_non_inferiority_margin,,,,b001,fail,fail,fail,,,-0.055085274230430636,-0.0616689923449909,-0.05678649638168576,,,yolo26s,0.5296159954391199,0.45168933952503865,0.40753480524311103,,,paired_central_quality_result,7268eb37e7d4538509756babb5fa4d0fac14dded7969fe99648c4643a80f924f,0.4745307212086892,0.39002034718004774,0.3507483088614253,,,orin_nx_hailo10_01,ok,detection,vendor_full
hailo10h,point_estimate_below_non_inferiority_margin,point_estimate_below_non_inferiority_margin,,,,b001,fail,fail,fail,,,-0.013104800267679795,-0.018148031476700632,-0.01097088519463063,,,yolo26s,0.5296159954391199,0.45168933952503865,0.40753480524311103,,,paired_central_quality_result,7268eb37e7d4538509756babb5fa4d0fac14dded7969fe99648c4643a80f924f,0.5165111951714401,0.433541308048338,0.3965639200484804,,,orin_nx_hailo10_01,ok,detection,split
hailo10h,point_estimate_below_non_inferiority_margin,point_estimate_below_non_inferiority_margin,,,,b002,fail,fail,fail,,,-0.010131723122062675,-0.014289634901624437,-0.010226409872325315,,,yolo26s,0.5296159954391199,0.45168933952503865,0.40753480524311103,,,paired_central_quality_result,7268eb37e7d4538509756babb5fa4d0fac14dded7969fe99648c4643a80f924f,0.5194842723170572,0.4373997046234142,0.3973083953707857,,,orin_nx_hailo10_01,ok,detection,split
hailo10h,,,,,,b005,inconclusive,inconclusive,inconclusive,,,-0.003450614918429018,-0.009646959141782041,-0.0051847318058032,,,yolo26s,0.5296159954391199,0.45168933952503865,0.40753480524311103,,,paired_central_quality_result,7268eb37e7d4538509756babb5fa4d0fac14dded7969fe99648c4643a80f924f,0.5261653805206908,0.4420423803832566,0.40235007343730783,,,orin_nx_hailo10_01,ok,detection,split
hailo10h,point_estimate_below_non_inferiority_margin,point_estimate_below_non_inferiority_margin,,,,b038,pass,fail,fail,,,-0.004191906812905044,-0.010788738002797671,-0.007219585964967967,,,yolo26s,0.5296159954391199,0.45168933952503865,0.40753480524311103,,,paired_central_quality_result,7268eb37e7d4538509756babb5fa4d0fac14dded7969fe99648c4643a80f924f,0.5254240886262148,0.440900601522241,0.40031521927814306,,,orin_nx_hailo10_01,ok,detection,split
hailo10h,point_estimate_below_non_inferiority_margin,point_estimate_below_non_inferiority_margin,,,,b042,pass,fail,fail,,,-0.00645540361430974,-0.010533151218649173,-0.006735998980475,,,yolo26s,0.5296159954391199,0.45168933952503865,0.40753480524311103,,,paired_central_quality_result,7268eb37e7d4538509756babb5fa4d0fac14dded7969fe99648c4643a80f924f,0.5231605918248101,0.4411561883063895,0.40079880626263603,,,orin_nx_hailo10_01,ok,detection,split
hailo10h,point_estimate_below_non_inferiority_margin,point_estimate_below_non_inferiority_margin,,,,b118,pass,fail,fail,,,-0.008768076936502278,-0.012243450755751395,-0.009716972664810086,,,yolo26s,0.5296159954391199,0.45168933952503865,0.40753480524311103,,,paired_central_quality_result,7268eb37e7d4538509756babb5fa4d0fac14dded7969fe99648c4643a80f924f,0.5208479185026176,0.43944588876928725,0.39781783257830095,,,orin_nx_hailo10_01,ok,detection,split
hailo10h,point_estimate_below_non_inferiority_margin,point_estimate_below_non_inferiority_margin,,,,b148,fail,fail,fail,,,-0.017180074662855427,-0.02086662709122833,-0.01568369368356337,,,yolo26s,0.5296159954391199,0.45168933952503865,0.40753480524311103,,,paired_central_quality_result,7268eb37e7d4538509756babb5fa4d0fac14dded7969fe99648c4643a80f924f,0.5124359207762644,0.4308227124338103,0.39185111155954766,,,orin_nx_hailo10_01,ok,detection,split
hailo10h,point_estimate_below_non_inferiority_margin,point_estimate_below_non_inferiority_margin,,,,b181,fail,fail,fail,,,-0.016218648943127967,-0.02202920192244029,-0.016503266934190186,,,yolo26s,0.5296159954391199,0.45168933952503865,0.40753480524311103,,,paired_central_quality_result,7268eb37e7d4538509756babb5fa4d0fac14dded7969fe99648c4643a80f924f,0.5133973464959919,0.42966013760259836,0.39103153830892085,,,orin_nx_hailo10_01,ok,detection,split
hailo10h,point_estimate_below_non_inferiority_margin,point_estimate_below_non_inferiority_margin,,,,b221,fail,fail,fail,,,-0.03261491534770422,-0.05966653015907153,-0.04202902112135409,,,yolo26s,0.5296159954391199,0.45168933952503865,0.40753480524311103,,,paired_central_quality_result,7268eb37e7d4538509756babb5fa4d0fac14dded7969fe99648c4643a80f924f,0.49700108009141564,0.3920228093659671,0.36550578412175694,,,orin_nx_hailo10_01,ok,detection,split
hailo8,point_estimate_below_non_inferiority_margin,point_estimate_below_non_inferiority_margin,,,,b001,fail,fail,fail,,,-0.08961842901414574,-0.0827608847086973,-0.07796551293294679,,,yolo26s,0.5296159954391199,0.45168933952503865,0.40753480524311103,,,paired_central_quality_result,7268eb37e7d4538509756babb5fa4d0fac14dded7969fe99648c4643a80f924f,0.4399975664249741,0.36892845481634134,0.32956929231016424,,,orin_nx_hailo8_01,ok,detection,vendor_full
hailo8,point_estimate_below_non_inferiority_margin,point_estimate_below_non_inferiority_margin,,,,b001,fail,fail,fail,,,-0.01348344665573975,-0.017190369572674946,-0.010933319648870787,,,yolo26s,0.5296159954391199,0.45168933952503865,0.40753480524311103,,,paired_central_quality_result,7268eb37e7d4538509756babb5fa4d0fac14dded7969fe99648c4643a80f924f,0.5161325487833801,0.4344989699523637,0.39660148559424024,,,orin_nx_hailo8_01,ok,detection,split
hailo8,point_estimate_below_non_inferiority_margin,point_estimate_below_non_inferiority_margin,,,,b002,pass,fail,fail,,,-0.008159628892225212,-0.014063767651741443,-0.009963349199065497,,,yolo26s,0.5296159954391199,0.45168933952503865,0.40753480524311103,,,paired_central_quality_result,7268eb37e7d4538509756babb5fa4d0fac14dded7969fe99648c4643a80f924f,0.5214563665468946,0.4376255718732972,0.39757145604404553,,,orin_nx_hailo8_01,ok,detection,split
hailo8,,,,,,b005,inconclusive,inconclusive,inconclusive,,,-0.00696080620262296,-0.009359794467835136,-0.007997872723372601,,,yolo26s,0.5296159954391199,0.45168933952503865,0.40753480524311103,,,paired_central_quality_result,7268eb37e7d4538509756babb5fa4d0fac14dded7969fe99648c4643a80f924f,0.5226551892364969,0.4423295450572035,0.39953693251973843,,,orin_nx_hailo8_01,ok,detection,split
hailo8,point_estimate_below_non_inferiority_margin,point_estimate_below_non_inferiority_margin,,,,b038,pass,fail,fail,,,-0.00821282913410426,-0.010346247001302156,-0.00875007768067082,,,yolo26s,0.5296159954391199,0.45168933952503865,0.40753480524311103,,,paired_central_quality_result,7268eb37e7d4538509756babb5fa4d0fac14dded7969fe99648c4643a80f924f,0.5214031663050156,0.4413430925237365,0.3987847275624402,,,orin_nx_hailo8_01,ok,detection,split
hailo8,point_estimate_below_non_inferiority_margin,point_estimate_below_non_inferiority_margin,,,,b042,pass,fail,fail,,,-0.009178803529184654,-0.012848943936647816,-0.009904336184240192,,,yolo26s,0.5296159954391199,0.45168933952503865,0.40753480524311103,,,paired_central_quality_result,7268eb37e7d4538509756babb5fa4d0fac14dded7969fe99648c4643a80f924f,0.5204371919099352,0.43884039558839083,0.39763046905887084,,,orin_nx_hailo8_01,ok,detection,split
hailo8,,,,,,b118,inconclusive,inconclusive,inconclusive,,,-0.007745884491665467,-0.009166844676036678,-0.00773530521095811,,,yolo26s,0.5296159954391199,0.45168933952503865,0.40753480524311103,,,paired_central_quality_result,7268eb37e7d4538509756babb5fa4d0fac14dded7969fe99648c4643a80f924f,0.5218701109474544,0.44252249484900197,0.3997995000321529,,,orin_nx_hailo8_01,ok,detection,split
hailo8,point_estimate_below_non_inferiority_margin,point_estimate_below_non_inferiority_margin,,,,b148,fail,fail,fail,,,-0.010034747842219693,-0.01354555187949752,-0.011064805168644665,,,yolo26s,0.5296159954391199,0.45168933952503865,0.40753480524311103,,,paired_central_quality_result,7268eb37e7d4538509756babb5fa4d0fac14dded7969fe99648c4643a80f924f,0.5195812475969002,0.4381437876455411,0.39647000007446637,,,orin_nx_hailo8_01,ok,detection,split
hailo8,point_estimate_below_non_inferiority_margin,point_estimate_below_non_inferiority_margin,,,,b181,fail,fail,fail,,,-0.012659412146647342,-0.016386121133397658,-0.012644604632681633,,,yolo26s,0.5296159954391199,0.45168933952503865,0.40753480524311103,,,paired_central_quality_result,7268eb37e7d4538509756babb5fa4d0fac14dded7969fe99648c4643a80f924f,0.5169565832924725,0.435303218391641,0.3948902006104294,,,orin_nx_hailo8_01,ok,detection,split
hailo8,point_estimate_below_non_inferiority_margin,point_estimate_below_non_inferiority_margin,,,,b221,fail,fail,fail,,,-0.04470188281692489,-0.07149539390892379,-0.04964016638638569,,,yolo26s,0.5296159954391199,0.45168933952503865,0.40753480524311103,,,paired_central_quality_result,7268eb37e7d4538509756babb5fa4d0fac14dded7969fe99648c4643a80f924f,0.48491411262219497,0.38019394561611486,0.35789463885672534,,,orin_nx_hailo8_01,ok,detection,split
tensorrt,,,,,,full,pass,pass,pass,,,0.0014006011519986927,-0.00020069235400987928,0.001039874359116899,,,yolo26s,0.5296159954391199,0.45168933952503865,0.40753480524311103,,,paired_central_quality_result,7268eb37e7d4538509756babb5fa4d0fac14dded7969fe99648c4643a80f924f,0.5310165965911186,0.45148864717102877,0.40857467960222793,,,orin_nx_deepx_m1_01,ok,detection,vendor_full
tensorrt,,,,,,full,pass,pass,pass,,,0.00040888823937657026,-5.310446319012341e-05,0.000660679672388198,,,yolo26s,0.5296159954391199,0.45168933952503865,0.40753480524311103,,,paired_central_quality_result,7268eb37e7d4538509756babb5fa4d0fac14dded7969fe99648c4643a80f924f,0.5300248836784964,0.4516362350618485,0.40819548491549923,,,orin_nx_hailo10_01,ok,detection,vendor_full
tensorrt,,,,,,full,pass,pass,pass,,,0.0007716465261903283,-0.00038889874104819366,0.0010401495386347381,,,yolo26s,0.5296159954391199,0.45168933952503865,0.40753480524311103,,,paired_central_quality_result,7268eb37e7d4538509756babb5fa4d0fac14dded7969fe99648c4643a80f924f,0.5303876419653102,0.45130044078399045,0.40857495478174577,,,orin_nx_hailo8_01,ok,detection,vendor_full
tensorrt,,,,,,b001,pass,pass,pass,,,0.0006100635864946247,-0.0005147443955192399,0.000816780822144092,,,yolo26s,0.5296159954391199,0.45168933952503865,0.40753480524311103,,,paired_central_quality_result,7268eb37e7d4538509756babb5fa4d0fac14dded7969fe99648c4643a80f924f,0.5302260590256145,0.4511745951295194,0.4083515860652551,,,orin_nx_deepx_m1_01,ok,detection,split
tensorrt,,,,,,b001,pass,pass,pass,,,0.0014006011519986927,-0.00020069235400987928,0.001039874359116899,,,yolo26s,0.5296159954391199,0.45168933952503865,0.40753480524311103,,,paired_central_quality_result,7268eb37e7d4538509756babb5fa4d0fac14dded7969fe99648c4643a80f924f,0.5310165965911186,0.45148864717102877,0.40857467960222793,,,orin_nx_deepx_m1_01,ok,detection,vendor_full
tensorrt,,,,,,b002,pass,pass,pass,,,0.001131603973779427,-0.0004478173939013175,0.0009415704386290247,,,yolo26s,0.5296159954391199,0.45168933952503865,0.40753480524311103,,,paired_central_quality_result,7268eb37e7d4538509756babb5fa4d0fac14dded7969fe99648c4643a80f924f,0.5307475994128993,0.45124152213113733,0.40847637568174006,,,orin_nx_deepx_m1_01,ok,detection,split
tensorrt,,,,,,b005,pass,pass,pass,,,0.001131603973779427,-0.0004478173939013175,0.0009415704386290247,,,yolo26s,0.5296159954391199,0.45168933952503865,0.40753480524311103,,,paired_central_quality_result,7268eb37e7d4538509756babb5fa4d0fac14dded7969fe99648c4643a80f924f,0.5307475994128993,0.45124152213113733,0.40847637568174006,,,orin_nx_deepx_m1_01,ok,detection,split
tensorrt,,,,,,b038,pass,pass,pass,,,0.0006963614337515134,-0.0002850038691027401,0.0009056698162072108,,,yolo26s,0.5296159954391199,0.45168933952503865,0.40753480524311103,,,paired_central_quality_result,7268eb37e7d4538509756babb5fa4d0fac14dded7969fe99648c4643a80f924f,0.5303123568728714,0.4514043356559359,0.40844047505931824,,,orin_nx_deepx_m1_01,ok,detection,split
tensorrt,,,,,,b042,pass,pass,pass,,,0.0012453739854073609,0.0006903400072957311,0.0010535221390131078,,,yolo26s,0.5296159954391199,0.45168933952503865,0.40753480524311103,,,paired_central_quality_result,7268eb37e7d4538509756babb5fa4d0fac14dded7969fe99648c4643a80f924f,0.5308613694245272,0.4523796795323344,0.40858832738212414,,,orin_nx_deepx_m1_01,ok,detection,split
tensorrt,,,,,,b118,pass,pass,pass,,,0.0012453739854073609,0.0006903400072957311,0.0010535221390131078,,,yolo26s,0.5296159954391199,0.45168933952503865,0.40753480524311103,,,paired_central_quality_result,7268eb37e7d4538509756babb5fa4d0fac14dded7969fe99648c4643a80f924f,0.5308613694245272,0.4523796795323344,0.40858832738212414,,,orin_nx_deepx_m1_01,ok,detection,split
tensorrt,,,,,,b148,pass,pass,pass,,,0.0006963614337515134,-0.0002850038691027401,0.0009056698162072108,,,yolo26s,0.5296159954391199,0.45168933952503865,0.40753480524311103,,,paired_central_quality_result,7268eb37e7d4538509756babb5fa4d0fac14dded7969fe99648c4643a80f924f,0.5303123568728714,0.4514043356559359,0.40844047505931824,,,orin_nx_deepx_m1_01,ok,detection,split
tensorrt,,,,,,b181,pass,pass,pass,,,0.0009984449400465278,0.0007646066717582056,0.0012939667412180667,,,yolo26s,0.5296159954391199,0.45168933952503865,0.40753480524311103,,,paired_central_quality_result,7268eb37e7d4538509756babb5fa4d0fac14dded7969fe99648c4643a80f924f,0.5306144403791664,0.45245394619679685,0.4088287719843291,,,orin_nx_deepx_m1_01,ok,detection,split
tensorrt,,,,,,b221,pass,pass,pass,,,0.001131603973779427,-0.0004478173939013175,0.0009414903611165704,,,yolo26s,0.5296159954391199,0.45168933952503865,0.40753480524311103,,,paired_central_quality_result,7268eb37e7d4538509756babb5fa4d0fac14dded7969fe99648c4643a80f924f,0.5307475994128993,0.45124152213113733,0.4084762956042276,,,orin_nx_deepx_m1_01,ok,detection,split
deepx,,,,,,full,pass,pass,pass,,,0.008010804549892447,0.004274438203561437,0.004274475012795154,,,yolov7_paper,0.5973630231150453,0.4885298674409785,0.4520187916528286,,,paired_central_quality_result,76503dff180bac5ef2b081b3c07b58d2cc0d3ad8a941cbda391b6f2637717a1b,0.6053738276649377,0.4928043056445399,0.45629326666562375,,,orin_nx_deepx_m1_01,ok,detection,vendor_full
deepx,,,,,,b001,pass,pass,pass,,,0.013258600985576074,0.008838984552807794,0.009039406588135124,,,yolov7_paper,0.5973630231150453,0.4885298674409785,0.4520187916528286,,,paired_central_quality_result,76503dff180bac5ef2b081b3c07b58d2cc0d3ad8a941cbda391b6f2637717a1b,0.6106216241006214,0.4973688519937863,0.4610581982409637,,,orin_nx_deepx_m1_01,ok,detection,split
deepx,,,,,,b002,pass,pass,pass,,,0.013198673785986936,0.008909904995545892,0.009076603370359038,,,yolov7_paper,0.5973630231150453,0.4885298674409785,0.4520187916528286,,,paired_central_quality_result,76503dff180bac5ef2b081b3c07b58d2cc0d3ad8a941cbda391b6f2637717a1b,0.6105616969010322,0.4974397724365244,0.46109539502318764,,,orin_nx_deepx_m1_01,ok,detection,split
deepx,,,,,,b013,pass,pass,pass,,,0.011046267839351587,0.009076353468664755,0.007932419932198453,,,yolov7_paper,0.5973630231150453,0.4885298674409785,0.4520187916528286,,,paired_central_quality_result,76503dff180bac5ef2b081b3c07b58d2cc0d3ad8a941cbda391b6f2637717a1b,0.6084092909543969,0.49760622090964324,0.45995121158502705,,,orin_nx_deepx_m1_01,ok,detection,split
deepx,,,,,,b044,pass,pass,pass,,,0.012543530172050676,0.009450252320949426,0.008157444866466246,,,yolov7_paper,0.5973630231150453,0.4885298674409785,0.4520187916528286,,,paired_central_quality_result,76503dff180bac5ef2b081b3c07b58d2cc0d3ad8a941cbda391b6f2637717a1b,0.609906553287096,0.4979801197619279,0.46017623651929485,,,orin_nx_deepx_m1_01,ok,detection,split
deepx,,,,,,b049,pass,pass,pass,,,0.011348528918432188,0.009764606802549092,0.007566422005783335,,,yolov7_paper,0.5973630231150453,0.4885298674409785,0.4520187916528286,,,paired_central_quality_result,76503dff180bac5ef2b081b3c07b58d2cc0d3ad8a941cbda391b6f2637717a1b,0.6087115520334775,0.4982944742435276,0.45958521365861194,,,orin_nx_deepx_m1_01,ok,detection,split
deepx,,,,,,b065,pass,pass,pass,,,0.010856323047439775,0.008821624912100257,0.006845207504172113,,,yolov7_paper,0.5973630231150453,0.4885298674409785,0.4520187916528286,,,paired_central_quality_result,76503dff180bac5ef2b081b3c07b58d2cc0d3ad8a941cbda391b6f2637717a1b,0.6082193461624851,0.49735149235307874,0.4588639991570007,,,orin_nx_deepx_m1_01,ok,detection,split
deepx,,,,,,b088,pass,pass,pass,,,0.011087912215971163,0.008970077802417764,0.007127456264017007,,,yolov7_paper,0.5973630231150453,0.4885298674409785,0.4520187916528286,,,paired_central_quality_result,76503dff180bac5ef2b081b3c07b58d2cc0d3ad8a941cbda391b6f2637717a1b,0.6084509353310165,0.49749994524339625,0.4591462479168456,,,orin_nx_deepx_m1_01,ok,detection,split
deepx,,,,,,b092,pass,pass,pass,,,0.011014503043255686,0.009679163584836004,0.007240591688210785,,,yolov7_paper,0.5973630231150453,0.4885298674409785,0.4520187916528286,,,paired_central_quality_result,76503dff180bac5ef2b081b3c07b58d2cc0d3ad8a941cbda391b6f2637717a1b,0.608377526158301,0.4982090310258145,0.4592593833410394,,,orin_nx_deepx_m1_01,ok,detection,split
deepx,,,,,,b114,pass,pass,pass,,,0.012067318633936397,0.009983502955424939,0.007621178701796627,,,yolov7_paper,0.5973630231150453,0.4885298674409785,0.4520187916528286,,,paired_central_quality_result,76503dff180bac5ef2b081b3c07b58d2cc0d3ad8a941cbda391b6f2637717a1b,0.6094303417489817,0.4985133703964034,0.4596399703546252,,,orin_nx_deepx_m1_01,ok,detection,split
deepx,,,,,,b134,pass,pass,pass,,,0.010308074325987127,0.008153344600433765,0.006448075038722079,,,yolov7_paper,0.5973630231150453,0.4885298674409785,0.4520187916528286,,,paired_central_quality_result,76503dff180bac5ef2b081b3c07b58d2cc0d3ad8a941cbda391b6f2637717a1b,0.6076710974410324,0.49668321204141225,0.4584668666915507,,,orin_nx_deepx_m1_01,ok,detection,split
deepx,,,,,,b155,pass,pass,pass,,,0.011669050048262353,0.009421467074737122,0.007794324000836295,,,yolov7_paper,0.5973630231150453,0.4885298674409785,0.4520187916528286,,,paired_central_quality_result,76503dff180bac5ef2b081b3c07b58d2cc0d3ad8a941cbda391b6f2637717a1b,0.6090320731633077,0.4979513345157156,0.4598131156536649,,,orin_nx_deepx_m1_01,ok,detection,split
deepx,,,,,,b165,pass,pass,pass,,,0.01108107548207049,0.009173165732017263,0.0074812430080652415,,,yolov7_paper,0.5973630231150453,0.4885298674409785,0.4520187916528286,,,paired_central_quality_result,76503dff180bac5ef2b081b3c07b58d2cc0d3ad8a941cbda391b6f2637717a1b,0.6084440985971158,0.49770303317299575,0.45950003466089384,,,orin_nx_deepx_m1_01,ok,detection,split
deepx,,,,,,b186,pass,pass,pass,,,0.010409972766912245,0.0072339563031155185,0.005904783026204563,,,yolov7_paper,0.5973630231150453,0.4885298674409785,0.4520187916528286,,,paired_central_quality_result,76503dff180bac5ef2b081b3c07b58d2cc0d3ad8a941cbda391b6f2637717a1b,0.6077729958819575,0.495763823744094,0.45792357467903316,,,orin_nx_deepx_m1_01,ok,detection,split
deepx,,,,,,b189,pass,pass,pass,,,0.009464025510346086,0.007184028428158573,0.005339180464939308,,,yolov7_paper,0.5973630231150453,0.4885298674409785,0.4520187916528286,,,paired_central_quality_result,76503dff180bac5ef2b081b3c07b58d2cc0d3ad8a941cbda391b6f2637717a1b,0.6068270486253914,0.49571389586913706,0.4573579721177679,,,orin_nx_deepx_m1_01,ok,detection,split
deepx,,,,,,b222,pass,pass,pass,,,0.00708089597560102,0.005186023432208087,0.00498852736717742,,,yolov7_paper,0.5973630231150453,0.4885298674409785,0.4520187916528286,,,paired_central_quality_result,76503dff180bac5ef2b081b3c07b58d2cc0d3ad8a941cbda391b6f2637717a1b,0.6044439190906463,0.49371589087318657,0.457007319020006,,,orin_nx_deepx_m1_01,ok,detection,split
deepx,,,,,,b228,pass,pass,pass,,,0.007941466907389838,0.005151609274199109,0.0050627127566863495,,,yolov7_paper,0.5973630231150453,0.4885298674409785,0.4520187916528286,,,paired_central_quality_result,76503dff180bac5ef2b081b3c07b58d2cc0d3ad8a941cbda391b6f2637717a1b,0.6053044900224351,0.4936814767151776,0.45708150440951495,,,orin_nx_deepx_m1_01,ok,detection,split
deepx,,,,,,b262,pass,pass,pass,,,0.011308797605630971,0.007306012675387441,0.007347211544401877,,,yolov7_paper,0.5973630231150453,0.4885298674409785,0.4520187916528286,,,paired_central_quality_result,76503dff180bac5ef2b081b3c07b58d2cc0d3ad8a941cbda391b6f2637717a1b,0.6086718207206763,0.4958358801163659,0.4593660031972305,,,orin_nx_deepx_m1_01,ok,detection,split
deepx,,,,,,b270,pass,pass,pass,,,0.01090935046720043,0.00703260495816127,0.006999708628881274,,,yolov7_paper,0.5973630231150453,0.4885298674409785,0.4520187916528286,,,paired_central_quality_result,76503dff180bac5ef2b081b3c07b58d2cc0d3ad8a941cbda391b6f2637717a1b,0.6082723735822457,0.49556247239913975,0.4590185002817099,,,orin_nx_deepx_m1_01,ok,detection,split
deepx,,,,,,b306,pass,pass,pass,,,0.012953608708068942,0.010724394657824265,0.008735764505397037,,,yolov7_paper,0.5973630231150453,0.4885298674409785,0.4520187916528286,,,paired_central_quality_result,76503dff180bac5ef2b081b3c07b58d2cc0d3ad8a941cbda391b6f2637717a1b,0.6103166318231142,0.49925426209880275,0.46075455615822564,,,orin_nx_deepx_m1_01,ok,detection,split
deepx,,,,,,b307,pass,pass,pass,,,0.012592076381096828,0.009884499264235513,0.008536468624589233,,,yolov7_paper,0.5973630231150453,0.4885298674409785,0.4520187916528286,,,paired_central_quality_result,76503dff180bac5ef2b081b3c07b58d2cc0d3ad8a941cbda391b6f2637717a1b,0.6099550994961421,0.498414366705214,0.46055526027741783,,,orin_nx_deepx_m1_01,ok,detection,split
hailo10h,point_estimate_below_non_inferiority_margin,point_estimate_below_non_inferiority_margin,,,,b306,pass,fail,fail,,,0.012423522969578826,-0.016890858246548346,-0.031878303041460276,,,yolov7_paper,0.5973630231150453,0.4885298674409785,0.4520187916528286,,,paired_central_quality_result,76503dff180bac5ef2b081b3c07b58d2cc0d3ad8a941cbda391b6f2637717a1b,0.6097865460846241,0.47163900919443014,0.4201404886113683,,,orin_nx_hailo10_01,ok,detection,vendor_full
hailo10h,point_estimate_below_non_inferiority_margin,point_estimate_below_non_inferiority_margin,,,,b001,fail,fail,fail,,,-0.4687736095713063,-0.38281339975534984,-0.35289840020193247,,,yolov7_paper,0.5973630231150453,0.4885298674409785,0.4520187916528286,,,paired_central_quality_result,76503dff180bac5ef2b081b3c07b58d2cc0d3ad8a941cbda391b6f2637717a1b,0.12858941354373896,0.10571646768562863,0.09912039145089613,,,orin_nx_hailo10_01,ok,detection,split
hailo10h,,,,,,b002,pass,pass,pass,,,0.009959007532216013,0.009292129181915576,0.006852824897274901,,,yolov7_paper,0.5973630231150453,0.4885298674409785,0.4520187916528286,,,paired_central_quality_result,76503dff180bac5ef2b081b3c07b58d2cc0d3ad8a941cbda391b6f2637717a1b,0.6073220306472613,0.49782199662289406,0.4588716165501035,,,orin_nx_hailo10_01,ok,detection,split
hailo10h,,,,,,b013,pass,pass,pass,,,0.008443091381894585,0.006135805854850462,0.005610459718742522,,,yolov7_paper,0.5973630231150453,0.4885298674409785,0.4520187916528286,,,paired_central_quality_result,76503dff180bac5ef2b081b3c07b58d2cc0d3ad8a941cbda391b6f2637717a1b,0.6058061144969399,0.49466567329582894,0.4576292513715711,,,orin_nx_hailo10_01,ok,detection,split
hailo10h,,,,,,b044,pass,pass,pass,,,0.010905032992215569,0.005918094095322124,0.005694594567752287,,,yolov7_paper,0.5973630231150453,0.4885298674409785,0.4520187916528286,,,paired_central_quality_result,76503dff180bac5ef2b081b3c07b58d2cc0d3ad8a941cbda391b6f2637717a1b,0.6082680561072609,0.4944479615363006,0.4577133862205809,,,orin_nx_hailo10_01,ok,detection,split
hailo10h,point_estimate_below_non_inferiority_margin,point_estimate_below_non_inferiority_margin,,,,b049,fail,fail,fail,,,-0.026938685562719722,-0.021154261256872364,-0.024711160715392755,,,yolov7_paper,0.5973630231150453,0.4885298674409785,0.4520187916528286,,,paired_central_quality_result,76503dff180bac5ef2b081b3c07b58d2cc0d3ad8a941cbda391b6f2637717a1b,0.5704243375523256,0.4673756061841061,0.42730763093743585,,,orin_nx_hailo10_01,ok,detection,split
hailo10h,point_estimate_below_non_inferiority_margin,point_estimate_below_non_inferiority_margin,,,,b065,fail,fail,fail,,,-0.5973630231150453,-0.4885298674409785,-0.4520187916528286,,,yolov7_paper,0.5973630231150453,0.4885298674409785,0.4520187916528286,,,paired_central_quality_result,76503dff180bac5ef2b081b3c07b58d2cc0d3ad8a941cbda391b6f2637717a1b,0.0,0.0,0.0,,,orin_nx_hailo10_01,ok,detection,split
hailo10h,point_estimate_below_non_inferiority_margin,point_estimate_below_non_inferiority_margin,,,,b088,fail,fail,fail,,,-0.13360635437956525,-0.12037513139888206,-0.10959346858111418,,,yolov7_paper,0.5973630231150453,0.4885298674409785,0.4520187916528286,,,paired_central_quality_result,76503dff180bac5ef2b081b3c07b58d2cc0d3ad8a941cbda391b6f2637717a1b,0.46375666873548005,0.3681547360420964,0.3424253230717144,,,orin_nx_hailo10_01,ok,detection,split
hailo10h,,,,,,b092,pass,pass,pass,,,0.011397105414826192,0.007696883350905792,0.006340869660443171,,,yolov7_paper,0.5973630231150453,0.4885298674409785,0.4520187916528286,,,paired_central_quality_result,76503dff180bac5ef2b081b3c07b58d2cc0d3ad8a941cbda391b6f2637717a1b,0.6087601285298715,0.4962267507918843,0.45835966131327177,,,orin_nx_hailo10_01,ok,detection,split
hailo10h,point_estimate_below_non_inferiority_margin,point_estimate_below_non_inferiority_margin,,,,b114,fail,pass,fail,,,-0.010923156789550026,-0.005171527992011926,-0.008907917503654883,,,yolov7_paper,0.5973630231150453,0.4885298674409785,0.4520187916528286,,,paired_central_quality_result,76503dff180bac5ef2b081b3c07b58d2cc0d3ad8a941cbda391b6f2637717a1b,0.5864398663254953,0.48335833944896656,0.4431108741491737,,,orin_nx_hailo10_01,ok,detection,split
hailo10h,,,,,,b134,pass,pass,pass,,,0.012886072398338722,0.009934286243918566,0.007599402056675086,,,yolov7_paper,0.5973630231150453,0.4885298674409785,0.4520187916528286,,,paired_central_quality_result,76503dff180bac5ef2b081b3c07b58d2cc0d3ad8a941cbda391b6f2637717a1b,0.610249095513384,0.49846415368489705,0.4596181937095037,,,orin_nx_hailo10_01,ok,detection,split
hailo10h,,,,,,b155,pass,pass,pass,,,0.010048391066934226,0.007701497069458607,0.006016069261154389,,,yolov7_paper,0.5973630231150453,0.4885298674409785,0.4520187916528286,,,paired_central_quality_result,76503dff180bac5ef2b081b3c07b58d2cc0d3ad8a941cbda391b6f2637717a1b,0.6074114141819795,0.4962313645104371,0.458034860913983,,,orin_nx_hailo10_01,ok,detection,split
hailo10h,,,,,,b165,pass,pass,pass,,,0.010749980403423898,0.0072215882212956495,0.005851677816895939,,,yolov7_paper,0.5973630231150453,0.4885298674409785,0.4520187916528286,,,paired_central_quality_result,76503dff180bac5ef2b081b3c07b58d2cc0d3ad8a941cbda391b6f2637717a1b,0.6081130035184692,0.49575145566227413,0.45787046946972454,,,orin_nx_hailo10_01,ok,detection,split
hailo10h,,,,,,b186,pass,pass,pass,,,0.003075163551412685,0.0010185456198483211,0.0015582112382894198,,,yolov7_paper,0.5973630231150453,0.4885298674409785,0.4520187916528286,,,paired_central_quality_result,76503dff180bac5ef2b081b3c07b58d2cc0d3ad8a941cbda391b6f2637717a1b,0.600438186666458,0.4895484130608268,0.453577002891118,,,orin_nx_hailo10_01,ok,detection,split
hailo10h,,,,,,b189,pass,pass,pass,,,0.012908395733868816,0.006789712888179422,0.0057764729228572675,,,yolov7_paper,0.5973630231150453,0.4885298674409785,0.4520187916528286,,,paired_central_quality_result,76503dff180bac5ef2b081b3c07b58d2cc0d3ad8a941cbda391b6f2637717a1b,0.6102714188489141,0.4953195803291579,0.45779526457568587,,,orin_nx_hailo10_01,ok,detection,split
hailo10h,,,,,,b222,pass,pass,pass,,,0.014030866247445206,0.010640958250306642,0.007063028338724908,,,yolov7_paper,0.5973630231150453,0.4885298674409785,0.4520187916528286,,,paired_central_quality_result,76503dff180bac5ef2b081b3c07b58d2cc0d3ad8a941cbda391b6f2637717a1b,0.6113938893624905,0.4991708256912851,0.4590818199915535,,,orin_nx_hailo10_01,ok,detection,split
hailo10h,point_estimate_below_non_inferiority_margin,point_estimate_below_non_inferiority_margin,,,,b228,fail,fail,fail,,,-0.04663989027722337,-0.027171354904992118,-0.027071430575987765,,,yolov7_paper,0.5973630231150453,0.4885298674409785,0.4520187916528286,,,paired_central_quality_result,76503dff180bac5ef2b081b3c07b58d2cc0d3ad8a941cbda391b6f2637717a1b,0.5507231328378219,0.46135851253598636,0.42494736107684083,,,orin_nx_hailo10_01,ok,detection,split
hailo10h,,,,,,b262,pass,pass,pass,,,0.014977967941967596,0.006942500671980489,0.007322407955866361,,,yolov7_paper,0.5973630231150453,0.4885298674409785,0.4520187916528286,,,paired_central_quality_result,76503dff180bac5ef2b081b3c07b58d2cc0d3ad8a941cbda391b6f2637717a1b,0.6123409910570129,0.49547236811295897,0.45934119960869496,,,orin_nx_hailo10_01,ok,detection,split
hailo10h,point_estimate_below_non_inferiority_margin,point_estimate_below_non_inferiority_margin,,,,b270,fail,fail,fail,,,-0.0843994967750098,-0.07445918489063141,-0.06964179015686128,,,yolov7_paper,0.5973630231150453,0.4885298674409785,0.4520187916528286,,,paired_central_quality_result,76503dff180bac5ef2b081b3c07b58d2cc0d3ad8a941cbda391b6f2637717a1b,0.5129635263400355,0.41407068255034707,0.3823770014959673,,,orin_nx_hailo10_01,ok,detection,split
hailo10h,point_estimate_below_non_inferiority_margin,point_estimate_below_non_inferiority_margin,,,,b306,pass,pass,fail,,,0.013373676180323368,0.003022580835415012,-0.010649687512685524,,,yolov7_paper,0.5973630231150453,0.4885298674409785,0.4520187916528286,,,paired_central_quality_result,76503dff180bac5ef2b081b3c07b58d2cc0d3ad8a941cbda391b6f2637717a1b,0.6107366992953687,0.4915524482763935,0.4413691041401431,,,orin_nx_hailo10_01,ok,detection,split
hailo10h,point_estimate_below_non_inferiority_margin,point_estimate_below_non_inferiority_margin,,,,b307,fail,fail,fail,,,-0.2807401575778448,-0.22595743929738488,-0.21241485637378799,,,yolov7_paper,0.5973630231150453,0.4885298674409785,0.4520187916528286,,,paired_central_quality_result,76503dff180bac5ef2b081b3c07b58d2cc0d3ad8a941cbda391b6f2637717a1b,0.3166228655372005,0.2625724281435936,0.23960393527904061,,,orin_nx_hailo10_01,ok,detection,split
hailo8,point_estimate_below_non_inferiority_margin,point_estimate_below_non_inferiority_margin,,,,b306,pass,fail,fail,,,0.0002846130252918133,-0.02124133356985186,-0.03723541125000479,,,yolov7_paper,0.5973630231150453,0.4885298674409785,0.4520187916528286,,,paired_central_quality_result,76503dff180bac5ef2b081b3c07b58d2cc0d3ad8a941cbda391b6f2637717a1b,0.5976476361403371,0.4672885338711266,0.4147833804028238,,,orin_nx_hailo8_01,ok,detection,vendor_full
hailo8,point_estimate_below_non_inferiority_margin,point_estimate_below_non_inferiority_margin,,,,b001,fail,fail,fail,,,-0.4687736095713063,-0.38281339975534984,-0.35289840020193247,,,yolov7_paper,0.5973630231150453,0.4885298674409785,0.4520187916528286,,,paired_central_quality_result,76503dff180bac5ef2b081b3c07b58d2cc0d3ad8a941cbda391b6f2637717a1b,0.12858941354373896,0.10571646768562863,0.09912039145089613,,,orin_nx_hailo8_01,ok,detection,split
hailo8,,,,,,b002,pass,pass,pass,,,0.009758829146549908,0.008849893718736623,0.006712614724707688,,,yolov7_paper,0.5973630231150453,0.4885298674409785,0.4520187916528286,,,paired_central_quality_result,76503dff180bac5ef2b081b3c07b58d2cc0d3ad8a941cbda391b6f2637717a1b,0.6071218522615952,0.4973797611597151,0.4587314063775363,,,orin_nx_hailo8_01,ok,detection,split
hailo8,,,,,,b013,pass,pass,pass,,,0.008764604023556388,0.007901509417829522,0.006050166975070603,,,yolov7_paper,0.5973630231150453,0.4885298674409785,0.4520187916528286,,,paired_central_quality_result,76503dff180bac5ef2b081b3c07b58d2cc0d3ad8a941cbda391b6f2637717a1b,0.6061276271386017,0.496431376858808,0.4580689586278992,,,orin_nx_hailo8_01,ok,detection,split
hailo8,,,,,,b044,pass,pass,pass,,,0.009693838226249363,0.008835691871988294,0.007548926274043244,,,yolov7_paper,0.5973630231150453,0.4885298674409785,0.4520187916528286,,,paired_central_quality_result,76503dff180bac5ef2b081b3c07b58d2cc0d3ad8a941cbda391b6f2637717a1b,0.6070568613412947,0.4973655593129668,0.45956771792687184,,,orin_nx_hailo8_01,ok,detection,split
hailo8,point_estimate_below_non_inferiority_margin,point_estimate_below_non_inferiority_margin,,,,b049,fail,fail,fail,,,-0.028999066247724636,-0.021634080996829175,-0.025216711810467196,,,yolov7_paper,0.5973630231150453,0.4885298674409785,0.4520187916528286,,,paired_central_quality_result,76503dff180bac5ef2b081b3c07b58d2cc0d3ad8a941cbda391b6f2637717a1b,0.5683639568673207,0.4668957864441493,0.4268020798423614,,,orin_nx_hailo8_01,ok,detection,split
hailo8,point_estimate_below_non_inferiority_margin,point_estimate_below_non_inferiority_margin,,,,b065,fail,fail,fail,,,-0.5973630231150453,-0.4885298674409785,-0.4520187916528286,,,yolov7_paper,0.5973630231150453,0.4885298674409785,0.4520187916528286,,,paired_central_quality_result,76503dff180bac5ef2b081b3c07b58d2cc0d3ad8a941cbda391b6f2637717a1b,0.0,0.0,0.0,,,orin_nx_hailo8_01,ok,detection,split
hailo8,point_estimate_below_non_inferiority_margin,point_estimate_below_non_inferiority_margin,,,,b088,fail,fail,fail,,,-0.1563937079161405,-0.1354662199163496,-0.12225062144505289,,,yolov7_paper,0.5973630231150453,0.4885298674409785,0.4520187916528286,,,paired_central_quality_result,76503dff180bac5ef2b081b3c07b58d2cc0d3ad8a941cbda391b6f2637717a1b,0.4409693151989048,0.3530636475246289,0.3297681702077757,,,orin_nx_hailo8_01,ok,detection,split
hailo8,,,,,,b092,pass,pass,pass,,,0.004468100517988294,0.006645189085514203,0.004596532168475331,,,yolov7_paper,0.5973630231150453,0.4885298674409785,0.4520187916528286,,,paired_central_quality_result,76503dff180bac5ef2b081b3c07b58d2cc0d3ad8a941cbda391b6f2637717a1b,0.6018311236330336,0.4951750565264927,0.45661532382130393,,,orin_nx_hailo8_01,ok,detection,split
hailo8,point_estimate_below_non_inferiority_margin,point_estimate_below_non_inferiority_margin,,,,b114,fail,pass,fail,,,-0.01675417819383107,-0.008805641170480438,-0.011091496174149895,,,yolov7_paper,0.5973630231150453,0.4885298674409785,0.4520187916528286,,,paired_central_quality_result,76503dff180bac5ef2b081b3c07b58d2cc0d3ad8a941cbda391b6f2637717a1b,0.5806088449212142,0.47972422627049804,0.4409272954786787,,,orin_nx_hailo8_01,ok,detection,split
hailo8,,,,,,b134,pass,pass,pass,,,0.006913161974879789,0.008960154482928806,0.005741263240999939,,,yolov7_paper,0.5973630231150453,0.4885298674409785,0.4520187916528286,,,paired_central_quality_result,76503dff180bac5ef2b081b3c07b58d2cc0d3ad8a941cbda391b6f2637717a1b,0.6042761850899251,0.4974900219239073,0.45776005489382854,,,orin_nx_hailo8_01,ok,detection,split
hailo8,,,,,,b155,pass,pass,pass,,,0.007789198897483973,0.010959514612239707,0.007155422013492785,,,yolov7_paper,0.5973630231150453,0.4885298674409785,0.4520187916528286,,,paired_central_quality_result,76503dff180bac5ef2b081b3c07b58d2cc0d3ad8a941cbda391b6f2637717a1b,0.6051522220125293,0.4994893820532182,0.4591742136663214,,,orin_nx_hailo8_01,ok,detection,split
hailo8,,,,,,b165,pass,pass,pass,,,0.00765001056992487,0.011402512889466088,0.007606183103387121,,,yolov7_paper,0.5973630231150453,0.4885298674409785,0.4520187916528286,,,paired_central_quality_result,76503dff180bac5ef2b081b3c07b58d2cc0d3ad8a941cbda391b6f2637717a1b,0.6050130336849702,0.49993238033044457,0.4596249747562157,,,orin_nx_hailo8_01,ok,detection,split
hailo8,,,,,,b186,inconclusive,pass,inconclusive,,,-0.00240370214612462,0.002219692840803311,-3.134013047573214e-05,,,yolov7_paper,0.5973630231150453,0.4885298674409785,0.4520187916528286,,,paired_central_quality_result,76503dff180bac5ef2b081b3c07b58d2cc0d3ad8a941cbda391b6f2637717a1b,0.5949593209689207,0.4907495602817818,0.45198745152235287,,,orin_nx_hailo8_01,ok,detection,split
hailo8,,,,,,b189,pass,pass,pass,,,0.006902106331274083,0.012039319923756175,0.006837961982778862,,,yolov7_paper,0.5973630231150453,0.4885298674409785,0.4520187916528286,,,paired_central_quality_result,76503dff180bac5ef2b081b3c07b58d2cc0d3ad8a941cbda391b6f2637717a1b,0.6042651294463194,0.5005691873647347,0.45885675363560746,,,orin_nx_hailo8_01,ok,detection,split
hailo8,,,,,,b222,pass,pass,pass,,,0.004895068963270521,0.007131748830918105,0.005966729402846427,,,yolov7_paper,0.5973630231150453,0.4885298674409785,0.4520187916528286,,,paired_central_quality_result,76503dff180bac5ef2b081b3c07b58d2cc0d3ad8a941cbda391b6f2637717a1b,0.6022580920783158,0.4956616162718966,0.457985521055675,,,orin_nx_hailo8_01,ok,detection,split
hailo8,point_estimate_below_non_inferiority_margin,point_estimate_below_non_inferiority_margin,,,,b228,fail,fail,fail,,,-0.04813934601658931,-0.029018664476231137,-0.027227277600824273,,,yolov7_paper,0.5973630231150453,0.4885298674409785,0.4520187916528286,,,paired_central_quality_result,76503dff180bac5ef2b081b3c07b58d2cc0d3ad8a941cbda391b6f2637717a1b,0.549223677098456,0.45951120296474735,0.4247915140520043,,,orin_nx_hailo8_01,ok,detection,split
hailo8,,,,,,b262,pass,pass,pass,,,0.010150479907077736,0.013659189661761939,0.00808113385992365,,,yolov7_paper,0.5973630231150453,0.4885298674409785,0.4520187916528286,,,paired_central_quality_result,76503dff180bac5ef2b081b3c07b58d2cc0d3ad8a941cbda391b6f2637717a1b,0.607513503022123,0.5021890571027404,0.46009992551275225,,,orin_nx_hailo8_01,ok,detection,split
hailo8,point_estimate_below_non_inferiority_margin,point_estimate_below_non_inferiority_margin,,,,b270,fail,fail,fail,,,-0.08606468207378049,-0.07713888539001357,-0.07094550401769989,,,yolov7_paper,0.5973630231150453,0.4885298674409785,0.4520187916528286,,,paired_central_quality_result,76503dff180bac5ef2b081b3c07b58d2cc0d3ad8a941cbda391b6f2637717a1b,0.5112983410412648,0.4113909820509649,0.3810732876351287,,,orin_nx_hailo8_01,ok,detection,split
hailo8,point_estimate_below_non_inferiority_margin,point_estimate_below_non_inferiority_margin,,,,b306,pass,pass,fail,,,0.012071359288500783,0.0029889432639621516,-0.010608777983095563,,,yolov7_paper,0.5973630231150453,0.4885298674409785,0.4520187916528286,,,paired_central_quality_result,76503dff180bac5ef2b081b3c07b58d2cc0d3ad8a941cbda391b6f2637717a1b,0.6094343824035461,0.49151881070494063,0.44141001366973304,,,orin_nx_hailo8_01,ok,detection,split
hailo8,point_estimate_below_non_inferiority_margin,point_estimate_below_non_inferiority_margin,,,,b307,fail,fail,fail,,,-0.26849074509252135,-0.21671500497498775,-0.20396338664278957,,,yolov7_paper,0.5973630231150453,0.4885298674409785,0.4520187916528286,,,paired_central_quality_result,76503dff180bac5ef2b081b3c07b58d2cc0d3ad8a941cbda391b6f2637717a1b,0.32887227802252395,0.27181486246599074,0.24805540501003903,,,orin_nx_hailo8_01,ok,detection,split
tensorrt,,,,,,full,pass,pass,pass,,,0.01280948177422625,0.010109501044348934,0.009080979740708206,,,yolov7_paper,0.5973630231150453,0.4885298674409785,0.4520187916528286,,,paired_central_quality_result,76503dff180bac5ef2b081b3c07b58d2cc0d3ad8a941cbda391b6f2637717a1b,0.6101725048892715,0.4986393684853274,0.4610997713935368,,,orin_nx_deepx_m1_01,ok,detection,vendor_full
tensorrt,,,,,,full,pass,pass,pass,,,0.012768770868677892,0.00999410644837534,0.009153877477447392,,,yolov7_paper,0.5973630231150453,0.4885298674409785,0.4520187916528286,,,paired_central_quality_result,76503dff180bac5ef2b081b3c07b58d2cc0d3ad8a941cbda391b6f2637717a1b,0.6101317939837232,0.4985239738893538,0.461172669130276,,,orin_nx_hailo10_01,ok,detection,vendor_full
tensorrt,,,,,,full,pass,pass,pass,,,0.012824724972395618,0.009981260504020262,0.009112014674885871,,,yolov7_paper,0.5973630231150453,0.4885298674409785,0.4520187916528286,,,paired_central_quality_result,76503dff180bac5ef2b081b3c07b58d2cc0d3ad8a941cbda391b6f2637717a1b,0.6101877480874409,0.49851112794499874,0.46113080632771447,,,orin_nx_hailo8_01,ok,detection,vendor_full
tensorrt,,,,,,b001,pass,pass,pass,,,0.011369155406361742,0.009768610303797276,0.008499513469950093,,,yolov7_paper,0.5973630231150453,0.4885298674409785,0.4520187916528286,,,paired_central_quality_result,76503dff180bac5ef2b081b3c07b58d2cc0d3ad8a941cbda391b6f2637717a1b,0.608732178521407,0.49829847774477576,0.4605183051227787,,,orin_nx_deepx_m1_01,ok,detection,split
tensorrt,,,,,,b002,pass,pass,pass,,,0.012497876754196557,0.010465819455019343,0.009162776486782154,,,yolov7_paper,0.5973630231150453,0.4885298674409785,0.4520187916528286,,,paired_central_quality_result,76503dff180bac5ef2b081b3c07b58d2cc0d3ad8a941cbda391b6f2637717a1b,0.6098608998692419,0.4989956868959978,0.46118156813961075,,,orin_nx_deepx_m1_01,ok,detection,split
tensorrt,,,,,,b013,pass,pass,pass,,,0.012639846468325944,0.009998121068324206,0.009113736476306589,,,yolov7_paper,0.5973630231150453,0.4885298674409785,0.4520187916528286,,,paired_central_quality_result,76503dff180bac5ef2b081b3c07b58d2cc0d3ad8a941cbda391b6f2637717a1b,0.6100028695833712,0.4985279885093027,0.4611325281291352,,,orin_nx_deepx_m1_01,ok,detection,split
tensorrt,,,,,,b044,pass,pass,pass,,,0.013106527577827487,0.010264495155303754,0.009256261453807146,,,yolov7_paper,0.5973630231150453,0.4885298674409785,0.4520187916528286,,,paired_central_quality_result,76503dff180bac5ef2b081b3c07b58d2cc0d3ad8a941cbda391b6f2637717a1b,0.6104695506928728,0.49879436259628224,0.46127505310663575,,,orin_nx_deepx_m1_01,ok,detection,split
tensorrt,,,,,,b049,pass,pass,pass,,,0.012665992285503025,0.009798108111366222,0.008939641456091996,,,yolov7_paper,0.5973630231150453,0.4885298674409785,0.4520187916528286,,,paired_central_quality_result,76503dff180bac5ef2b081b3c07b58d2cc0d3ad8a941cbda391b6f2637717a1b,0.6100290154005483,0.4983279755523447,0.4609584331089206,,,orin_nx_deepx_m1_01,ok,detection,split
tensorrt,,,,,,b065,pass,pass,pass,,,0.012786502682484047,0.010100118096659727,0.008981672386353001,,,yolov7_paper,0.5973630231150453,0.4885298674409785,0.4520187916528286,,,paired_central_quality_result,76503dff180bac5ef2b081b3c07b58d2cc0d3ad8a941cbda391b6f2637717a1b,0.6101495257975293,0.4986299855376382,0.4610004640391816,,,orin_nx_deepx_m1_01,ok,detection,split
tensorrt,,,,,,b088,pass,pass,pass,,,0.012719320295618397,0.010060271454772174,0.009008148193064336,,,yolov7_paper,0.5973630231150453,0.4885298674409785,0.4520187916528286,,,paired_central_quality_result,76503dff180bac5ef2b081b3c07b58d2cc0d3ad8a941cbda391b6f2637717a1b,0.6100823434106637,0.49859013889575066,0.46102693984589294,,,orin_nx_deepx_m1_01,ok,detection,split
tensorrt,,,,,,b092,pass,pass,pass,,,0.012755257606801518,0.009734762113283224,0.009125727960507923,,,yolov7_paper,0.5973630231150453,0.4885298674409785,0.4520187916528286,,,paired_central_quality_result,76503dff180bac5ef2b081b3c07b58d2cc0d3ad8a941cbda391b6f2637717a1b,0.6101182807218468,0.4982646295542617,0.4611445196133365,,,orin_nx_deepx_m1_01,ok,detection,split
tensorrt,,,,,,b114,pass,pass,pass,,,0.012682652938188932,0.0099735294275059,0.009095604328051399,,,yolov7_paper,0.5973630231150453,0.4885298674409785,0.4520187916528286,,,paired_central_quality_result,76503dff180bac5ef2b081b3c07b58d2cc0d3ad8a941cbda391b6f2637717a1b,0.6100456760532342,0.4985033968684844,0.46111439598088,,,orin_nx_deepx_m1_01,ok,detection,split
tensorrt,,,,,,b134,pass,pass,pass,,,0.012644332920265677,0.010045069817564256,0.009101060976338837,,,yolov7_paper,0.5973630231150453,0.4885298674409785,0.4520187916528286,,,paired_central_quality_result,76503dff180bac5ef2b081b3c07b58d2cc0d3ad8a941cbda391b6f2637717a1b,0.610007356035311,0.49857493725854274,0.46111985262916744,,,orin_nx_deepx_m1_01,ok,detection,split
tensorrt,,,,,,b155,pass,pass,pass,,,0.012777512125892287,0.00993938417275353,0.009059934106812217,,,yolov7_paper,0.5973630231150453,0.4885298674409785,0.4520187916528286,,,paired_central_quality_result,76503dff180bac5ef2b081b3c07b58d2cc0d3ad8a941cbda391b6f2637717a1b,0.6101405352409376,0.498469251613732,0.4610787257596408,,,orin_nx_deepx_m1_01,ok,detection,split
tensorrt,,,,,,b165,pass,pass,pass,,,0.012461340552804567,0.009799420306145612,0.008870111151533966,,,yolov7_paper,0.5973630231150453,0.4885298674409785,0.4520187916528286,,,paired_central_quality_result,76503dff180bac5ef2b081b3c07b58d2cc0d3ad8a941cbda391b6f2637717a1b,0.6098243636678499,0.4983292877471241,0.46088890280436257,,,orin_nx_deepx_m1_01,ok,detection,split
tensorrt,,,,,,b186,pass,pass,pass,,,0.012510142176605732,0.009605252396057196,0.008775585407833741,,,yolov7_paper,0.5973630231150453,0.4885298674409785,0.4520187916528286,,,paired_central_quality_result,76503dff180bac5ef2b081b3c07b58d2cc0d3ad8a941cbda391b6f2637717a1b,0.609873165291651,0.4981351198370357,0.46079437706066234,,,orin_nx_deepx_m1_01,ok,detection,split
tensorrt,,,,,,b189,pass,pass,pass,,,0.012684548926530592,0.00994108242194841,0.00892280870338552,,,yolov7_paper,0.5973630231150453,0.4885298674409785,0.4520187916528286,,,paired_central_quality_result,76503dff180bac5ef2b081b3c07b58d2cc0d3ad8a941cbda391b6f2637717a1b,0.6100475720415759,0.4984709498629269,0.4609416003562141,,,orin_nx_deepx_m1_01,ok,detection,split
tensorrt,,,,,,b222,pass,pass,pass,,,0.012565001893309113,0.00966665042140108,0.008760401550219399,,,yolov7_paper,0.5973630231150453,0.4885298674409785,0.4520187916528286,,,paired_central_quality_result,76503dff180bac5ef2b081b3c07b58d2cc0d3ad8a941cbda391b6f2637717a1b,0.6099280250083544,0.49819651786237956,0.460779193203048,,,orin_nx_deepx_m1_01,ok,detection,split
tensorrt,,,,,,b228,pass,pass,pass,,,0.012502144059479914,0.009724287330956705,0.008883028317076935,,,yolov7_paper,0.5973630231150453,0.4885298674409785,0.4520187916528286,,,paired_central_quality_result,76503dff180bac5ef2b081b3c07b58d2cc0d3ad8a941cbda391b6f2637717a1b,0.6098651671745252,0.4982541547719352,0.46090181996990554,,,orin_nx_deepx_m1_01,ok,detection,split
tensorrt,,,,,,b262,pass,pass,pass,,,0.012642757801136217,0.01004061456954125,0.009104687653223753,,,yolov7_paper,0.5973630231150453,0.4885298674409785,0.4520187916528286,,,paired_central_quality_result,76503dff180bac5ef2b081b3c07b58d2cc0d3ad8a941cbda391b6f2637717a1b,0.6100057809161815,0.49857048201051973,0.46112347930605235,,,orin_nx_deepx_m1_01,ok,detection,split
tensorrt,,,,,,b270,pass,pass,pass,,,0.012502037014554102,0.01001912252147602,0.00905532586711022,,,yolov7_paper,0.5973630231150453,0.4885298674409785,0.4520187916528286,,,paired_central_quality_result,76503dff180bac5ef2b081b3c07b58d2cc0d3ad8a941cbda391b6f2637717a1b,0.6098650601295994,0.4985489899624545,0.4610741175199388,,,orin_nx_deepx_m1_01,ok,detection,split
tensorrt,,,,,,b306,pass,pass,pass,,,0.012742404009003394,0.010867334913351678,0.009258379759912394,,,yolov7_paper,0.5973630231150453,0.4885298674409785,0.4520187916528286,,,paired_central_quality_result,76503dff180bac5ef2b081b3c07b58d2cc0d3ad8a941cbda391b6f2637717a1b,0.6101054271240487,0.49939720235433016,0.461277171412741,,,orin_nx_deepx_m1_01,ok,detection,split
tensorrt,,,,,,b306,pass,pass,pass,,,0.01280948177422625,0.010109501044348934,0.009080979740708206,,,yolov7_paper,0.5973630231150453,0.4885298674409785,0.4520187916528286,,,paired_central_quality_result,76503dff180bac5ef2b081b3c07b58d2cc0d3ad8a941cbda391b6f2637717a1b,0.6101725048892715,0.4986393684853274,0.4610997713935368,,,orin_nx_deepx_m1_01,ok,detection,vendor_full
tensorrt,,,,,,b307,pass,pass,pass,,,0.012573311031602419,0.010100693679829631,0.009111533530130278,,,yolov7_paper,0.5973630231150453,0.4885298674409785,0.4520187916528286,,,paired_central_quality_result,76503dff180bac5ef2b081b3c07b58d2cc0d3ad8a941cbda391b6f2637717a1b,0.6099363341466477,0.4986305611208081,0.4611303251829589,,,orin_nx_deepx_m1_01,ok,detection,split
