backend,case_id,contract_comparison_conflicts,decomposition_source,full_onnx_AP50,full_onnx_AP75,full_onnx_COCO_AP_50_95,full_onnx_Top1,full_onnx_Top5,model,reference_identity,setup_id,split_AP50,split_AP75,split_COCO_AP_50_95,split_Top1,split_Top5,split_extra_loss_AP50,split_extra_loss_AP75,split_extra_loss_COCO_AP_50_95,split_extra_loss_Top1,split_extra_loss_Top5,status,task,total_split_loss_AP50,total_split_loss_AP75,total_split_loss_COCO_AP_50_95,total_split_loss_Top1,total_split_loss_Top5,vendor_full_AP50,vendor_full_AP75,vendor_full_COCO_AP_50_95,vendor_full_Top1,vendor_full_Top5,vendor_loss_AP50,vendor_loss_AP75,vendor_loss_COCO_AP_50_95,vendor_loss_Top1,vendor_loss_Top5
deepx,b001,[],paired_central_quality_results,,,,0.812,0.952,resnet50,0cdcb06d3774e2a7dd319ff1edbffe5b49432a8b7c8302ecc9ffaceea81a1ea1,orin_nx_deepx_m1_01,,,,0.766,0.936,,,,-0.03600000000000003,-0.0119999999999999,ok,classification,,,,-0.04600000000000004,-0.015999999999999903,,,,0.802,0.948,,,,-0.010000000000000009,-0.0040000000000000036
deepx,b003,[],paired_central_quality_results,,,,0.812,0.952,resnet50,0cdcb06d3774e2a7dd319ff1edbffe5b49432a8b7c8302ecc9ffaceea81a1ea1,orin_nx_deepx_m1_01,,,,0.764,0.926,,,,-0.038000000000000034,-0.02199999999999991,ok,classification,,,,-0.04800000000000004,-0.025999999999999912,,,,0.802,0.948,,,,-0.010000000000000009,-0.0040000000000000036
deepx,b008,[],paired_central_quality_results,,,,0.812,0.952,resnet50,0cdcb06d3774e2a7dd319ff1edbffe5b49432a8b7c8302ecc9ffaceea81a1ea1,orin_nx_deepx_m1_01,,,,0.768,0.93,,,,-0.03400000000000003,-0.017999999999999905,ok,classification,,,,-0.04400000000000004,-0.02199999999999991,,,,0.802,0.948,,,,-0.010000000000000009,-0.0040000000000000036
deepx,b009,[],paired_central_quality_results,,,,0.812,0.952,resnet50,0cdcb06d3774e2a7dd319ff1edbffe5b49432a8b7c8302ecc9ffaceea81a1ea1,orin_nx_deepx_m1_01,,,,0.76,0.93,,,,-0.04200000000000004,-0.017999999999999905,ok,classification,,,,-0.052000000000000046,-0.02199999999999991,,,,0.802,0.948,,,,-0.010000000000000009,-0.0040000000000000036
deepx,b020,[],paired_central_quality_results,,,,0.812,0.952,resnet50,0cdcb06d3774e2a7dd319ff1edbffe5b49432a8b7c8302ecc9ffaceea81a1ea1,orin_nx_deepx_m1_01,,,,0.764,0.932,,,,-0.038000000000000034,-0.015999999999999903,ok,classification,,,,-0.04800000000000004,-0.019999999999999907,,,,0.802,0.948,,,,-0.010000000000000009,-0.0040000000000000036
deepx,b022,[],paired_central_quality_results,,,,0.812,0.952,resnet50,0cdcb06d3774e2a7dd319ff1edbffe5b49432a8b7c8302ecc9ffaceea81a1ea1,orin_nx_deepx_m1_01,,,,0.764,0.93,,,,-0.038000000000000034,-0.017999999999999905,ok,classification,,,,-0.04800000000000004,-0.02199999999999991,,,,0.802,0.948,,,,-0.010000000000000009,-0.0040000000000000036
deepx,b027,[],paired_central_quality_results,,,,0.812,0.952,resnet50,0cdcb06d3774e2a7dd319ff1edbffe5b49432a8b7c8302ecc9ffaceea81a1ea1,orin_nx_deepx_m1_01,,,,0.768,0.928,,,,-0.03400000000000003,-0.019999999999999907,ok,classification,,,,-0.04400000000000004,-0.02399999999999991,,,,0.802,0.948,,,,-0.010000000000000009,-0.0040000000000000036
deepx,b042,[],paired_central_quality_results,,,,0.812,0.952,resnet50,0cdcb06d3774e2a7dd319ff1edbffe5b49432a8b7c8302ecc9ffaceea81a1ea1,orin_nx_deepx_m1_01,,,,0.77,0.928,,,,-0.03200000000000003,-0.019999999999999907,ok,classification,,,,-0.04200000000000004,-0.02399999999999991,,,,0.802,0.948,,,,-0.010000000000000009,-0.0040000000000000036
deepx,b052,[],paired_central_quality_results,,,,0.812,0.952,resnet50,0cdcb06d3774e2a7dd319ff1edbffe5b49432a8b7c8302ecc9ffaceea81a1ea1,orin_nx_deepx_m1_01,,,,0.768,0.93,,,,-0.03400000000000003,-0.017999999999999905,ok,classification,,,,-0.04400000000000004,-0.02199999999999991,,,,0.802,0.948,,,,-0.010000000000000009,-0.0040000000000000036
deepx,b054,[],paired_central_quality_results,,,,0.812,0.952,resnet50,0cdcb06d3774e2a7dd319ff1edbffe5b49432a8b7c8302ecc9ffaceea81a1ea1,orin_nx_deepx_m1_01,,,,0.766,0.93,,,,-0.03600000000000003,-0.017999999999999905,ok,classification,,,,-0.04600000000000004,-0.02199999999999991,,,,0.802,0.948,,,,-0.010000000000000009,-0.0040000000000000036
deepx,b056,[],paired_central_quality_results,,,,0.812,0.952,resnet50,0cdcb06d3774e2a7dd319ff1edbffe5b49432a8b7c8302ecc9ffaceea81a1ea1,orin_nx_deepx_m1_01,,,,0.768,0.928,,,,-0.03400000000000003,-0.019999999999999907,ok,classification,,,,-0.04400000000000004,-0.02399999999999991,,,,0.802,0.948,,,,-0.010000000000000009,-0.0040000000000000036
deepx,b068,[],paired_central_quality_results,,,,0.812,0.952,resnet50,0cdcb06d3774e2a7dd319ff1edbffe5b49432a8b7c8302ecc9ffaceea81a1ea1,orin_nx_deepx_m1_01,,,,0.768,0.928,,,,-0.03400000000000003,-0.019999999999999907,ok,classification,,,,-0.04400000000000004,-0.02399999999999991,,,,0.802,0.948,,,,-0.010000000000000009,-0.0040000000000000036
deepx,b074,[],paired_central_quality_results,,,,0.812,0.952,resnet50,0cdcb06d3774e2a7dd319ff1edbffe5b49432a8b7c8302ecc9ffaceea81a1ea1,orin_nx_deepx_m1_01,,,,0.768,0.93,,,,-0.03400000000000003,-0.017999999999999905,ok,classification,,,,-0.04400000000000004,-0.02199999999999991,,,,0.802,0.948,,,,-0.010000000000000009,-0.0040000000000000036
deepx,b078,[],paired_central_quality_results,,,,0.812,0.952,resnet50,0cdcb06d3774e2a7dd319ff1edbffe5b49432a8b7c8302ecc9ffaceea81a1ea1,orin_nx_deepx_m1_01,,,,0.768,0.93,,,,-0.03400000000000003,-0.017999999999999905,ok,classification,,,,-0.04400000000000004,-0.02199999999999991,,,,0.802,0.948,,,,-0.010000000000000009,-0.0040000000000000036
deepx,b091,[],paired_central_quality_results,,,,0.812,0.952,resnet50,0cdcb06d3774e2a7dd319ff1edbffe5b49432a8b7c8302ecc9ffaceea81a1ea1,orin_nx_deepx_m1_01,,,,0.766,0.93,,,,-0.03600000000000003,-0.017999999999999905,ok,classification,,,,-0.04600000000000004,-0.02199999999999991,,,,0.802,0.948,,,,-0.010000000000000009,-0.0040000000000000036
deepx,b095,[],paired_central_quality_results,,,,0.812,0.952,resnet50,0cdcb06d3774e2a7dd319ff1edbffe5b49432a8b7c8302ecc9ffaceea81a1ea1,orin_nx_deepx_m1_01,,,,0.764,0.93,,,,-0.038000000000000034,-0.017999999999999905,ok,classification,,,,-0.04800000000000004,-0.02199999999999991,,,,0.802,0.948,,,,-0.010000000000000009,-0.0040000000000000036
deepx,b107,[],paired_central_quality_results,,,,0.812,0.952,resnet50,0cdcb06d3774e2a7dd319ff1edbffe5b49432a8b7c8302ecc9ffaceea81a1ea1,orin_nx_deepx_m1_01,,,,0.764,0.932,,,,-0.038000000000000034,-0.015999999999999903,ok,classification,,,,-0.04800000000000004,-0.019999999999999907,,,,0.802,0.948,,,,-0.010000000000000009,-0.0040000000000000036
deepx,b112,[],paired_central_quality_results,,,,0.812,0.952,resnet50,0cdcb06d3774e2a7dd319ff1edbffe5b49432a8b7c8302ecc9ffaceea81a1ea1,orin_nx_deepx_m1_01,,,,0.76,0.932,,,,-0.04200000000000004,-0.015999999999999903,ok,classification,,,,-0.052000000000000046,-0.019999999999999907,,,,0.802,0.948,,,,-0.010000000000000009,-0.0040000000000000036
deepx,b118,[],paired_central_quality_results,,,,0.812,0.952,resnet50,0cdcb06d3774e2a7dd319ff1edbffe5b49432a8b7c8302ecc9ffaceea81a1ea1,orin_nx_deepx_m1_01,,,,0.762,0.932,,,,-0.040000000000000036,-0.015999999999999903,ok,classification,,,,-0.050000000000000044,-0.019999999999999907,,,,0.802,0.948,,,,-0.010000000000000009,-0.0040000000000000036
deepx,b119,[],paired_central_quality_results,,,,0.812,0.952,resnet50,0cdcb06d3774e2a7dd319ff1edbffe5b49432a8b7c8302ecc9ffaceea81a1ea1,orin_nx_deepx_m1_01,,,,0.76,0.928,,,,-0.04200000000000004,-0.019999999999999907,ok,classification,,,,-0.052000000000000046,-0.02399999999999991,,,,0.802,0.948,,,,-0.010000000000000009,-0.0040000000000000036
hailo10h,b001,[],paired_central_quality_results,,,,0.812,0.952,resnet50,0cdcb06d3774e2a7dd319ff1edbffe5b49432a8b7c8302ecc9ffaceea81a1ea1,orin_nx_hailo10_01,,,,0.8,0.948,,,,-0.01200000000000001,0.0,ok,classification,,,,-0.01200000000000001,-0.0040000000000000036,,,,0.812,0.948,,,,0.0,-0.0040000000000000036
hailo10h,b003,[],paired_central_quality_results,,,,0.812,0.952,resnet50,0cdcb06d3774e2a7dd319ff1edbffe5b49432a8b7c8302ecc9ffaceea81a1ea1,orin_nx_hailo10_01,,,,0.8,0.952,,,,-0.01200000000000001,0.0040000000000000036,ok,classification,,,,-0.01200000000000001,0.0,,,,0.812,0.948,,,,0.0,-0.0040000000000000036
hailo10h,b008,[],paired_central_quality_results,,,,0.812,0.952,resnet50,0cdcb06d3774e2a7dd319ff1edbffe5b49432a8b7c8302ecc9ffaceea81a1ea1,orin_nx_hailo10_01,,,,0.814,0.946,,,,0.0019999999999998908,-0.0020000000000000018,ok,classification,,,,0.0019999999999998908,-0.006000000000000005,,,,0.812,0.948,,,,0.0,-0.0040000000000000036
hailo10h,b009,[],paired_central_quality_results,,,,0.812,0.952,resnet50,0cdcb06d3774e2a7dd319ff1edbffe5b49432a8b7c8302ecc9ffaceea81a1ea1,orin_nx_hailo10_01,,,,0.812,0.948,,,,0.0,0.0,ok,classification,,,,0.0,-0.0040000000000000036,,,,0.812,0.948,,,,0.0,-0.0040000000000000036
hailo10h,b020,[],paired_central_quality_results,,,,0.812,0.952,resnet50,0cdcb06d3774e2a7dd319ff1edbffe5b49432a8b7c8302ecc9ffaceea81a1ea1,orin_nx_hailo10_01,,,,0.81,0.946,,,,-0.0020000000000000018,-0.0020000000000000018,ok,classification,,,,-0.0020000000000000018,-0.006000000000000005,,,,0.812,0.948,,,,0.0,-0.0040000000000000036
hailo10h,b022,[],paired_central_quality_results,,,,0.812,0.952,resnet50,0cdcb06d3774e2a7dd319ff1edbffe5b49432a8b7c8302ecc9ffaceea81a1ea1,orin_nx_hailo10_01,,,,0.82,0.946,,,,0.007999999999999896,-0.0020000000000000018,ok,classification,,,,0.007999999999999896,-0.006000000000000005,,,,0.812,0.948,,,,0.0,-0.0040000000000000036
hailo10h,b027,[],paired_central_quality_results,,,,0.812,0.952,resnet50,0cdcb06d3774e2a7dd319ff1edbffe5b49432a8b7c8302ecc9ffaceea81a1ea1,orin_nx_hailo10_01,,,,0.804,0.946,,,,-0.008000000000000007,-0.0020000000000000018,ok,classification,,,,-0.008000000000000007,-0.006000000000000005,,,,0.812,0.948,,,,0.0,-0.0040000000000000036
hailo10h,b042,[],paired_central_quality_results,,,,0.812,0.952,resnet50,0cdcb06d3774e2a7dd319ff1edbffe5b49432a8b7c8302ecc9ffaceea81a1ea1,orin_nx_hailo10_01,,,,0.8,0.944,,,,-0.01200000000000001,-0.0040000000000000036,ok,classification,,,,-0.01200000000000001,-0.008000000000000007,,,,0.812,0.948,,,,0.0,-0.0040000000000000036
hailo10h,b052,[],paired_central_quality_results,,,,0.812,0.952,resnet50,0cdcb06d3774e2a7dd319ff1edbffe5b49432a8b7c8302ecc9ffaceea81a1ea1,orin_nx_hailo10_01,,,,0.8,0.944,,,,-0.01200000000000001,-0.0040000000000000036,ok,classification,,,,-0.01200000000000001,-0.008000000000000007,,,,0.812,0.948,,,,0.0,-0.0040000000000000036
hailo10h,b054,[],paired_central_quality_results,,,,0.812,0.952,resnet50,0cdcb06d3774e2a7dd319ff1edbffe5b49432a8b7c8302ecc9ffaceea81a1ea1,orin_nx_hailo10_01,,,,0.804,0.942,,,,-0.008000000000000007,-0.006000000000000005,ok,classification,,,,-0.008000000000000007,-0.010000000000000009,,,,0.812,0.948,,,,0.0,-0.0040000000000000036
hailo10h,b056,[],paired_central_quality_results,,,,0.812,0.952,resnet50,0cdcb06d3774e2a7dd319ff1edbffe5b49432a8b7c8302ecc9ffaceea81a1ea1,orin_nx_hailo10_01,,,,0.806,0.946,,,,-0.006000000000000005,-0.0020000000000000018,ok,classification,,,,-0.006000000000000005,-0.006000000000000005,,,,0.812,0.948,,,,0.0,-0.0040000000000000036
hailo10h,b068,[],paired_central_quality_results,,,,0.812,0.952,resnet50,0cdcb06d3774e2a7dd319ff1edbffe5b49432a8b7c8302ecc9ffaceea81a1ea1,orin_nx_hailo10_01,,,,0.804,0.952,,,,-0.008000000000000007,0.0040000000000000036,ok,classification,,,,-0.008000000000000007,0.0,,,,0.812,0.948,,,,0.0,-0.0040000000000000036
hailo10h,b074,[],paired_central_quality_results,,,,0.812,0.952,resnet50,0cdcb06d3774e2a7dd319ff1edbffe5b49432a8b7c8302ecc9ffaceea81a1ea1,orin_nx_hailo10_01,,,,0.812,0.95,,,,0.0,0.0020000000000000018,ok,classification,,,,0.0,-0.0020000000000000018,,,,0.812,0.948,,,,0.0,-0.0040000000000000036
hailo10h,b078,[],paired_central_quality_results,,,,0.812,0.952,resnet50,0cdcb06d3774e2a7dd319ff1edbffe5b49432a8b7c8302ecc9ffaceea81a1ea1,orin_nx_hailo10_01,,,,0.806,0.95,,,,-0.006000000000000005,0.0020000000000000018,ok,classification,,,,-0.006000000000000005,-0.0020000000000000018,,,,0.812,0.948,,,,0.0,-0.0040000000000000036
hailo10h,b091,[],paired_central_quality_results,,,,0.812,0.952,resnet50,0cdcb06d3774e2a7dd319ff1edbffe5b49432a8b7c8302ecc9ffaceea81a1ea1,orin_nx_hailo10_01,,,,0.804,0.95,,,,-0.008000000000000007,0.0020000000000000018,ok,classification,,,,-0.008000000000000007,-0.0020000000000000018,,,,0.812,0.948,,,,0.0,-0.0040000000000000036
hailo10h,b095,[],paired_central_quality_results,,,,0.812,0.952,resnet50,0cdcb06d3774e2a7dd319ff1edbffe5b49432a8b7c8302ecc9ffaceea81a1ea1,orin_nx_hailo10_01,,,,0.81,0.948,,,,-0.0020000000000000018,0.0,ok,classification,,,,-0.0020000000000000018,-0.0040000000000000036,,,,0.812,0.948,,,,0.0,-0.0040000000000000036
hailo10h,b107,[],paired_central_quality_results,,,,0.812,0.952,resnet50,0cdcb06d3774e2a7dd319ff1edbffe5b49432a8b7c8302ecc9ffaceea81a1ea1,orin_nx_hailo10_01,,,,0.814,0.954,,,,0.0019999999999998908,0.006000000000000005,ok,classification,,,,0.0019999999999998908,0.0020000000000000018,,,,0.812,0.948,,,,0.0,-0.0040000000000000036
hailo10h,b112,[],paired_central_quality_results,,,,0.812,0.952,resnet50,0cdcb06d3774e2a7dd319ff1edbffe5b49432a8b7c8302ecc9ffaceea81a1ea1,orin_nx_hailo10_01,,,,0.814,0.95,,,,0.0019999999999998908,0.0020000000000000018,ok,classification,,,,0.0019999999999998908,-0.0020000000000000018,,,,0.812,0.948,,,,0.0,-0.0040000000000000036
hailo10h,b118,[],paired_central_quality_results,,,,0.812,0.952,resnet50,0cdcb06d3774e2a7dd319ff1edbffe5b49432a8b7c8302ecc9ffaceea81a1ea1,orin_nx_hailo10_01,,,,0.812,0.954,,,,0.0,0.006000000000000005,ok,classification,,,,0.0,0.0020000000000000018,,,,0.812,0.948,,,,0.0,-0.0040000000000000036
hailo10h,b119,[],paired_central_quality_results,,,,0.812,0.952,resnet50,0cdcb06d3774e2a7dd319ff1edbffe5b49432a8b7c8302ecc9ffaceea81a1ea1,orin_nx_hailo10_01,,,,0.816,0.954,,,,0.0039999999999998925,0.006000000000000005,ok,classification,,,,0.0039999999999998925,0.0020000000000000018,,,,0.812,0.948,,,,0.0,-0.0040000000000000036
hailo8,b001,[],paired_central_quality_results,,,,0.812,0.952,resnet50,0cdcb06d3774e2a7dd319ff1edbffe5b49432a8b7c8302ecc9ffaceea81a1ea1,orin_nx_hailo8_01,,,,0.8,0.948,,,,-0.010000000000000009,-0.0020000000000000018,ok,classification,,,,-0.01200000000000001,-0.0040000000000000036,,,,0.81,0.95,,,,-0.0020000000000000018,-0.0020000000000000018
hailo8,b003,[],paired_central_quality_results,,,,0.812,0.952,resnet50,0cdcb06d3774e2a7dd319ff1edbffe5b49432a8b7c8302ecc9ffaceea81a1ea1,orin_nx_hailo8_01,,,,0.802,0.952,,,,-0.008000000000000007,0.0020000000000000018,ok,classification,,,,-0.010000000000000009,0.0,,,,0.81,0.95,,,,-0.0020000000000000018,-0.0020000000000000018
hailo8,b008,[],paired_central_quality_results,,,,0.812,0.952,resnet50,0cdcb06d3774e2a7dd319ff1edbffe5b49432a8b7c8302ecc9ffaceea81a1ea1,orin_nx_hailo8_01,,,,0.812,0.948,,,,0.0020000000000000018,-0.0020000000000000018,ok,classification,,,,0.0,-0.0040000000000000036,,,,0.81,0.95,,,,-0.0020000000000000018,-0.0020000000000000018
hailo8,b009,[],paired_central_quality_results,,,,0.812,0.952,resnet50,0cdcb06d3774e2a7dd319ff1edbffe5b49432a8b7c8302ecc9ffaceea81a1ea1,orin_nx_hailo8_01,,,,0.812,0.946,,,,0.0020000000000000018,-0.0040000000000000036,ok,classification,,,,0.0,-0.006000000000000005,,,,0.81,0.95,,,,-0.0020000000000000018,-0.0020000000000000018
hailo8,b020,[],paired_central_quality_results,,,,0.812,0.952,resnet50,0cdcb06d3774e2a7dd319ff1edbffe5b49432a8b7c8302ecc9ffaceea81a1ea1,orin_nx_hailo8_01,,,,0.81,0.946,,,,0.0,-0.0040000000000000036,ok,classification,,,,-0.0020000000000000018,-0.006000000000000005,,,,0.81,0.95,,,,-0.0020000000000000018,-0.0020000000000000018
hailo8,b022,[],paired_central_quality_results,,,,0.812,0.952,resnet50,0cdcb06d3774e2a7dd319ff1edbffe5b49432a8b7c8302ecc9ffaceea81a1ea1,orin_nx_hailo8_01,,,,0.818,0.948,,,,0.007999999999999896,-0.0020000000000000018,ok,classification,,,,0.005999999999999894,-0.0040000000000000036,,,,0.81,0.95,,,,-0.0020000000000000018,-0.0020000000000000018
hailo8,b027,[],paired_central_quality_results,,,,0.812,0.952,resnet50,0cdcb06d3774e2a7dd319ff1edbffe5b49432a8b7c8302ecc9ffaceea81a1ea1,orin_nx_hailo8_01,,,,0.808,0.942,,,,-0.0020000000000000018,-0.008000000000000007,ok,classification,,,,-0.0040000000000000036,-0.010000000000000009,,,,0.81,0.95,,,,-0.0020000000000000018,-0.0020000000000000018
hailo8,b042,[],paired_central_quality_results,,,,0.812,0.952,resnet50,0cdcb06d3774e2a7dd319ff1edbffe5b49432a8b7c8302ecc9ffaceea81a1ea1,orin_nx_hailo8_01,,,,0.806,0.942,,,,-0.0040000000000000036,-0.008000000000000007,ok,classification,,,,-0.006000000000000005,-0.010000000000000009,,,,0.81,0.95,,,,-0.0020000000000000018,-0.0020000000000000018
hailo8,b052,[],paired_central_quality_results,,,,0.812,0.952,resnet50,0cdcb06d3774e2a7dd319ff1edbffe5b49432a8b7c8302ecc9ffaceea81a1ea1,orin_nx_hailo8_01,,,,0.798,0.942,,,,-0.01200000000000001,-0.008000000000000007,ok,classification,,,,-0.014000000000000012,-0.010000000000000009,,,,0.81,0.95,,,,-0.0020000000000000018,-0.0020000000000000018
hailo8,b054,[],paired_central_quality_results,,,,0.812,0.952,resnet50,0cdcb06d3774e2a7dd319ff1edbffe5b49432a8b7c8302ecc9ffaceea81a1ea1,orin_nx_hailo8_01,,,,0.802,0.946,,,,-0.008000000000000007,-0.0040000000000000036,ok,classification,,,,-0.010000000000000009,-0.006000000000000005,,,,0.81,0.95,,,,-0.0020000000000000018,-0.0020000000000000018
hailo8,b056,[],paired_central_quality_results,,,,0.812,0.952,resnet50,0cdcb06d3774e2a7dd319ff1edbffe5b49432a8b7c8302ecc9ffaceea81a1ea1,orin_nx_hailo8_01,,,,0.808,0.946,,,,-0.0020000000000000018,-0.0040000000000000036,ok,classification,,,,-0.0040000000000000036,-0.006000000000000005,,,,0.81,0.95,,,,-0.0020000000000000018,-0.0020000000000000018
hailo8,b068,[],paired_central_quality_results,,,,0.812,0.952,resnet50,0cdcb06d3774e2a7dd319ff1edbffe5b49432a8b7c8302ecc9ffaceea81a1ea1,orin_nx_hailo8_01,,,,0.81,0.952,,,,0.0,0.0020000000000000018,ok,classification,,,,-0.0020000000000000018,0.0,,,,0.81,0.95,,,,-0.0020000000000000018,-0.0020000000000000018
hailo8,b074,[],paired_central_quality_results,,,,0.812,0.952,resnet50,0cdcb06d3774e2a7dd319ff1edbffe5b49432a8b7c8302ecc9ffaceea81a1ea1,orin_nx_hailo8_01,,,,0.802,0.95,,,,-0.008000000000000007,0.0,ok,classification,,,,-0.010000000000000009,-0.0020000000000000018,,,,0.81,0.95,,,,-0.0020000000000000018,-0.0020000000000000018
hailo8,b078,[],paired_central_quality_results,,,,0.812,0.952,resnet50,0cdcb06d3774e2a7dd319ff1edbffe5b49432a8b7c8302ecc9ffaceea81a1ea1,orin_nx_hailo8_01,,,,0.806,0.948,,,,-0.0040000000000000036,-0.0020000000000000018,ok,classification,,,,-0.006000000000000005,-0.0040000000000000036,,,,0.81,0.95,,,,-0.0020000000000000018,-0.0020000000000000018
hailo8,b091,[],paired_central_quality_results,,,,0.812,0.952,resnet50,0cdcb06d3774e2a7dd319ff1edbffe5b49432a8b7c8302ecc9ffaceea81a1ea1,orin_nx_hailo8_01,,,,0.8,0.948,,,,-0.010000000000000009,-0.0020000000000000018,ok,classification,,,,-0.01200000000000001,-0.0040000000000000036,,,,0.81,0.95,,,,-0.0020000000000000018,-0.0020000000000000018
hailo8,b095,[],paired_central_quality_results,,,,0.812,0.952,resnet50,0cdcb06d3774e2a7dd319ff1edbffe5b49432a8b7c8302ecc9ffaceea81a1ea1,orin_nx_hailo8_01,,,,0.806,0.946,,,,-0.0040000000000000036,-0.0040000000000000036,ok,classification,,,,-0.006000000000000005,-0.006000000000000005,,,,0.81,0.95,,,,-0.0020000000000000018,-0.0020000000000000018
hailo8,b107,[],paired_central_quality_results,,,,0.812,0.952,resnet50,0cdcb06d3774e2a7dd319ff1edbffe5b49432a8b7c8302ecc9ffaceea81a1ea1,orin_nx_hailo8_01,,,,0.82,0.952,,,,0.009999999999999898,0.0020000000000000018,ok,classification,,,,0.007999999999999896,0.0,,,,0.81,0.95,,,,-0.0020000000000000018,-0.0020000000000000018
hailo8,b112,[],paired_central_quality_results,,,,0.812,0.952,resnet50,0cdcb06d3774e2a7dd319ff1edbffe5b49432a8b7c8302ecc9ffaceea81a1ea1,orin_nx_hailo8_01,,,,0.818,0.952,,,,0.007999999999999896,0.0020000000000000018,ok,classification,,,,0.005999999999999894,0.0,,,,0.81,0.95,,,,-0.0020000000000000018,-0.0020000000000000018
hailo8,b118,[],paired_central_quality_results,,,,0.812,0.952,resnet50,0cdcb06d3774e2a7dd319ff1edbffe5b49432a8b7c8302ecc9ffaceea81a1ea1,orin_nx_hailo8_01,,,,0.814,0.954,,,,0.0039999999999998925,0.0040000000000000036,ok,classification,,,,0.0019999999999998908,0.0020000000000000018,,,,0.81,0.95,,,,-0.0020000000000000018,-0.0020000000000000018
hailo8,b119,[],paired_central_quality_results,,,,0.812,0.952,resnet50,0cdcb06d3774e2a7dd319ff1edbffe5b49432a8b7c8302ecc9ffaceea81a1ea1,orin_nx_hailo8_01,,,,0.816,0.956,,,,0.005999999999999894,0.006000000000000005,ok,classification,,,,0.0039999999999998925,0.0040000000000000036,,,,0.81,0.95,,,,-0.0020000000000000018,-0.0020000000000000018
tensorrt,b001,[],paired_central_quality_results,,,,0.812,0.952,resnet50,0cdcb06d3774e2a7dd319ff1edbffe5b49432a8b7c8302ecc9ffaceea81a1ea1,orin_nx_deepx_m1_01,,,,0.812,0.952,,,,0.0,0.0,ok,classification,,,,0.0,0.0,,,,0.812,0.952,,,,0.0,0.0
tensorrt,b003,[],paired_central_quality_results,,,,0.812,0.952,resnet50,0cdcb06d3774e2a7dd319ff1edbffe5b49432a8b7c8302ecc9ffaceea81a1ea1,orin_nx_deepx_m1_01,,,,0.812,0.952,,,,0.0,0.0,ok,classification,,,,0.0,0.0,,,,0.812,0.952,,,,0.0,0.0
tensorrt,b008,[],paired_central_quality_results,,,,0.812,0.952,resnet50,0cdcb06d3774e2a7dd319ff1edbffe5b49432a8b7c8302ecc9ffaceea81a1ea1,orin_nx_deepx_m1_01,,,,0.812,0.952,,,,0.0,0.0,ok,classification,,,,0.0,0.0,,,,0.812,0.952,,,,0.0,0.0
tensorrt,b009,[],paired_central_quality_results,,,,0.812,0.952,resnet50,0cdcb06d3774e2a7dd319ff1edbffe5b49432a8b7c8302ecc9ffaceea81a1ea1,orin_nx_deepx_m1_01,,,,0.812,0.952,,,,0.0,0.0,ok,classification,,,,0.0,0.0,,,,0.812,0.952,,,,0.0,0.0
tensorrt,b020,[],paired_central_quality_results,,,,0.812,0.952,resnet50,0cdcb06d3774e2a7dd319ff1edbffe5b49432a8b7c8302ecc9ffaceea81a1ea1,orin_nx_deepx_m1_01,,,,0.812,0.952,,,,0.0,0.0,ok,classification,,,,0.0,0.0,,,,0.812,0.952,,,,0.0,0.0
tensorrt,b022,[],paired_central_quality_results,,,,0.812,0.952,resnet50,0cdcb06d3774e2a7dd319ff1edbffe5b49432a8b7c8302ecc9ffaceea81a1ea1,orin_nx_deepx_m1_01,,,,0.812,0.952,,,,0.0,0.0,ok,classification,,,,0.0,0.0,,,,0.812,0.952,,,,0.0,0.0
tensorrt,b027,[],paired_central_quality_results,,,,0.812,0.952,resnet50,0cdcb06d3774e2a7dd319ff1edbffe5b49432a8b7c8302ecc9ffaceea81a1ea1,orin_nx_deepx_m1_01,,,,0.812,0.952,,,,0.0,0.0,ok,classification,,,,0.0,0.0,,,,0.812,0.952,,,,0.0,0.0
tensorrt,b042,[],paired_central_quality_results,,,,0.812,0.952,resnet50,0cdcb06d3774e2a7dd319ff1edbffe5b49432a8b7c8302ecc9ffaceea81a1ea1,orin_nx_deepx_m1_01,,,,0.812,0.952,,,,0.0,0.0,ok,classification,,,,0.0,0.0,,,,0.812,0.952,,,,0.0,0.0
tensorrt,b052,[],paired_central_quality_results,,,,0.812,0.952,resnet50,0cdcb06d3774e2a7dd319ff1edbffe5b49432a8b7c8302ecc9ffaceea81a1ea1,orin_nx_deepx_m1_01,,,,0.812,0.952,,,,0.0,0.0,ok,classification,,,,0.0,0.0,,,,0.812,0.952,,,,0.0,0.0
tensorrt,b054,[],paired_central_quality_results,,,,0.812,0.952,resnet50,0cdcb06d3774e2a7dd319ff1edbffe5b49432a8b7c8302ecc9ffaceea81a1ea1,orin_nx_deepx_m1_01,,,,0.812,0.952,,,,0.0,0.0,ok,classification,,,,0.0,0.0,,,,0.812,0.952,,,,0.0,0.0
tensorrt,b056,[],paired_central_quality_results,,,,0.812,0.952,resnet50,0cdcb06d3774e2a7dd319ff1edbffe5b49432a8b7c8302ecc9ffaceea81a1ea1,orin_nx_deepx_m1_01,,,,0.812,0.952,,,,0.0,0.0,ok,classification,,,,0.0,0.0,,,,0.812,0.952,,,,0.0,0.0
tensorrt,b068,[],paired_central_quality_results,,,,0.812,0.952,resnet50,0cdcb06d3774e2a7dd319ff1edbffe5b49432a8b7c8302ecc9ffaceea81a1ea1,orin_nx_deepx_m1_01,,,,0.812,0.952,,,,0.0,0.0,ok,classification,,,,0.0,0.0,,,,0.812,0.952,,,,0.0,0.0
tensorrt,b074,[],paired_central_quality_results,,,,0.812,0.952,resnet50,0cdcb06d3774e2a7dd319ff1edbffe5b49432a8b7c8302ecc9ffaceea81a1ea1,orin_nx_deepx_m1_01,,,,0.812,0.952,,,,0.0,0.0,ok,classification,,,,0.0,0.0,,,,0.812,0.952,,,,0.0,0.0
tensorrt,b078,[],paired_central_quality_results,,,,0.812,0.952,resnet50,0cdcb06d3774e2a7dd319ff1edbffe5b49432a8b7c8302ecc9ffaceea81a1ea1,orin_nx_deepx_m1_01,,,,0.812,0.952,,,,0.0,0.0,ok,classification,,,,0.0,0.0,,,,0.812,0.952,,,,0.0,0.0
tensorrt,b091,[],paired_central_quality_results,,,,0.812,0.952,resnet50,0cdcb06d3774e2a7dd319ff1edbffe5b49432a8b7c8302ecc9ffaceea81a1ea1,orin_nx_deepx_m1_01,,,,0.812,0.952,,,,0.0,0.0,ok,classification,,,,0.0,0.0,,,,0.812,0.952,,,,0.0,0.0
tensorrt,b095,[],paired_central_quality_results,,,,0.812,0.952,resnet50,0cdcb06d3774e2a7dd319ff1edbffe5b49432a8b7c8302ecc9ffaceea81a1ea1,orin_nx_deepx_m1_01,,,,0.812,0.952,,,,0.0,0.0,ok,classification,,,,0.0,0.0,,,,0.812,0.952,,,,0.0,0.0
tensorrt,b107,[],paired_central_quality_results,,,,0.812,0.952,resnet50,0cdcb06d3774e2a7dd319ff1edbffe5b49432a8b7c8302ecc9ffaceea81a1ea1,orin_nx_deepx_m1_01,,,,0.812,0.952,,,,0.0,0.0,ok,classification,,,,0.0,0.0,,,,0.812,0.952,,,,0.0,0.0
tensorrt,b112,[],paired_central_quality_results,,,,0.812,0.952,resnet50,0cdcb06d3774e2a7dd319ff1edbffe5b49432a8b7c8302ecc9ffaceea81a1ea1,orin_nx_deepx_m1_01,,,,0.812,0.952,,,,0.0,0.0,ok,classification,,,,0.0,0.0,,,,0.812,0.952,,,,0.0,0.0
tensorrt,b118,[],paired_central_quality_results,,,,0.812,0.952,resnet50,0cdcb06d3774e2a7dd319ff1edbffe5b49432a8b7c8302ecc9ffaceea81a1ea1,orin_nx_deepx_m1_01,,,,0.812,0.952,,,,0.0,0.0,ok,classification,,,,0.0,0.0,,,,0.812,0.952,,,,0.0,0.0
tensorrt,b119,[],paired_central_quality_results,,,,0.812,0.952,resnet50,0cdcb06d3774e2a7dd319ff1edbffe5b49432a8b7c8302ecc9ffaceea81a1ea1,orin_nx_deepx_m1_01,,,,0.812,0.952,,,,0.0,0.0,ok,classification,,,,0.0,0.0,,,,0.812,0.952,,,,0.0,0.0
deepx,b001,"['decoder_contract_sha256_mismatch', 'nms_contract_sha256_mismatch']",paired_central_quality_results,0.5296159954391199,0.45168933952503865,0.40753480524311103,,,yolo26s,7268eb37e7d4538509756babb5fa4d0fac14dded7969fe99648c4643a80f924f,orin_nx_deepx_m1_01,0.5278080545753093,0.4511735335490343,0.40722766920993336,,,,,,,,contract_incomparable,detection,,,,,,0.5309947824621997,0.4366680600689632,0.4013927141680281,,,,,,,
deepx,b002,"['decoder_contract_sha256_mismatch', 'nms_contract_sha256_mismatch']",paired_central_quality_results,0.5296159954391199,0.45168933952503865,0.40753480524311103,,,yolo26s,7268eb37e7d4538509756babb5fa4d0fac14dded7969fe99648c4643a80f924f,orin_nx_deepx_m1_01,0.5274602498840725,0.44984216663691373,0.406738391373869,,,,,,,,contract_incomparable,detection,,,,,,0.5309947824621997,0.4366680600689632,0.4013927141680281,,,,,,,
deepx,b005,"['decoder_contract_sha256_mismatch', 'nms_contract_sha256_mismatch']",paired_central_quality_results,0.5296159954391199,0.45168933952503865,0.40753480524311103,,,yolo26s,7268eb37e7d4538509756babb5fa4d0fac14dded7969fe99648c4643a80f924f,orin_nx_deepx_m1_01,0.5293860126913774,0.4494757143946567,0.40704769300734905,,,,,,,,contract_incomparable,detection,,,,,,0.5309947824621997,0.4366680600689632,0.4013927141680281,,,,,,,
deepx,b038,"['decoder_contract_sha256_mismatch', 'nms_contract_sha256_mismatch']",paired_central_quality_results,0.5296159954391199,0.45168933952503865,0.40753480524311103,,,yolo26s,7268eb37e7d4538509756babb5fa4d0fac14dded7969fe99648c4643a80f924f,orin_nx_deepx_m1_01,0.5311122974675924,0.44894176573852196,0.40813959853045895,,,,,,,,contract_incomparable,detection,,,,,,0.5309947824621997,0.4366680600689632,0.4013927141680281,,,,,,,
deepx,b042,"['decoder_contract_sha256_mismatch', 'nms_contract_sha256_mismatch']",paired_central_quality_results,0.5296159954391199,0.45168933952503865,0.40753480524311103,,,yolo26s,7268eb37e7d4538509756babb5fa4d0fac14dded7969fe99648c4643a80f924f,orin_nx_deepx_m1_01,0.5275889717189982,0.44681873144858547,0.40477756438864454,,,,,,,,contract_incomparable,detection,,,,,,0.5309947824621997,0.4366680600689632,0.4013927141680281,,,,,,,
deepx,b118,"['decoder_contract_sha256_mismatch', 'nms_contract_sha256_mismatch']",paired_central_quality_results,0.5296159954391199,0.45168933952503865,0.40753480524311103,,,yolo26s,7268eb37e7d4538509756babb5fa4d0fac14dded7969fe99648c4643a80f924f,orin_nx_deepx_m1_01,0.5278239346634928,0.4492220020972856,0.40609095166377396,,,,,,,,contract_incomparable,detection,,,,,,0.5309947824621997,0.4366680600689632,0.4013927141680281,,,,,,,
deepx,b148,"['decoder_contract_sha256_mismatch', 'nms_contract_sha256_mismatch']",paired_central_quality_results,0.5296159954391199,0.45168933952503865,0.40753480524311103,,,yolo26s,7268eb37e7d4538509756babb5fa4d0fac14dded7969fe99648c4643a80f924f,orin_nx_deepx_m1_01,0.528102480376711,0.4502922702801994,0.40740986147309927,,,,,,,,contract_incomparable,detection,,,,,,0.5309947824621997,0.4366680600689632,0.4013927141680281,,,,,,,
deepx,b181,"['decoder_contract_sha256_mismatch', 'nms_contract_sha256_mismatch']",paired_central_quality_results,0.5296159954391199,0.45168933952503865,0.40753480524311103,,,yolo26s,7268eb37e7d4538509756babb5fa4d0fac14dded7969fe99648c4643a80f924f,orin_nx_deepx_m1_01,0.5279848440559489,0.4433679661648993,0.4060748610325103,,,,,,,,contract_incomparable,detection,,,,,,0.5309947824621997,0.4366680600689632,0.4013927141680281,,,,,,,
deepx,b221,"['decoder_contract_sha256_mismatch', 'nms_contract_sha256_mismatch']",paired_central_quality_results,0.5296159954391199,0.45168933952503865,0.40753480524311103,,,yolo26s,7268eb37e7d4538509756babb5fa4d0fac14dded7969fe99648c4643a80f924f,orin_nx_deepx_m1_01,0.5334364709250703,0.45289277490043994,0.4097116216097378,,,,,,,,contract_incomparable,detection,,,,,,0.5309947824621997,0.4366680600689632,0.4013927141680281,,,,,,,
hailo10h,b001,[],paired_central_quality_results,0.5296159954391199,0.45168933952503865,0.40753480524311103,,,yolo26s,7268eb37e7d4538509756babb5fa4d0fac14dded7969fe99648c4643a80f924f,orin_nx_hailo10_01,0.5165111951714401,0.433541308048338,0.3965639200484804,,,0.04198047396275084,0.04352096086829027,0.04581561118705513,,,ok,detection,-0.013104800267679795,-0.018148031476700632,-0.01097088519463063,,,0.4745307212086892,0.39002034718004774,0.3507483088614253,,,-0.055085274230430636,-0.0616689923449909,-0.05678649638168576,,
hailo10h,b002,[],paired_central_quality_results,0.5296159954391199,0.45168933952503865,0.40753480524311103,,,yolo26s,7268eb37e7d4538509756babb5fa4d0fac14dded7969fe99648c4643a80f924f,orin_nx_hailo10_01,0.5194842723170572,0.4373997046234142,0.3973083953707857,,,0.04495355110836796,0.047379357443366465,0.04656008650936044,,,ok,detection,-0.010131723122062675,-0.014289634901624437,-0.010226409872325315,,,0.4745307212086892,0.39002034718004774,0.3507483088614253,,,-0.055085274230430636,-0.0616689923449909,-0.05678649638168576,,
hailo10h,b005,[],paired_central_quality_results,0.5296159954391199,0.45168933952503865,0.40753480524311103,,,yolo26s,7268eb37e7d4538509756babb5fa4d0fac14dded7969fe99648c4643a80f924f,orin_nx_hailo10_01,0.5261653805206908,0.4420423803832566,0.40235007343730783,,,0.05163465931200162,0.05202203320320886,0.05160176457588256,,,ok,detection,-0.003450614918429018,-0.009646959141782041,-0.0051847318058032,,,0.4745307212086892,0.39002034718004774,0.3507483088614253,,,-0.055085274230430636,-0.0616689923449909,-0.05678649638168576,,
hailo10h,b038,[],paired_central_quality_results,0.5296159954391199,0.45168933952503865,0.40753480524311103,,,yolo26s,7268eb37e7d4538509756babb5fa4d0fac14dded7969fe99648c4643a80f924f,orin_nx_hailo10_01,0.5254240886262148,0.440900601522241,0.40031521927814306,,,0.05089336741752559,0.05088025434219323,0.04956691041671779,,,ok,detection,-0.004191906812905044,-0.010788738002797671,-0.007219585964967967,,,0.4745307212086892,0.39002034718004774,0.3507483088614253,,,-0.055085274230430636,-0.0616689923449909,-0.05678649638168576,,
hailo10h,b042,[],paired_central_quality_results,0.5296159954391199,0.45168933952503865,0.40753480524311103,,,yolo26s,7268eb37e7d4538509756babb5fa4d0fac14dded7969fe99648c4643a80f924f,orin_nx_hailo10_01,0.5231605918248101,0.4411561883063895,0.40079880626263603,,,0.048629870616120896,0.05113584112634173,0.05005049740121076,,,ok,detection,-0.00645540361430974,-0.010533151218649173,-0.006735998980475,,,0.4745307212086892,0.39002034718004774,0.3507483088614253,,,-0.055085274230430636,-0.0616689923449909,-0.05678649638168576,,
hailo10h,b118,[],paired_central_quality_results,0.5296159954391199,0.45168933952503865,0.40753480524311103,,,yolo26s,7268eb37e7d4538509756babb5fa4d0fac14dded7969fe99648c4643a80f924f,orin_nx_hailo10_01,0.5208479185026176,0.43944588876928725,0.39781783257830095,,,0.04631719729392836,0.04942554158923951,0.04706952371687567,,,ok,detection,-0.008768076936502278,-0.012243450755751395,-0.009716972664810086,,,0.4745307212086892,0.39002034718004774,0.3507483088614253,,,-0.055085274230430636,-0.0616689923449909,-0.05678649638168576,,
hailo10h,b148,[],paired_central_quality_results,0.5296159954391199,0.45168933952503865,0.40753480524311103,,,yolo26s,7268eb37e7d4538509756babb5fa4d0fac14dded7969fe99648c4643a80f924f,orin_nx_hailo10_01,0.5124359207762644,0.4308227124338103,0.39185111155954766,,,0.03790519956757521,0.040802365253762574,0.04110280269812239,,,ok,detection,-0.017180074662855427,-0.02086662709122833,-0.01568369368356337,,,0.4745307212086892,0.39002034718004774,0.3507483088614253,,,-0.055085274230430636,-0.0616689923449909,-0.05678649638168576,,
hailo10h,b181,[],paired_central_quality_results,0.5296159954391199,0.45168933952503865,0.40753480524311103,,,yolo26s,7268eb37e7d4538509756babb5fa4d0fac14dded7969fe99648c4643a80f924f,orin_nx_hailo10_01,0.5133973464959919,0.42966013760259836,0.39103153830892085,,,0.03886662528730267,0.039639790422550614,0.04028322944749557,,,ok,detection,-0.016218648943127967,-0.02202920192244029,-0.016503266934190186,,,0.4745307212086892,0.39002034718004774,0.3507483088614253,,,-0.055085274230430636,-0.0616689923449909,-0.05678649638168576,,
hailo10h,b221,[],paired_central_quality_results,0.5296159954391199,0.45168933952503865,0.40753480524311103,,,yolo26s,7268eb37e7d4538509756babb5fa4d0fac14dded7969fe99648c4643a80f924f,orin_nx_hailo10_01,0.49700108009141564,0.3920228093659671,0.36550578412175694,,,0.022470358882726416,0.0020024621859193736,0.014757475260331665,,,ok,detection,-0.03261491534770422,-0.05966653015907153,-0.04202902112135409,,,0.4745307212086892,0.39002034718004774,0.3507483088614253,,,-0.055085274230430636,-0.0616689923449909,-0.05678649638168576,,
hailo8,b001,[],paired_central_quality_results,0.5296159954391199,0.45168933952503865,0.40753480524311103,,,yolo26s,7268eb37e7d4538509756babb5fa4d0fac14dded7969fe99648c4643a80f924f,orin_nx_hailo8_01,0.5161325487833801,0.4344989699523637,0.39660148559424024,,,0.07613498235840599,0.06557051513602236,0.067032193284076,,,ok,detection,-0.01348344665573975,-0.017190369572674946,-0.010933319648870787,,,0.4399975664249741,0.36892845481634134,0.32956929231016424,,,-0.08961842901414574,-0.0827608847086973,-0.07796551293294679,,
hailo8,b002,[],paired_central_quality_results,0.5296159954391199,0.45168933952503865,0.40753480524311103,,,yolo26s,7268eb37e7d4538509756babb5fa4d0fac14dded7969fe99648c4643a80f924f,orin_nx_hailo8_01,0.5214563665468946,0.4376255718732972,0.39757145604404553,,,0.08145880012192053,0.06869711705695586,0.0680021637338813,,,ok,detection,-0.008159628892225212,-0.014063767651741443,-0.009963349199065497,,,0.4399975664249741,0.36892845481634134,0.32956929231016424,,,-0.08961842901414574,-0.0827608847086973,-0.07796551293294679,,
hailo8,b005,[],paired_central_quality_results,0.5296159954391199,0.45168933952503865,0.40753480524311103,,,yolo26s,7268eb37e7d4538509756babb5fa4d0fac14dded7969fe99648c4643a80f924f,orin_nx_hailo8_01,0.5226551892364969,0.4423295450572035,0.39953693251973843,,,0.08265762281152278,0.07340109024086217,0.06996764020957419,,,ok,detection,-0.00696080620262296,-0.009359794467835136,-0.007997872723372601,,,0.4399975664249741,0.36892845481634134,0.32956929231016424,,,-0.08961842901414574,-0.0827608847086973,-0.07796551293294679,,
hailo8,b038,[],paired_central_quality_results,0.5296159954391199,0.45168933952503865,0.40753480524311103,,,yolo26s,7268eb37e7d4538509756babb5fa4d0fac14dded7969fe99648c4643a80f924f,orin_nx_hailo8_01,0.5214031663050156,0.4413430925237365,0.3987847275624402,,,0.08140559988004148,0.07241463770739515,0.06921543525227597,,,ok,detection,-0.00821282913410426,-0.010346247001302156,-0.00875007768067082,,,0.4399975664249741,0.36892845481634134,0.32956929231016424,,,-0.08961842901414574,-0.0827608847086973,-0.07796551293294679,,
hailo8,b042,[],paired_central_quality_results,0.5296159954391199,0.45168933952503865,0.40753480524311103,,,yolo26s,7268eb37e7d4538509756babb5fa4d0fac14dded7969fe99648c4643a80f924f,orin_nx_hailo8_01,0.5204371919099352,0.43884039558839083,0.39763046905887084,,,0.08043962548496109,0.06991194077204949,0.0680611767487066,,,ok,detection,-0.009178803529184654,-0.012848943936647816,-0.009904336184240192,,,0.4399975664249741,0.36892845481634134,0.32956929231016424,,,-0.08961842901414574,-0.0827608847086973,-0.07796551293294679,,
hailo8,b118,[],paired_central_quality_results,0.5296159954391199,0.45168933952503865,0.40753480524311103,,,yolo26s,7268eb37e7d4538509756babb5fa4d0fac14dded7969fe99648c4643a80f924f,orin_nx_hailo8_01,0.5218701109474544,0.44252249484900197,0.3997995000321529,,,0.08187254452248027,0.07359404003266062,0.07023020772198868,,,ok,detection,-0.007745884491665467,-0.009166844676036678,-0.00773530521095811,,,0.4399975664249741,0.36892845481634134,0.32956929231016424,,,-0.08961842901414574,-0.0827608847086973,-0.07796551293294679,,
hailo8,b148,[],paired_central_quality_results,0.5296159954391199,0.45168933952503865,0.40753480524311103,,,yolo26s,7268eb37e7d4538509756babb5fa4d0fac14dded7969fe99648c4643a80f924f,orin_nx_hailo8_01,0.5195812475969002,0.4381437876455411,0.39647000007446637,,,0.07958368117192605,0.06921533282919978,0.06690070776430213,,,ok,detection,-0.010034747842219693,-0.01354555187949752,-0.011064805168644665,,,0.4399975664249741,0.36892845481634134,0.32956929231016424,,,-0.08961842901414574,-0.0827608847086973,-0.07796551293294679,,
hailo8,b181,[],paired_central_quality_results,0.5296159954391199,0.45168933952503865,0.40753480524311103,,,yolo26s,7268eb37e7d4538509756babb5fa4d0fac14dded7969fe99648c4643a80f924f,orin_nx_hailo8_01,0.5169565832924725,0.435303218391641,0.3948902006104294,,,0.0769590168674984,0.06637476357529964,0.06532090830026516,,,ok,detection,-0.012659412146647342,-0.016386121133397658,-0.012644604632681633,,,0.4399975664249741,0.36892845481634134,0.32956929231016424,,,-0.08961842901414574,-0.0827608847086973,-0.07796551293294679,,
hailo8,b221,[],paired_central_quality_results,0.5296159954391199,0.45168933952503865,0.40753480524311103,,,yolo26s,7268eb37e7d4538509756babb5fa4d0fac14dded7969fe99648c4643a80f924f,orin_nx_hailo8_01,0.48491411262219497,0.38019394561611486,0.35789463885672534,,,0.04491654619722085,0.011265490799773514,0.028325346546561103,,,ok,detection,-0.04470188281692489,-0.07149539390892379,-0.04964016638638569,,,0.4399975664249741,0.36892845481634134,0.32956929231016424,,,-0.08961842901414574,-0.0827608847086973,-0.07796551293294679,,
tensorrt,b001,[],paired_central_quality_results,0.5296159954391199,0.45168933952503865,0.40753480524311103,,,yolo26s,7268eb37e7d4538509756babb5fa4d0fac14dded7969fe99648c4643a80f924f,orin_nx_deepx_m1_01,0.5302260590256145,0.4511745951295194,0.4083515860652551,,,-0.0007905375655040681,-0.0003140520415093606,-0.0002230935369728071,,,ok,detection,0.0006100635864946247,-0.0005147443955192399,0.000816780822144092,,,0.5310165965911186,0.45148864717102877,0.40857467960222793,,,0.0014006011519986927,-0.00020069235400987928,0.001039874359116899,,
tensorrt,b002,[],paired_central_quality_results,0.5296159954391199,0.45168933952503865,0.40753480524311103,,,yolo26s,7268eb37e7d4538509756babb5fa4d0fac14dded7969fe99648c4643a80f924f,orin_nx_deepx_m1_01,0.5307475994128993,0.45124152213113733,0.40847637568174006,,,-0.0002689971782192657,-0.0002471250398914382,-9.83039204878744e-05,,,ok,detection,0.001131603973779427,-0.0004478173939013175,0.0009415704386290247,,,0.5310165965911186,0.45148864717102877,0.40857467960222793,,,0.0014006011519986927,-0.00020069235400987928,0.001039874359116899,,
tensorrt,b005,[],paired_central_quality_results,0.5296159954391199,0.45168933952503865,0.40753480524311103,,,yolo26s,7268eb37e7d4538509756babb5fa4d0fac14dded7969fe99648c4643a80f924f,orin_nx_deepx_m1_01,0.5307475994128993,0.45124152213113733,0.40847637568174006,,,-0.0002689971782192657,-0.0002471250398914382,-9.83039204878744e-05,,,ok,detection,0.001131603973779427,-0.0004478173939013175,0.0009415704386290247,,,0.5310165965911186,0.45148864717102877,0.40857467960222793,,,0.0014006011519986927,-0.00020069235400987928,0.001039874359116899,,
tensorrt,b038,[],paired_central_quality_results,0.5296159954391199,0.45168933952503865,0.40753480524311103,,,yolo26s,7268eb37e7d4538509756babb5fa4d0fac14dded7969fe99648c4643a80f924f,orin_nx_deepx_m1_01,0.5303123568728714,0.4514043356559359,0.40844047505931824,,,-0.0007042397182471793,-8.431151509286083e-05,-0.0001342045429096883,,,ok,detection,0.0006963614337515134,-0.0002850038691027401,0.0009056698162072108,,,0.5310165965911186,0.45148864717102877,0.40857467960222793,,,0.0014006011519986927,-0.00020069235400987928,0.001039874359116899,,
tensorrt,b042,[],paired_central_quality_results,0.5296159954391199,0.45168933952503865,0.40753480524311103,,,yolo26s,7268eb37e7d4538509756babb5fa4d0fac14dded7969fe99648c4643a80f924f,orin_nx_deepx_m1_01,0.5308613694245272,0.4523796795323344,0.40858832738212414,,,-0.00015522716659133184,0.0008910323613056104,1.364777989620869e-05,,,ok,detection,0.0012453739854073609,0.0006903400072957311,0.0010535221390131078,,,0.5310165965911186,0.45148864717102877,0.40857467960222793,,,0.0014006011519986927,-0.00020069235400987928,0.001039874359116899,,
tensorrt,b118,[],paired_central_quality_results,0.5296159954391199,0.45168933952503865,0.40753480524311103,,,yolo26s,7268eb37e7d4538509756babb5fa4d0fac14dded7969fe99648c4643a80f924f,orin_nx_deepx_m1_01,0.5308613694245272,0.4523796795323344,0.40858832738212414,,,-0.00015522716659133184,0.0008910323613056104,1.364777989620869e-05,,,ok,detection,0.0012453739854073609,0.0006903400072957311,0.0010535221390131078,,,0.5310165965911186,0.45148864717102877,0.40857467960222793,,,0.0014006011519986927,-0.00020069235400987928,0.001039874359116899,,
tensorrt,b148,[],paired_central_quality_results,0.5296159954391199,0.45168933952503865,0.40753480524311103,,,yolo26s,7268eb37e7d4538509756babb5fa4d0fac14dded7969fe99648c4643a80f924f,orin_nx_deepx_m1_01,0.5303123568728714,0.4514043356559359,0.40844047505931824,,,-0.0007042397182471793,-8.431151509286083e-05,-0.0001342045429096883,,,ok,detection,0.0006963614337515134,-0.0002850038691027401,0.0009056698162072108,,,0.5310165965911186,0.45148864717102877,0.40857467960222793,,,0.0014006011519986927,-0.00020069235400987928,0.001039874359116899,,
tensorrt,b181,[],paired_central_quality_results,0.5296159954391199,0.45168933952503865,0.40753480524311103,,,yolo26s,7268eb37e7d4538509756babb5fa4d0fac14dded7969fe99648c4643a80f924f,orin_nx_deepx_m1_01,0.5306144403791664,0.45245394619679685,0.4088287719843291,,,-0.0004021562119521649,0.0009652990257680849,0.0002540923821011676,,,ok,detection,0.0009984449400465278,0.0007646066717582056,0.0012939667412180667,,,0.5310165965911186,0.45148864717102877,0.40857467960222793,,,0.0014006011519986927,-0.00020069235400987928,0.001039874359116899,,
tensorrt,b221,[],paired_central_quality_results,0.5296159954391199,0.45168933952503865,0.40753480524311103,,,yolo26s,7268eb37e7d4538509756babb5fa4d0fac14dded7969fe99648c4643a80f924f,orin_nx_deepx_m1_01,0.5307475994128993,0.45124152213113733,0.4084762956042276,,,-0.0002689971782192657,-0.0002471250398914382,-9.838399800032871e-05,,,ok,detection,0.001131603973779427,-0.0004478173939013175,0.0009414903611165704,,,0.5310165965911186,0.45148864717102877,0.40857467960222793,,,0.0014006011519986927,-0.00020069235400987928,0.001039874359116899,,
deepx,b001,"['decoder_contract_sha256_mismatch', 'nms_contract_sha256_mismatch']",paired_central_quality_results,0.5973630231150453,0.4885298674409785,0.4520187916528286,,,yolov7_paper,76503dff180bac5ef2b081b3c07b58d2cc0d3ad8a941cbda391b6f2637717a1b,orin_nx_deepx_m1_01,0.6106216241006214,0.4973688519937863,0.4610581982409637,,,,,,,,contract_incomparable,detection,,,,,,0.6053738276649377,0.4928043056445399,0.45629326666562375,,,,,,,
deepx,b002,"['decoder_contract_sha256_mismatch', 'nms_contract_sha256_mismatch']",paired_central_quality_results,0.5973630231150453,0.4885298674409785,0.4520187916528286,,,yolov7_paper,76503dff180bac5ef2b081b3c07b58d2cc0d3ad8a941cbda391b6f2637717a1b,orin_nx_deepx_m1_01,0.6105616969010322,0.4974397724365244,0.46109539502318764,,,,,,,,contract_incomparable,detection,,,,,,0.6053738276649377,0.4928043056445399,0.45629326666562375,,,,,,,
deepx,b013,"['decoder_contract_sha256_mismatch', 'nms_contract_sha256_mismatch']",paired_central_quality_results,0.5973630231150453,0.4885298674409785,0.4520187916528286,,,yolov7_paper,76503dff180bac5ef2b081b3c07b58d2cc0d3ad8a941cbda391b6f2637717a1b,orin_nx_deepx_m1_01,0.6084092909543969,0.49760622090964324,0.45995121158502705,,,,,,,,contract_incomparable,detection,,,,,,0.6053738276649377,0.4928043056445399,0.45629326666562375,,,,,,,
deepx,b044,"['decoder_contract_sha256_mismatch', 'nms_contract_sha256_mismatch']",paired_central_quality_results,0.5973630231150453,0.4885298674409785,0.4520187916528286,,,yolov7_paper,76503dff180bac5ef2b081b3c07b58d2cc0d3ad8a941cbda391b6f2637717a1b,orin_nx_deepx_m1_01,0.609906553287096,0.4979801197619279,0.46017623651929485,,,,,,,,contract_incomparable,detection,,,,,,0.6053738276649377,0.4928043056445399,0.45629326666562375,,,,,,,
deepx,b049,"['decoder_contract_sha256_mismatch', 'nms_contract_sha256_mismatch']",paired_central_quality_results,0.5973630231150453,0.4885298674409785,0.4520187916528286,,,yolov7_paper,76503dff180bac5ef2b081b3c07b58d2cc0d3ad8a941cbda391b6f2637717a1b,orin_nx_deepx_m1_01,0.6087115520334775,0.4982944742435276,0.45958521365861194,,,,,,,,contract_incomparable,detection,,,,,,0.6053738276649377,0.4928043056445399,0.45629326666562375,,,,,,,
deepx,b065,"['decoder_contract_sha256_mismatch', 'nms_contract_sha256_mismatch']",paired_central_quality_results,0.5973630231150453,0.4885298674409785,0.4520187916528286,,,yolov7_paper,76503dff180bac5ef2b081b3c07b58d2cc0d3ad8a941cbda391b6f2637717a1b,orin_nx_deepx_m1_01,0.6082193461624851,0.49735149235307874,0.4588639991570007,,,,,,,,contract_incomparable,detection,,,,,,0.6053738276649377,0.4928043056445399,0.45629326666562375,,,,,,,
deepx,b088,"['decoder_contract_sha256_mismatch', 'nms_contract_sha256_mismatch']",paired_central_quality_results,0.5973630231150453,0.4885298674409785,0.4520187916528286,,,yolov7_paper,76503dff180bac5ef2b081b3c07b58d2cc0d3ad8a941cbda391b6f2637717a1b,orin_nx_deepx_m1_01,0.6084509353310165,0.49749994524339625,0.4591462479168456,,,,,,,,contract_incomparable,detection,,,,,,0.6053738276649377,0.4928043056445399,0.45629326666562375,,,,,,,
deepx,b092,"['decoder_contract_sha256_mismatch', 'nms_contract_sha256_mismatch']",paired_central_quality_results,0.5973630231150453,0.4885298674409785,0.4520187916528286,,,yolov7_paper,76503dff180bac5ef2b081b3c07b58d2cc0d3ad8a941cbda391b6f2637717a1b,orin_nx_deepx_m1_01,0.608377526158301,0.4982090310258145,0.4592593833410394,,,,,,,,contract_incomparable,detection,,,,,,0.6053738276649377,0.4928043056445399,0.45629326666562375,,,,,,,
deepx,b114,"['decoder_contract_sha256_mismatch', 'nms_contract_sha256_mismatch']",paired_central_quality_results,0.5973630231150453,0.4885298674409785,0.4520187916528286,,,yolov7_paper,76503dff180bac5ef2b081b3c07b58d2cc0d3ad8a941cbda391b6f2637717a1b,orin_nx_deepx_m1_01,0.6094303417489817,0.4985133703964034,0.4596399703546252,,,,,,,,contract_incomparable,detection,,,,,,0.6053738276649377,0.4928043056445399,0.45629326666562375,,,,,,,
deepx,b134,"['decoder_contract_sha256_mismatch', 'nms_contract_sha256_mismatch']",paired_central_quality_results,0.5973630231150453,0.4885298674409785,0.4520187916528286,,,yolov7_paper,76503dff180bac5ef2b081b3c07b58d2cc0d3ad8a941cbda391b6f2637717a1b,orin_nx_deepx_m1_01,0.6076710974410324,0.49668321204141225,0.4584668666915507,,,,,,,,contract_incomparable,detection,,,,,,0.6053738276649377,0.4928043056445399,0.45629326666562375,,,,,,,
deepx,b155,"['decoder_contract_sha256_mismatch', 'nms_contract_sha256_mismatch']",paired_central_quality_results,0.5973630231150453,0.4885298674409785,0.4520187916528286,,,yolov7_paper,76503dff180bac5ef2b081b3c07b58d2cc0d3ad8a941cbda391b6f2637717a1b,orin_nx_deepx_m1_01,0.6090320731633077,0.4979513345157156,0.4598131156536649,,,,,,,,contract_incomparable,detection,,,,,,0.6053738276649377,0.4928043056445399,0.45629326666562375,,,,,,,
deepx,b165,"['decoder_contract_sha256_mismatch', 'nms_contract_sha256_mismatch']",paired_central_quality_results,0.5973630231150453,0.4885298674409785,0.4520187916528286,,,yolov7_paper,76503dff180bac5ef2b081b3c07b58d2cc0d3ad8a941cbda391b6f2637717a1b,orin_nx_deepx_m1_01,0.6084440985971158,0.49770303317299575,0.45950003466089384,,,,,,,,contract_incomparable,detection,,,,,,0.6053738276649377,0.4928043056445399,0.45629326666562375,,,,,,,
deepx,b186,"['decoder_contract_sha256_mismatch', 'nms_contract_sha256_mismatch']",paired_central_quality_results,0.5973630231150453,0.4885298674409785,0.4520187916528286,,,yolov7_paper,76503dff180bac5ef2b081b3c07b58d2cc0d3ad8a941cbda391b6f2637717a1b,orin_nx_deepx_m1_01,0.6077729958819575,0.495763823744094,0.45792357467903316,,,,,,,,contract_incomparable,detection,,,,,,0.6053738276649377,0.4928043056445399,0.45629326666562375,,,,,,,
deepx,b189,"['decoder_contract_sha256_mismatch', 'nms_contract_sha256_mismatch']",paired_central_quality_results,0.5973630231150453,0.4885298674409785,0.4520187916528286,,,yolov7_paper,76503dff180bac5ef2b081b3c07b58d2cc0d3ad8a941cbda391b6f2637717a1b,orin_nx_deepx_m1_01,0.6068270486253914,0.49571389586913706,0.4573579721177679,,,,,,,,contract_incomparable,detection,,,,,,0.6053738276649377,0.4928043056445399,0.45629326666562375,,,,,,,
deepx,b222,"['decoder_contract_sha256_mismatch', 'nms_contract_sha256_mismatch']",paired_central_quality_results,0.5973630231150453,0.4885298674409785,0.4520187916528286,,,yolov7_paper,76503dff180bac5ef2b081b3c07b58d2cc0d3ad8a941cbda391b6f2637717a1b,orin_nx_deepx_m1_01,0.6044439190906463,0.49371589087318657,0.457007319020006,,,,,,,,contract_incomparable,detection,,,,,,0.6053738276649377,0.4928043056445399,0.45629326666562375,,,,,,,
deepx,b228,"['decoder_contract_sha256_mismatch', 'nms_contract_sha256_mismatch']",paired_central_quality_results,0.5973630231150453,0.4885298674409785,0.4520187916528286,,,yolov7_paper,76503dff180bac5ef2b081b3c07b58d2cc0d3ad8a941cbda391b6f2637717a1b,orin_nx_deepx_m1_01,0.6053044900224351,0.4936814767151776,0.45708150440951495,,,,,,,,contract_incomparable,detection,,,,,,0.6053738276649377,0.4928043056445399,0.45629326666562375,,,,,,,
deepx,b262,"['decoder_contract_sha256_mismatch', 'nms_contract_sha256_mismatch']",paired_central_quality_results,0.5973630231150453,0.4885298674409785,0.4520187916528286,,,yolov7_paper,76503dff180bac5ef2b081b3c07b58d2cc0d3ad8a941cbda391b6f2637717a1b,orin_nx_deepx_m1_01,0.6086718207206763,0.4958358801163659,0.4593660031972305,,,,,,,,contract_incomparable,detection,,,,,,0.6053738276649377,0.4928043056445399,0.45629326666562375,,,,,,,
deepx,b270,"['decoder_contract_sha256_mismatch', 'nms_contract_sha256_mismatch']",paired_central_quality_results,0.5973630231150453,0.4885298674409785,0.4520187916528286,,,yolov7_paper,76503dff180bac5ef2b081b3c07b58d2cc0d3ad8a941cbda391b6f2637717a1b,orin_nx_deepx_m1_01,0.6082723735822457,0.49556247239913975,0.4590185002817099,,,,,,,,contract_incomparable,detection,,,,,,0.6053738276649377,0.4928043056445399,0.45629326666562375,,,,,,,
deepx,b306,"['decoder_contract_sha256_mismatch', 'nms_contract_sha256_mismatch']",paired_central_quality_results,0.5973630231150453,0.4885298674409785,0.4520187916528286,,,yolov7_paper,76503dff180bac5ef2b081b3c07b58d2cc0d3ad8a941cbda391b6f2637717a1b,orin_nx_deepx_m1_01,0.6103166318231142,0.49925426209880275,0.46075455615822564,,,,,,,,contract_incomparable,detection,,,,,,0.6053738276649377,0.4928043056445399,0.45629326666562375,,,,,,,
deepx,b307,"['decoder_contract_sha256_mismatch', 'nms_contract_sha256_mismatch']",paired_central_quality_results,0.5973630231150453,0.4885298674409785,0.4520187916528286,,,yolov7_paper,76503dff180bac5ef2b081b3c07b58d2cc0d3ad8a941cbda391b6f2637717a1b,orin_nx_deepx_m1_01,0.6099550994961421,0.498414366705214,0.46055526027741783,,,,,,,,contract_incomparable,detection,,,,,,0.6053738276649377,0.4928043056445399,0.45629326666562375,,,,,,,
hailo10h,b001,[],paired_central_quality_results,0.5973630231150453,0.4885298674409785,0.4520187916528286,,,yolov7_paper,76503dff180bac5ef2b081b3c07b58d2cc0d3ad8a941cbda391b6f2637717a1b,orin_nx_hailo10_01,0.12858941354373896,0.10571646768562863,0.09912039145089613,,,-0.48119713254088514,-0.3659225415088015,-0.3210200971604722,,,ok,detection,-0.4687736095713063,-0.38281339975534984,-0.35289840020193247,,,0.6097865460846241,0.47163900919443014,0.4201404886113683,,,0.012423522969578826,-0.016890858246548346,-0.031878303041460276,,
hailo10h,b002,[],paired_central_quality_results,0.5973630231150453,0.4885298674409785,0.4520187916528286,,,yolov7_paper,76503dff180bac5ef2b081b3c07b58d2cc0d3ad8a941cbda391b6f2637717a1b,orin_nx_hailo10_01,0.6073220306472613,0.49782199662289406,0.4588716165501035,,,-0.002464515437362813,0.026182987428463922,0.03873112793873518,,,ok,detection,0.009959007532216013,0.009292129181915576,0.006852824897274901,,,0.6097865460846241,0.47163900919443014,0.4201404886113683,,,0.012423522969578826,-0.016890858246548346,-0.031878303041460276,,
hailo10h,b013,[],paired_central_quality_results,0.5973630231150453,0.4885298674409785,0.4520187916528286,,,yolov7_paper,76503dff180bac5ef2b081b3c07b58d2cc0d3ad8a941cbda391b6f2637717a1b,orin_nx_hailo10_01,0.6058061144969399,0.49466567329582894,0.4576292513715711,,,-0.003980431587684241,0.023026664101398808,0.0374887627602028,,,ok,detection,0.008443091381894585,0.006135805854850462,0.005610459718742522,,,0.6097865460846241,0.47163900919443014,0.4201404886113683,,,0.012423522969578826,-0.016890858246548346,-0.031878303041460276,,
hailo10h,b044,[],paired_central_quality_results,0.5973630231150453,0.4885298674409785,0.4520187916528286,,,yolov7_paper,76503dff180bac5ef2b081b3c07b58d2cc0d3ad8a941cbda391b6f2637717a1b,orin_nx_hailo10_01,0.6082680561072609,0.4944479615363006,0.4577133862205809,,,-0.0015184899773632576,0.02280895234187047,0.03757289760921256,,,ok,detection,0.010905032992215569,0.005918094095322124,0.005694594567752287,,,0.6097865460846241,0.47163900919443014,0.4201404886113683,,,0.012423522969578826,-0.016890858246548346,-0.031878303041460276,,
hailo10h,b049,[],paired_central_quality_results,0.5973630231150453,0.4885298674409785,0.4520187916528286,,,yolov7_paper,76503dff180bac5ef2b081b3c07b58d2cc0d3ad8a941cbda391b6f2637717a1b,orin_nx_hailo10_01,0.5704243375523256,0.4673756061841061,0.42730763093743585,,,-0.03936220853229855,-0.004263403010324018,0.0071671423260675216,,,ok,detection,-0.026938685562719722,-0.021154261256872364,-0.024711160715392755,,,0.6097865460846241,0.47163900919443014,0.4201404886113683,,,0.012423522969578826,-0.016890858246548346,-0.031878303041460276,,
hailo10h,b065,[],paired_central_quality_results,0.5973630231150453,0.4885298674409785,0.4520187916528286,,,yolov7_paper,76503dff180bac5ef2b081b3c07b58d2cc0d3ad8a941cbda391b6f2637717a1b,orin_nx_hailo10_01,0.0,0.0,0.0,,,-0.6097865460846241,-0.47163900919443014,-0.4201404886113683,,,ok,detection,-0.5973630231150453,-0.4885298674409785,-0.4520187916528286,,,0.6097865460846241,0.47163900919443014,0.4201404886113683,,,0.012423522969578826,-0.016890858246548346,-0.031878303041460276,,
hailo10h,b088,[],paired_central_quality_results,0.5973630231150453,0.4885298674409785,0.4520187916528286,,,yolov7_paper,76503dff180bac5ef2b081b3c07b58d2cc0d3ad8a941cbda391b6f2637717a1b,orin_nx_hailo10_01,0.46375666873548005,0.3681547360420964,0.3424253230717144,,,-0.14602987734914408,-0.10348427315233372,-0.07771516553965391,,,ok,detection,-0.13360635437956525,-0.12037513139888206,-0.10959346858111418,,,0.6097865460846241,0.47163900919443014,0.4201404886113683,,,0.012423522969578826,-0.016890858246548346,-0.031878303041460276,,
hailo10h,b092,[],paired_central_quality_results,0.5973630231150453,0.4885298674409785,0.4520187916528286,,,yolov7_paper,76503dff180bac5ef2b081b3c07b58d2cc0d3ad8a941cbda391b6f2637717a1b,orin_nx_hailo10_01,0.6087601285298715,0.4962267507918843,0.45835966131327177,,,-0.0010264175547526344,0.024587741597454138,0.03821917270190345,,,ok,detection,0.011397105414826192,0.007696883350905792,0.006340869660443171,,,0.6097865460846241,0.47163900919443014,0.4201404886113683,,,0.012423522969578826,-0.016890858246548346,-0.031878303041460276,,
hailo10h,b114,[],paired_central_quality_results,0.5973630231150453,0.4885298674409785,0.4520187916528286,,,yolov7_paper,76503dff180bac5ef2b081b3c07b58d2cc0d3ad8a941cbda391b6f2637717a1b,orin_nx_hailo10_01,0.5864398663254953,0.48335833944896656,0.4431108741491737,,,-0.023346679759128852,0.01171933025453642,0.022970385537805393,,,ok,detection,-0.010923156789550026,-0.005171527992011926,-0.008907917503654883,,,0.6097865460846241,0.47163900919443014,0.4201404886113683,,,0.012423522969578826,-0.016890858246548346,-0.031878303041460276,,
hailo10h,b134,[],paired_central_quality_results,0.5973630231150453,0.4885298674409785,0.4520187916528286,,,yolov7_paper,76503dff180bac5ef2b081b3c07b58d2cc0d3ad8a941cbda391b6f2637717a1b,orin_nx_hailo10_01,0.610249095513384,0.49846415368489705,0.4596181937095037,,,0.00046254942875989524,0.026825144490466912,0.03947770509813536,,,ok,detection,0.012886072398338722,0.009934286243918566,0.007599402056675086,,,0.6097865460846241,0.47163900919443014,0.4201404886113683,,,0.012423522969578826,-0.016890858246548346,-0.031878303041460276,,
hailo10h,b155,[],paired_central_quality_results,0.5973630231150453,0.4885298674409785,0.4520187916528286,,,yolov7_paper,76503dff180bac5ef2b081b3c07b58d2cc0d3ad8a941cbda391b6f2637717a1b,orin_nx_hailo10_01,0.6074114141819795,0.4962313645104371,0.458034860913983,,,-0.0023751319026446005,0.024592355316006953,0.037894372302614665,,,ok,detection,0.010048391066934226,0.007701497069458607,0.006016069261154389,,,0.6097865460846241,0.47163900919443014,0.4201404886113683,,,0.012423522969578826,-0.016890858246548346,-0.031878303041460276,,
hailo10h,b165,[],paired_central_quality_results,0.5973630231150453,0.4885298674409785,0.4520187916528286,,,yolov7_paper,76503dff180bac5ef2b081b3c07b58d2cc0d3ad8a941cbda391b6f2637717a1b,orin_nx_hailo10_01,0.6081130035184692,0.49575145566227413,0.45787046946972454,,,-0.0016735425661549286,0.024112446467843995,0.037729980858356216,,,ok,detection,0.010749980403423898,0.0072215882212956495,0.005851677816895939,,,0.6097865460846241,0.47163900919443014,0.4201404886113683,,,0.012423522969578826,-0.016890858246548346,-0.031878303041460276,,
hailo10h,b186,[],paired_central_quality_results,0.5973630231150453,0.4885298674409785,0.4520187916528286,,,yolov7_paper,76503dff180bac5ef2b081b3c07b58d2cc0d3ad8a941cbda391b6f2637717a1b,orin_nx_hailo10_01,0.600438186666458,0.4895484130608268,0.453577002891118,,,-0.009348359418166141,0.017909403866396667,0.033436514279749696,,,ok,detection,0.003075163551412685,0.0010185456198483211,0.0015582112382894198,,,0.6097865460846241,0.47163900919443014,0.4201404886113683,,,0.012423522969578826,-0.016890858246548346,-0.031878303041460276,,
hailo10h,b189,[],paired_central_quality_results,0.5973630231150453,0.4885298674409785,0.4520187916528286,,,yolov7_paper,76503dff180bac5ef2b081b3c07b58d2cc0d3ad8a941cbda391b6f2637717a1b,orin_nx_hailo10_01,0.6102714188489141,0.4953195803291579,0.45779526457568587,,,0.0004848727642899897,0.023680571134727768,0.037654775964317544,,,ok,detection,0.012908395733868816,0.006789712888179422,0.0057764729228572675,,,0.6097865460846241,0.47163900919443014,0.4201404886113683,,,0.012423522969578826,-0.016890858246548346,-0.031878303041460276,,
hailo10h,b222,[],paired_central_quality_results,0.5973630231150453,0.4885298674409785,0.4520187916528286,,,yolov7_paper,76503dff180bac5ef2b081b3c07b58d2cc0d3ad8a941cbda391b6f2637717a1b,orin_nx_hailo10_01,0.6113938893624905,0.4991708256912851,0.4590818199915535,,,0.0016073432778663799,0.02753181649685499,0.038941331380185185,,,ok,detection,0.014030866247445206,0.010640958250306642,0.007063028338724908,,,0.6097865460846241,0.47163900919443014,0.4201404886113683,,,0.012423522969578826,-0.016890858246548346,-0.031878303041460276,,
hailo10h,b228,[],paired_central_quality_results,0.5973630231150453,0.4885298674409785,0.4520187916528286,,,yolov7_paper,76503dff180bac5ef2b081b3c07b58d2cc0d3ad8a941cbda391b6f2637717a1b,orin_nx_hailo10_01,0.5507231328378219,0.46135851253598636,0.42494736107684083,,,-0.0590634132468022,-0.010280496658443772,0.0048068724654725115,,,ok,detection,-0.04663989027722337,-0.027171354904992118,-0.027071430575987765,,,0.6097865460846241,0.47163900919443014,0.4201404886113683,,,0.012423522969578826,-0.016890858246548346,-0.031878303041460276,,
hailo10h,b262,[],paired_central_quality_results,0.5973630231150453,0.4885298674409785,0.4520187916528286,,,yolov7_paper,76503dff180bac5ef2b081b3c07b58d2cc0d3ad8a941cbda391b6f2637717a1b,orin_nx_hailo10_01,0.6123409910570129,0.49547236811295897,0.45934119960869496,,,0.0025544449723887697,0.023833358918528835,0.03920071099732664,,,ok,detection,0.014977967941967596,0.006942500671980489,0.007322407955866361,,,0.6097865460846241,0.47163900919443014,0.4201404886113683,,,0.012423522969578826,-0.016890858246548346,-0.031878303041460276,,
hailo10h,b270,[],paired_central_quality_results,0.5973630231150453,0.4885298674409785,0.4520187916528286,,,yolov7_paper,76503dff180bac5ef2b081b3c07b58d2cc0d3ad8a941cbda391b6f2637717a1b,orin_nx_hailo10_01,0.5129635263400355,0.41407068255034707,0.3823770014959673,,,-0.09682301974458862,-0.05756832664408307,-0.03776348711540101,,,ok,detection,-0.0843994967750098,-0.07445918489063141,-0.06964179015686128,,,0.6097865460846241,0.47163900919443014,0.4201404886113683,,,0.012423522969578826,-0.016890858246548346,-0.031878303041460276,,
hailo10h,b306,[],paired_central_quality_results,0.5973630231150453,0.4885298674409785,0.4520187916528286,,,yolov7_paper,76503dff180bac5ef2b081b3c07b58d2cc0d3ad8a941cbda391b6f2637717a1b,orin_nx_hailo10_01,0.6107366992953687,0.4915524482763935,0.4413691041401431,,,0.0009501532107445421,0.019913439081963358,0.021228615528774752,,,ok,detection,0.013373676180323368,0.003022580835415012,-0.010649687512685524,,,0.6097865460846241,0.47163900919443014,0.4201404886113683,,,0.012423522969578826,-0.016890858246548346,-0.031878303041460276,,
hailo10h,b307,[],paired_central_quality_results,0.5973630231150453,0.4885298674409785,0.4520187916528286,,,yolov7_paper,76503dff180bac5ef2b081b3c07b58d2cc0d3ad8a941cbda391b6f2637717a1b,orin_nx_hailo10_01,0.3166228655372005,0.2625724281435936,0.23960393527904061,,,-0.29316368054742364,-0.20906658105083653,-0.1805365533323277,,,ok,detection,-0.2807401575778448,-0.22595743929738488,-0.21241485637378799,,,0.6097865460846241,0.47163900919443014,0.4201404886113683,,,0.012423522969578826,-0.016890858246548346,-0.031878303041460276,,
hailo8,b001,[],paired_central_quality_results,0.5973630231150453,0.4885298674409785,0.4520187916528286,,,yolov7_paper,76503dff180bac5ef2b081b3c07b58d2cc0d3ad8a941cbda391b6f2637717a1b,orin_nx_hailo8_01,0.12858941354373896,0.10571646768562863,0.09912039145089613,,,-0.46905822259659813,-0.361572066185498,-0.3156629889519277,,,ok,detection,-0.4687736095713063,-0.38281339975534984,-0.35289840020193247,,,0.5976476361403371,0.4672885338711266,0.4147833804028238,,,0.0002846130252918133,-0.02124133356985186,-0.03723541125000479,,
hailo8,b002,[],paired_central_quality_results,0.5973630231150453,0.4885298674409785,0.4520187916528286,,,yolov7_paper,76503dff180bac5ef2b081b3c07b58d2cc0d3ad8a941cbda391b6f2637717a1b,orin_nx_hailo8_01,0.6071218522615952,0.4973797611597151,0.4587314063775363,,,0.009474216121258094,0.030091227288588485,0.04394802597471248,,,ok,detection,0.009758829146549908,0.008849893718736623,0.006712614724707688,,,0.5976476361403371,0.4672885338711266,0.4147833804028238,,,0.0002846130252918133,-0.02124133356985186,-0.03723541125000479,,
hailo8,b013,[],paired_central_quality_results,0.5973630231150453,0.4885298674409785,0.4520187916528286,,,yolov7_paper,76503dff180bac5ef2b081b3c07b58d2cc0d3ad8a941cbda391b6f2637717a1b,orin_nx_hailo8_01,0.6061276271386017,0.496431376858808,0.4580689586278992,,,0.008479990998264575,0.029142842987681383,0.043285578225075394,,,ok,detection,0.008764604023556388,0.007901509417829522,0.006050166975070603,,,0.5976476361403371,0.4672885338711266,0.4147833804028238,,,0.0002846130252918133,-0.02124133356985186,-0.03723541125000479,,
hailo8,b044,[],paired_central_quality_results,0.5973630231150453,0.4885298674409785,0.4520187916528286,,,yolov7_paper,76503dff180bac5ef2b081b3c07b58d2cc0d3ad8a941cbda391b6f2637717a1b,orin_nx_hailo8_01,0.6070568613412947,0.4973655593129668,0.45956771792687184,,,0.00940922520095755,0.030077025441840155,0.044784337524048035,,,ok,detection,0.009693838226249363,0.008835691871988294,0.007548926274043244,,,0.5976476361403371,0.4672885338711266,0.4147833804028238,,,0.0002846130252918133,-0.02124133356985186,-0.03723541125000479,,
hailo8,b049,[],paired_central_quality_results,0.5973630231150453,0.4885298674409785,0.4520187916528286,,,yolov7_paper,76503dff180bac5ef2b081b3c07b58d2cc0d3ad8a941cbda391b6f2637717a1b,orin_nx_hailo8_01,0.5683639568673207,0.4668957864441493,0.4268020798423614,,,-0.02928367927301645,-0.00039274742697731346,0.012018699439537595,,,ok,detection,-0.028999066247724636,-0.021634080996829175,-0.025216711810467196,,,0.5976476361403371,0.4672885338711266,0.4147833804028238,,,0.0002846130252918133,-0.02124133356985186,-0.03723541125000479,,
hailo8,b065,[],paired_central_quality_results,0.5973630231150453,0.4885298674409785,0.4520187916528286,,,yolov7_paper,76503dff180bac5ef2b081b3c07b58d2cc0d3ad8a941cbda391b6f2637717a1b,orin_nx_hailo8_01,0.0,0.0,0.0,,,-0.5976476361403371,-0.4672885338711266,-0.4147833804028238,,,ok,detection,-0.5973630231150453,-0.4885298674409785,-0.4520187916528286,,,0.5976476361403371,0.4672885338711266,0.4147833804028238,,,0.0002846130252918133,-0.02124133356985186,-0.03723541125000479,,
hailo8,b088,[],paired_central_quality_results,0.5973630231150453,0.4885298674409785,0.4520187916528286,,,yolov7_paper,76503dff180bac5ef2b081b3c07b58d2cc0d3ad8a941cbda391b6f2637717a1b,orin_nx_hailo8_01,0.4409693151989048,0.3530636475246289,0.3297681702077757,,,-0.1566783209414323,-0.11422488634649774,-0.0850152101950481,,,ok,detection,-0.1563937079161405,-0.1354662199163496,-0.12225062144505289,,,0.5976476361403371,0.4672885338711266,0.4147833804028238,,,0.0002846130252918133,-0.02124133356985186,-0.03723541125000479,,
hailo8,b092,[],paired_central_quality_results,0.5973630231150453,0.4885298674409785,0.4520187916528286,,,yolov7_paper,76503dff180bac5ef2b081b3c07b58d2cc0d3ad8a941cbda391b6f2637717a1b,orin_nx_hailo8_01,0.6018311236330336,0.4951750565264927,0.45661532382130393,,,0.0041834874926964805,0.027886522655366064,0.04183194341848012,,,ok,detection,0.004468100517988294,0.006645189085514203,0.004596532168475331,,,0.5976476361403371,0.4672885338711266,0.4147833804028238,,,0.0002846130252918133,-0.02124133356985186,-0.03723541125000479,,
hailo8,b114,[],paired_central_quality_results,0.5973630231150453,0.4885298674409785,0.4520187916528286,,,yolov7_paper,76503dff180bac5ef2b081b3c07b58d2cc0d3ad8a941cbda391b6f2637717a1b,orin_nx_hailo8_01,0.5806088449212142,0.47972422627049804,0.4409272954786787,,,-0.017038791219122884,0.012435692399371423,0.026143915075854895,,,ok,detection,-0.01675417819383107,-0.008805641170480438,-0.011091496174149895,,,0.5976476361403371,0.4672885338711266,0.4147833804028238,,,0.0002846130252918133,-0.02124133356985186,-0.03723541125000479,,
hailo8,b134,[],paired_central_quality_results,0.5973630231150453,0.4885298674409785,0.4520187916528286,,,yolov7_paper,76503dff180bac5ef2b081b3c07b58d2cc0d3ad8a941cbda391b6f2637717a1b,orin_nx_hailo8_01,0.6042761850899251,0.4974900219239073,0.45776005489382854,,,0.006628548949587976,0.030201488052780667,0.04297667449100473,,,ok,detection,0.006913161974879789,0.008960154482928806,0.005741263240999939,,,0.5976476361403371,0.4672885338711266,0.4147833804028238,,,0.0002846130252918133,-0.02124133356985186,-0.03723541125000479,,
hailo8,b155,[],paired_central_quality_results,0.5973630231150453,0.4885298674409785,0.4520187916528286,,,yolov7_paper,76503dff180bac5ef2b081b3c07b58d2cc0d3ad8a941cbda391b6f2637717a1b,orin_nx_hailo8_01,0.6051522220125293,0.4994893820532182,0.4591742136663214,,,0.00750458587219216,0.03220084818209157,0.044390833263497576,,,ok,detection,0.007789198897483973,0.010959514612239707,0.007155422013492785,,,0.5976476361403371,0.4672885338711266,0.4147833804028238,,,0.0002846130252918133,-0.02124133356985186,-0.03723541125000479,,
hailo8,b165,[],paired_central_quality_results,0.5973630231150453,0.4885298674409785,0.4520187916528286,,,yolov7_paper,76503dff180bac5ef2b081b3c07b58d2cc0d3ad8a941cbda391b6f2637717a1b,orin_nx_hailo8_01,0.6050130336849702,0.49993238033044457,0.4596249747562157,,,0.007365397544633057,0.03264384645931795,0.04484159435339191,,,ok,detection,0.00765001056992487,0.011402512889466088,0.007606183103387121,,,0.5976476361403371,0.4672885338711266,0.4147833804028238,,,0.0002846130252918133,-0.02124133356985186,-0.03723541125000479,,
hailo8,b186,[],paired_central_quality_results,0.5973630231150453,0.4885298674409785,0.4520187916528286,,,yolov7_paper,76503dff180bac5ef2b081b3c07b58d2cc0d3ad8a941cbda391b6f2637717a1b,orin_nx_hailo8_01,0.5949593209689207,0.4907495602817818,0.45198745152235287,,,-0.0026883151714164333,0.023461026410655172,0.03720407111952906,,,ok,detection,-0.00240370214612462,0.002219692840803311,-3.134013047573214e-05,,,0.5976476361403371,0.4672885338711266,0.4147833804028238,,,0.0002846130252918133,-0.02124133356985186,-0.03723541125000479,,
hailo8,b189,[],paired_central_quality_results,0.5973630231150453,0.4885298674409785,0.4520187916528286,,,yolov7_paper,76503dff180bac5ef2b081b3c07b58d2cc0d3ad8a941cbda391b6f2637717a1b,orin_nx_hailo8_01,0.6042651294463194,0.5005691873647347,0.45885675363560746,,,0.006617493305982269,0.03328065349360804,0.04407337323278365,,,ok,detection,0.006902106331274083,0.012039319923756175,0.006837961982778862,,,0.5976476361403371,0.4672885338711266,0.4147833804028238,,,0.0002846130252918133,-0.02124133356985186,-0.03723541125000479,,
hailo8,b222,[],paired_central_quality_results,0.5973630231150453,0.4885298674409785,0.4520187916528286,,,yolov7_paper,76503dff180bac5ef2b081b3c07b58d2cc0d3ad8a941cbda391b6f2637717a1b,orin_nx_hailo8_01,0.6022580920783158,0.4956616162718966,0.457985521055675,,,0.004610455937978708,0.028373082400769967,0.04320214065285122,,,ok,detection,0.004895068963270521,0.007131748830918105,0.005966729402846427,,,0.5976476361403371,0.4672885338711266,0.4147833804028238,,,0.0002846130252918133,-0.02124133356985186,-0.03723541125000479,,
hailo8,b228,[],paired_central_quality_results,0.5973630231150453,0.4885298674409785,0.4520187916528286,,,yolov7_paper,76503dff180bac5ef2b081b3c07b58d2cc0d3ad8a941cbda391b6f2637717a1b,orin_nx_hailo8_01,0.549223677098456,0.45951120296474735,0.4247915140520043,,,-0.048423959041881126,-0.007777330906379276,0.010008133649180517,,,ok,detection,-0.04813934601658931,-0.029018664476231137,-0.027227277600824273,,,0.5976476361403371,0.4672885338711266,0.4147833804028238,,,0.0002846130252918133,-0.02124133356985186,-0.03723541125000479,,
hailo8,b262,[],paired_central_quality_results,0.5973630231150453,0.4885298674409785,0.4520187916528286,,,yolov7_paper,76503dff180bac5ef2b081b3c07b58d2cc0d3ad8a941cbda391b6f2637717a1b,orin_nx_hailo8_01,0.607513503022123,0.5021890571027404,0.46009992551275225,,,0.009865866881785923,0.0349005232316138,0.04531654510992844,,,ok,detection,0.010150479907077736,0.013659189661761939,0.00808113385992365,,,0.5976476361403371,0.4672885338711266,0.4147833804028238,,,0.0002846130252918133,-0.02124133356985186,-0.03723541125000479,,
hailo8,b270,[],paired_central_quality_results,0.5973630231150453,0.4885298674409785,0.4520187916528286,,,yolov7_paper,76503dff180bac5ef2b081b3c07b58d2cc0d3ad8a941cbda391b6f2637717a1b,orin_nx_hailo8_01,0.5112983410412648,0.4113909820509649,0.3810732876351287,,,-0.0863492950990723,-0.055897551820161706,-0.0337100927676951,,,ok,detection,-0.08606468207378049,-0.07713888539001357,-0.07094550401769989,,,0.5976476361403371,0.4672885338711266,0.4147833804028238,,,0.0002846130252918133,-0.02124133356985186,-0.03723541125000479,,
hailo8,b306,[],paired_central_quality_results,0.5973630231150453,0.4885298674409785,0.4520187916528286,,,yolov7_paper,76503dff180bac5ef2b081b3c07b58d2cc0d3ad8a941cbda391b6f2637717a1b,orin_nx_hailo8_01,0.6094343824035461,0.49151881070494063,0.44141001366973304,,,0.01178674626320897,0.024230276833814013,0.026626633266909228,,,ok,detection,0.012071359288500783,0.0029889432639621516,-0.010608777983095563,,,0.5976476361403371,0.4672885338711266,0.4147833804028238,,,0.0002846130252918133,-0.02124133356985186,-0.03723541125000479,,
hailo8,b307,[],paired_central_quality_results,0.5973630231150453,0.4885298674409785,0.4520187916528286,,,yolov7_paper,76503dff180bac5ef2b081b3c07b58d2cc0d3ad8a941cbda391b6f2637717a1b,orin_nx_hailo8_01,0.32887227802252395,0.27181486246599074,0.24805540501003903,,,-0.26877535811781317,-0.19547367140513588,-0.16672797539278478,,,ok,detection,-0.26849074509252135,-0.21671500497498775,-0.20396338664278957,,,0.5976476361403371,0.4672885338711266,0.4147833804028238,,,0.0002846130252918133,-0.02124133356985186,-0.03723541125000479,,
tensorrt,b001,[],paired_central_quality_results,0.5973630231150453,0.4885298674409785,0.4520187916528286,,,yolov7_paper,76503dff180bac5ef2b081b3c07b58d2cc0d3ad8a941cbda391b6f2637717a1b,orin_nx_deepx_m1_01,0.608732178521407,0.49829847774477576,0.4605183051227787,,,-0.0014403263678645084,-0.00034089074055165813,-0.0005814662707581131,,,ok,detection,0.011369155406361742,0.009768610303797276,0.008499513469950093,,,0.6101725048892715,0.4986393684853274,0.4610997713935368,,,0.01280948177422625,0.010109501044348934,0.009080979740708206,,
tensorrt,b002,[],paired_central_quality_results,0.5973630231150453,0.4885298674409785,0.4520187916528286,,,yolov7_paper,76503dff180bac5ef2b081b3c07b58d2cc0d3ad8a941cbda391b6f2637717a1b,orin_nx_deepx_m1_01,0.6098608998692419,0.4989956868959978,0.46118156813961075,,,-0.0003116050200296927,0.0003563184106704087,8.179674607394771e-05,,,ok,detection,0.012497876754196557,0.010465819455019343,0.009162776486782154,,,0.6101725048892715,0.4986393684853274,0.4610997713935368,,,0.01280948177422625,0.010109501044348934,0.009080979740708206,,
tensorrt,b013,[],paired_central_quality_results,0.5973630231150453,0.4885298674409785,0.4520187916528286,,,yolov7_paper,76503dff180bac5ef2b081b3c07b58d2cc0d3ad8a941cbda391b6f2637717a1b,orin_nx_deepx_m1_01,0.6100028695833712,0.4985279885093027,0.4611325281291352,,,-0.0001696353059003064,-0.00011137997602472804,3.275673559838266e-05,,,ok,detection,0.012639846468325944,0.009998121068324206,0.009113736476306589,,,0.6101725048892715,0.4986393684853274,0.4610997713935368,,,0.01280948177422625,0.010109501044348934,0.009080979740708206,,
tensorrt,b044,[],paired_central_quality_results,0.5973630231150453,0.4885298674409785,0.4520187916528286,,,yolov7_paper,76503dff180bac5ef2b081b3c07b58d2cc0d3ad8a941cbda391b6f2637717a1b,orin_nx_deepx_m1_01,0.6104695506928728,0.49879436259628224,0.46127505310663575,,,0.0002970458036012369,0.0001549941109548203,0.00017528171309894036,,,ok,detection,0.013106527577827487,0.010264495155303754,0.009256261453807146,,,0.6101725048892715,0.4986393684853274,0.4610997713935368,,,0.01280948177422625,0.010109501044348934,0.009080979740708206,,
tensorrt,b049,[],paired_central_quality_results,0.5973630231150453,0.4885298674409785,0.4520187916528286,,,yolov7_paper,76503dff180bac5ef2b081b3c07b58d2cc0d3ad8a941cbda391b6f2637717a1b,orin_nx_deepx_m1_01,0.6100290154005483,0.4983279755523447,0.4609584331089206,,,-0.0001434894887232252,-0.00031139293298271253,-0.00014133828461621034,,,ok,detection,0.012665992285503025,0.009798108111366222,0.008939641456091996,,,0.6101725048892715,0.4986393684853274,0.4610997713935368,,,0.01280948177422625,0.010109501044348934,0.009080979740708206,,
tensorrt,b065,[],paired_central_quality_results,0.5973630231150453,0.4885298674409785,0.4520187916528286,,,yolov7_paper,76503dff180bac5ef2b081b3c07b58d2cc0d3ad8a941cbda391b6f2637717a1b,orin_nx_deepx_m1_01,0.6101495257975293,0.4986299855376382,0.4610004640391816,,,-2.2979091742203472e-05,-9.38294768920711e-06,-9.930735435520477e-05,,,ok,detection,0.012786502682484047,0.010100118096659727,0.008981672386353001,,,0.6101725048892715,0.4986393684853274,0.4610997713935368,,,0.01280948177422625,0.010109501044348934,0.009080979740708206,,
tensorrt,b088,[],paired_central_quality_results,0.5973630231150453,0.4885298674409785,0.4520187916528286,,,yolov7_paper,76503dff180bac5ef2b081b3c07b58d2cc0d3ad8a941cbda391b6f2637717a1b,orin_nx_deepx_m1_01,0.6100823434106637,0.49859013889575066,0.46102693984589294,,,-9.016147860785306e-05,-4.922958957676027e-05,-7.283154764387012e-05,,,ok,detection,0.012719320295618397,0.010060271454772174,0.009008148193064336,,,0.6101725048892715,0.4986393684853274,0.4610997713935368,,,0.01280948177422625,0.010109501044348934,0.009080979740708206,,
tensorrt,b092,[],paired_central_quality_results,0.5973630231150453,0.4885298674409785,0.4520187916528286,,,yolov7_paper,76503dff180bac5ef2b081b3c07b58d2cc0d3ad8a941cbda391b6f2637717a1b,orin_nx_deepx_m1_01,0.6101182807218468,0.4982646295542617,0.4611445196133365,,,-5.422416742473235e-05,-0.0003747389310657101,4.4748219799717326e-05,,,ok,detection,0.012755257606801518,0.009734762113283224,0.009125727960507923,,,0.6101725048892715,0.4986393684853274,0.4610997713935368,,,0.01280948177422625,0.010109501044348934,0.009080979740708206,,
tensorrt,b114,[],paired_central_quality_results,0.5973630231150453,0.4885298674409785,0.4520187916528286,,,yolov7_paper,76503dff180bac5ef2b081b3c07b58d2cc0d3ad8a941cbda391b6f2637717a1b,orin_nx_deepx_m1_01,0.6100456760532342,0.4985033968684844,0.46111439598088,,,-0.0001268288360373182,-0.0001359716168430336,1.4624587343192719e-05,,,ok,detection,0.012682652938188932,0.0099735294275059,0.009095604328051399,,,0.6101725048892715,0.4986393684853274,0.4610997713935368,,,0.01280948177422625,0.010109501044348934,0.009080979740708206,,
tensorrt,b134,[],paired_central_quality_results,0.5973630231150453,0.4885298674409785,0.4520187916528286,,,yolov7_paper,76503dff180bac5ef2b081b3c07b58d2cc0d3ad8a941cbda391b6f2637717a1b,orin_nx_deepx_m1_01,0.610007356035311,0.49857493725854274,0.46111985262916744,,,-0.00016514885396057277,-6.443122678467805e-05,2.0081235630631245e-05,,,ok,detection,0.012644332920265677,0.010045069817564256,0.009101060976338837,,,0.6101725048892715,0.4986393684853274,0.4610997713935368,,,0.01280948177422625,0.010109501044348934,0.009080979740708206,,
tensorrt,b155,[],paired_central_quality_results,0.5973630231150453,0.4885298674409785,0.4520187916528286,,,yolov7_paper,76503dff180bac5ef2b081b3c07b58d2cc0d3ad8a941cbda391b6f2637717a1b,orin_nx_deepx_m1_01,0.6101405352409376,0.498469251613732,0.4610787257596408,,,-3.196964833396265e-05,-0.0001701168715954049,-2.104563389598857e-05,,,ok,detection,0.012777512125892287,0.00993938417275353,0.009059934106812217,,,0.6101725048892715,0.4986393684853274,0.4610997713935368,,,0.01280948177422625,0.010109501044348934,0.009080979740708206,,
tensorrt,b165,[],paired_central_quality_results,0.5973630231150453,0.4885298674409785,0.4520187916528286,,,yolov7_paper,76503dff180bac5ef2b081b3c07b58d2cc0d3ad8a941cbda391b6f2637717a1b,orin_nx_deepx_m1_01,0.6098243636678499,0.4983292877471241,0.46088890280436257,,,-0.0003481412214216828,-0.00031008073820332216,-0.00021086858917424012,,,ok,detection,0.012461340552804567,0.009799420306145612,0.008870111151533966,,,0.6101725048892715,0.4986393684853274,0.4610997713935368,,,0.01280948177422625,0.010109501044348934,0.009080979740708206,,
tensorrt,b186,[],paired_central_quality_results,0.5973630231150453,0.4885298674409785,0.4520187916528286,,,yolov7_paper,76503dff180bac5ef2b081b3c07b58d2cc0d3ad8a941cbda391b6f2637717a1b,orin_nx_deepx_m1_01,0.609873165291651,0.4981351198370357,0.46079437706066234,,,-0.0002993395976205182,-0.0005042486482917385,-0.0003053943328744646,,,ok,detection,0.012510142176605732,0.009605252396057196,0.008775585407833741,,,0.6101725048892715,0.4986393684853274,0.4610997713935368,,,0.01280948177422625,0.010109501044348934,0.009080979740708206,,
tensorrt,b189,[],paired_central_quality_results,0.5973630231150453,0.4885298674409785,0.4520187916528286,,,yolov7_paper,76503dff180bac5ef2b081b3c07b58d2cc0d3ad8a941cbda391b6f2637717a1b,orin_nx_deepx_m1_01,0.6100475720415759,0.4984709498629269,0.4609416003562141,,,-0.00012493284769565793,-0.00016841862240052352,-0.00015817103732268523,,,ok,detection,0.012684548926530592,0.00994108242194841,0.00892280870338552,,,0.6101725048892715,0.4986393684853274,0.4610997713935368,,,0.01280948177422625,0.010109501044348934,0.009080979740708206,,
tensorrt,b222,[],paired_central_quality_results,0.5973630231150453,0.4885298674409785,0.4520187916528286,,,yolov7_paper,76503dff180bac5ef2b081b3c07b58d2cc0d3ad8a941cbda391b6f2637717a1b,orin_nx_deepx_m1_01,0.6099280250083544,0.49819651786237956,0.460779193203048,,,-0.0002444798809171367,-0.0004428506229478546,-0.0003205781904888072,,,ok,detection,0.012565001893309113,0.00966665042140108,0.008760401550219399,,,0.6101725048892715,0.4986393684853274,0.4610997713935368,,,0.01280948177422625,0.010109501044348934,0.009080979740708206,,
tensorrt,b228,[],paired_central_quality_results,0.5973630231150453,0.4885298674409785,0.4520187916528286,,,yolov7_paper,76503dff180bac5ef2b081b3c07b58d2cc0d3ad8a941cbda391b6f2637717a1b,orin_nx_deepx_m1_01,0.6098651671745252,0.4982541547719352,0.46090181996990554,,,-0.0003073377147463363,-0.00038521371339222954,-0.00019795142363127072,,,ok,detection,0.012502144059479914,0.009724287330956705,0.008883028317076935,,,0.6101725048892715,0.4986393684853274,0.4610997713935368,,,0.01280948177422625,0.010109501044348934,0.009080979740708206,,
tensorrt,b262,[],paired_central_quality_results,0.5973630231150453,0.4885298674409785,0.4520187916528286,,,yolov7_paper,76503dff180bac5ef2b081b3c07b58d2cc0d3ad8a941cbda391b6f2637717a1b,orin_nx_deepx_m1_01,0.6100057809161815,0.49857048201051973,0.46112347930605235,,,-0.00016672397309003273,-6.88864748076834e-05,2.3707912515547047e-05,,,ok,detection,0.012642757801136217,0.01004061456954125,0.009104687653223753,,,0.6101725048892715,0.4986393684853274,0.4610997713935368,,,0.01280948177422625,0.010109501044348934,0.009080979740708206,,
tensorrt,b270,[],paired_central_quality_results,0.5973630231150453,0.4885298674409785,0.4520187916528286,,,yolov7_paper,76503dff180bac5ef2b081b3c07b58d2cc0d3ad8a941cbda391b6f2637717a1b,orin_nx_deepx_m1_01,0.6098650601295994,0.4985489899624545,0.4610741175199388,,,-0.00030744475967214857,-9.03785228729137e-05,-2.56538735979861e-05,,,ok,detection,0.012502037014554102,0.01001912252147602,0.00905532586711022,,,0.6101725048892715,0.4986393684853274,0.4610997713935368,,,0.01280948177422625,0.010109501044348934,0.009080979740708206,,
tensorrt,b306,[],paired_central_quality_results,0.5973630231150453,0.4885298674409785,0.4520187916528286,,,yolov7_paper,76503dff180bac5ef2b081b3c07b58d2cc0d3ad8a941cbda391b6f2637717a1b,orin_nx_deepx_m1_01,0.6101054271240487,0.49939720235433016,0.461277171412741,,,-6.707776522285602e-05,0.0007578338690027442,0.00017740001920418802,,,ok,detection,0.012742404009003394,0.010867334913351678,0.009258379759912394,,,0.6101725048892715,0.4986393684853274,0.4610997713935368,,,0.01280948177422625,0.010109501044348934,0.009080979740708206,,
tensorrt,b307,[],paired_central_quality_results,0.5973630231150453,0.4885298674409785,0.4520187916528286,,,yolov7_paper,76503dff180bac5ef2b081b3c07b58d2cc0d3ad8a941cbda391b6f2637717a1b,orin_nx_deepx_m1_01,0.6099363341466477,0.4986305611208081,0.4611303251829589,,,-0.0002361707426238313,-8.807364519303196e-06,3.0553789422071986e-05,,,ok,detection,0.012573311031602419,0.010100693679829631,0.009111533530130278,,,0.6101725048892715,0.4986393684853274,0.4610997713935368,,,0.01280948177422625,0.010109501044348934,0.009080979740708206,,
