manual_relative_path	family	classification	selected	run_dirs	valid_runs	valid_parquets	valid_parquet_bytes	small_or_bad_parquets	positive_summary_files	explicit_failure_files	copied_files	copied_bytes	reason
orin_nx_deepx_m1_01/native_deepx_to_trt__resnet50__b052__orin_nx_deepx_m1_01__02fb172f4e75/20260719_164844	resnet50_b052_deepx_native	SUPERSEDED_VALID_KNOWN_FAMILY	False	3	3	3	10610790	0	5	0	0	0	3 run(s) with nontrivial Parquet and positive energy; a stronger package of the same family was selected
orin_nx_deepx_m1_01/native_deepx_to_trt__resnet50__b052__orin_nx_deepx_m1_01__12ef7c420896/20260719_140821	resnet50_b052_deepx_native	SUPERSEDED_VALID_KNOWN_FAMILY	False	3	3	3	10610802	0	5	0	0	0	3 run(s) with nontrivial Parquet and positive energy; a stronger package of the same family was selected
orin_nx_deepx_m1_01/native_deepx_to_trt__resnet50__b052__orin_nx_deepx_m1_01__16e4c5d9ea3b/20260719_193510	resnet50_b052_deepx_native	AUTO_INCLUDE_BEST_KNOWN_FAMILY	True	3	3	3	10610738	0	5	0	76	10993016	3 run(s) with nontrivial Parquet and positive energy; highest-scoring complete package for family
orin_nx_deepx_m1_01/native_deepx_to_trt_resnet50_b039/20260701_030510	-	REVIEW_VALID_UNCURATED	False	3	3	3	1729103	0	5	0	0	0	valid measurement evidence, but not one of the five preselected families
orin_nx_deepx_m1_01/native_deepx_to_trt_resnet50_b039/20260702_032840	-	REVIEW_VALID_UNCURATED	False	3	3	3	2178603	0	5	0	0	0	valid measurement evidence, but not one of the five preselected families
orin_nx_deepx_m1_01/native_deepx_to_trt_resnet50_b052/20260701_030818	resnet50_b052_deepx_native	SUPERSEDED_VALID_KNOWN_FAMILY	False	3	3	3	1729195	0	5	0	0	0	3 run(s) with nontrivial Parquet and positive energy; a stronger package of the same family was selected
orin_nx_deepx_m1_01/native_deepx_to_trt_resnet50_b052/20260702_033219	resnet50_b052_deepx_native	SUPERSEDED_VALID_KNOWN_FAMILY	False	3	3	3	2178663	0	5	0	0	0	3 run(s) with nontrivial Parquet and positive energy; a stronger package of the same family was selected
orin_nx_deepx_m1_01/native_deepx_to_trt_resnet50_b052/20260703_001719	resnet50_b052_deepx_native	SUPERSEDED_VALID_KNOWN_FAMILY	False	3	3	3	2177103	0	5	0	0	0	3 run(s) with nontrivial Parquet and positive energy; a stronger package of the same family was selected
orin_nx_deepx_m1_01/native_deepx_to_trt_resnet50_b052/20260703_140447	resnet50_b052_deepx_native	SUPERSEDED_VALID_KNOWN_FAMILY	False	3	3	3	2176983	0	5	0	0	0	3 run(s) with nontrivial Parquet and positive energy; a stronger package of the same family was selected
orin_nx_deepx_m1_01/native_deepx_to_trt_resnet50_b052/20260707_192449	resnet50_b052_deepx_native	SUPERSEDED_VALID_KNOWN_FAMILY	False	3	3	3	2177063	0	5	0	0	0	3 run(s) with nontrivial Parquet and positive energy; a stronger package of the same family was selected
orin_nx_deepx_m1_01/native_deepx_to_trt_resnet50_b052/20260708_230300	resnet50_b052_deepx_native	SUPERSEDED_VALID_KNOWN_FAMILY	False	3	3	3	2176991	0	5	0	0	0	3 run(s) with nontrivial Parquet and positive energy; a stronger package of the same family was selected
orin_nx_deepx_m1_01/native_deepx_to_trt_resnet50_b052/20260709_121209	resnet50_b052_deepx_native	SUPERSEDED_VALID_KNOWN_FAMILY	False	3	3	3	2177131	0	5	0	0	0	3 run(s) with nontrivial Parquet and positive energy; a stronger package of the same family was selected
orin_nx_deepx_m1_01/native_deepx_to_trt_resnet50_b052/20260710_003459	resnet50_b052_deepx_native	SUPERSEDED_VALID_KNOWN_FAMILY	False	3	3	3	2177031	0	5	0	0	0	3 run(s) with nontrivial Parquet and positive energy; a stronger package of the same family was selected
orin_nx_deepx_m1_01/native_deepx_to_trt_resnet50_b052/20260716_204802	resnet50_b052_deepx_native	SUPERSEDED_VALID_KNOWN_FAMILY	False	3	3	3	2119267	0	5	0	0	0	3 run(s) with nontrivial Parquet and positive energy; a stronger package of the same family was selected
orin_nx_deepx_m1_01/native_deepx_to_trt_resnet50_b052/20260717_073408	resnet50_b052_deepx_native	SUPERSEDED_VALID_KNOWN_FAMILY	False	3	3	3	2119087	0	5	0	0	0	3 run(s) with nontrivial Parquet and positive energy; a stronger package of the same family was selected
orin_nx_deepx_m1_01/native_deepx_to_trt_resnet50_b052_orin_nx_deepx_m1_01/20260717_181454	resnet50_b052_deepx_native	SUPERSEDED_VALID_KNOWN_FAMILY	False	3	3	3	2177127	0	5	0	0	0	3 run(s) with nontrivial Parquet and positive energy; a stronger package of the same family was selected
orin_nx_deepx_m1_01/native_deepx_to_trt_resnet50_b052_orin_nx_deepx_m1_01/20260717_211934	resnet50_b052_deepx_native	SUPERSEDED_VALID_KNOWN_FAMILY	False	1	1	1	725721	0	3	0	0	0	1 run(s) with nontrivial Parquet and positive energy; a stronger package of the same family was selected
orin_nx_deepx_m1_01/native_deepx_to_trt_resnet50_b052_orin_nx_deepx_m1_01/20260718_070939	resnet50_b052_deepx_native	SUPERSEDED_VALID_KNOWN_FAMILY	False	1	1	1	725757	0	3	0	0	0	1 run(s) with nontrivial Parquet and positive energy; a stronger package of the same family was selected
orin_nx_deepx_m1_01/native_deepx_to_trt_resnet50_b082/20260701_031125	-	REVIEW_VALID_UNCURATED	False	3	3	3	1513469	0	5	0	0	0	valid measurement evidence, but not one of the five preselected families
orin_nx_deepx_m1_01/native_deepx_to_trt_resnet50_b082/20260702_033558	-	REVIEW_VALID_UNCURATED	False	3	3	3	2178187	0	5	0	0	0	valid measurement evidence, but not one of the five preselected families
orin_nx_deepx_m1_01/native_deepx_to_trt_yolo26s_b036/20260701_031349	-	REVIEW_VALID_UNCURATED	False	3	3	3	3664472	0	5	0	0	0	valid measurement evidence, but not one of the five preselected families
orin_nx_deepx_m1_01/native_deepx_to_trt_yolo26s_b036/20260702_033937	-	REVIEW_VALID_UNCURATED	False	3	3	3	2177939	0	5	0	0	0	valid measurement evidence, but not one of the five preselected families
orin_nx_deepx_m1_01/native_deepx_to_trt_yolo26s_b038/20260701_032332	-	REVIEW_VALID_UNCURATED	False	3	3	3	3664784	0	5	0	0	0	valid measurement evidence, but not one of the five preselected families
orin_nx_deepx_m1_01/native_deepx_to_trt_yolo26s_b038/20260702_034317	-	REVIEW_VALID_UNCURATED	False	3	3	3	2177995	0	5	0	0	0	valid measurement evidence, but not one of the five preselected families
orin_nx_deepx_m1_01/native_deepx_to_trt_yolo26s_b038/20260703_002058	-	REVIEW_VALID_UNCURATED	False	3	3	3	2177095	0	5	0	0	0	valid measurement evidence, but not one of the five preselected families
orin_nx_deepx_m1_01/native_deepx_to_trt_yolo26s_b038/20260703_140827	-	REVIEW_VALID_UNCURATED	False	3	3	3	2177019	0	5	0	0	0	valid measurement evidence, but not one of the five preselected families
orin_nx_deepx_m1_01/native_deepx_to_trt_yolo26s_b038/20260707_192828	-	REVIEW_VALID_UNCURATED	False	3	3	3	2177115	0	5	0	0	0	valid measurement evidence, but not one of the five preselected families
orin_nx_deepx_m1_01/native_deepx_to_trt_yolo26s_b038/20260708_230638	-	REVIEW_VALID_UNCURATED	False	3	3	3	2177403	0	5	0	0	0	valid measurement evidence, but not one of the five preselected families
orin_nx_deepx_m1_01/native_deepx_to_trt_yolo26s_b038/20260709_121547	-	REVIEW_VALID_UNCURATED	False	3	3	3	2177115	0	5	0	0	0	valid measurement evidence, but not one of the five preselected families
orin_nx_deepx_m1_01/native_deepx_to_trt_yolo26s_b038/20260710_003838	-	REVIEW_VALID_UNCURATED	False	3	3	3	2177103	0	5	0	0	0	valid measurement evidence, but not one of the five preselected families
orin_nx_deepx_m1_01/native_deepx_to_trt_yolo26s_b038/20260710_154558	-	REVIEW_VALID_UNCURATED	False	3	3	3	2178719	0	5	0	0	0	valid measurement evidence, but not one of the five preselected families
orin_nx_deepx_m1_01/native_deepx_to_trt_yolo26s_b038/20260711_002152	-	REVIEW_VALID_UNCURATED	False	3	3	3	2178735	0	5	0	0	0	valid measurement evidence, but not one of the five preselected families
orin_nx_deepx_m1_01/native_deepx_to_trt_yolo26s_b038/20260712_102939	-	REVIEW_VALID_UNCURATED	False	3	3	3	2178871	0	5	0	0	0	valid measurement evidence, but not one of the five preselected families
orin_nx_deepx_m1_01/native_deepx_to_trt_yolo26s_b038/20260716_205142	-	REVIEW_VALID_UNCURATED	False	3	3	3	2119123	0	5	0	0	0	valid measurement evidence, but not one of the five preselected families
orin_nx_deepx_m1_01/native_deepx_to_trt_yolo26s_b038/20260717_073747	-	REVIEW_VALID_UNCURATED	False	3	3	3	2119159	0	5	0	0	0	valid measurement evidence, but not one of the five preselected families
orin_nx_deepx_m1_01/native_deepx_to_trt_yolo26s_b038_orin_nx_deepx_m1_01/20260717_181833	-	REVIEW_VALID_UNCURATED	False	3	3	3	2178943	0	5	0	0	0	valid measurement evidence, but not one of the five preselected families
orin_nx_deepx_m1_01/native_deepx_to_trt_yolo26s_b038_orin_nx_deepx_m1_01/20260717_212320	-	REVIEW_VALID_UNCURATED	False	1	1	1	726493	0	3	0	0	0	valid measurement evidence, but not one of the five preselected families
orin_nx_deepx_m1_01/native_deepx_to_trt_yolo26s_b038_orin_nx_deepx_m1_01/20260718_071327	-	REVIEW_VALID_UNCURATED	False	1	1	1	726213	0	3	0	0	0	valid measurement evidence, but not one of the five preselected families
orin_nx_deepx_m1_01/native_native_full_deepx__resnet50__full__orin_nx_deepx_m1_01__645bd3bd6f22/20260719_193847	resnet50_deepx_full	AUTO_INCLUDE_BEST_KNOWN_FAMILY	True	3	3	3	10476172	0	5	0	76	10904333	3 run(s) with nontrivial Parquet and positive energy; highest-scoring complete package for family
orin_nx_deepx_m1_01/native_native_full_deepx__resnet50__full__orin_nx_deepx_m1_01__7ab696d44a18/20260719_141158	resnet50_deepx_full	SUPERSEDED_VALID_KNOWN_FAMILY	False	3	3	3	10507894	0	5	0	0	0	3 run(s) with nontrivial Parquet and positive energy; a stronger package of the same family was selected
orin_nx_deepx_m1_01/native_native_full_deepx__resnet50__full__orin_nx_deepx_m1_01__edeb8c36f982/20260719_165221	resnet50_deepx_full	SUPERSEDED_VALID_KNOWN_FAMILY	False	3	3	3	10461424	0	5	0	0	0	3 run(s) with nontrivial Parquet and positive energy; a stronger package of the same family was selected
orin_nx_deepx_m1_01/native_native_full_deepx_resnet50_full/20260702_115416	resnet50_deepx_full	SUPERSEDED_VALID_KNOWN_FAMILY	False	3	3	3	2171759	0	5	0	0	0	3 run(s) with nontrivial Parquet and positive energy; a stronger package of the same family was selected
orin_nx_deepx_m1_01/native_native_full_deepx_resnet50_full/20260703_003156	resnet50_deepx_full	SUPERSEDED_VALID_KNOWN_FAMILY	False	3	3	3	2119559	0	5	0	0	0	3 run(s) with nontrivial Parquet and positive energy; a stronger package of the same family was selected
orin_nx_deepx_m1_01/native_native_full_deepx_resnet50_full/20260703_142641	resnet50_deepx_full	SUPERSEDED_VALID_KNOWN_FAMILY	False	3	3	3	2119875	0	5	0	0	0	3 run(s) with nontrivial Parquet and positive energy; a stronger package of the same family was selected
orin_nx_deepx_m1_01/native_native_full_deepx_resnet50_full/20260707_194643	resnet50_deepx_full	SUPERSEDED_VALID_KNOWN_FAMILY	False	3	3	3	2119875	0	5	0	0	0	3 run(s) with nontrivial Parquet and positive energy; a stronger package of the same family was selected
orin_nx_deepx_m1_01/native_native_full_deepx_resnet50_full/20260708_232454	resnet50_deepx_full	SUPERSEDED_VALID_KNOWN_FAMILY	False	3	3	3	2119791	0	5	0	0	0	3 run(s) with nontrivial Parquet and positive energy; a stronger package of the same family was selected
orin_nx_deepx_m1_01/native_native_full_deepx_resnet50_full/20260709_123403	resnet50_deepx_full	SUPERSEDED_VALID_KNOWN_FAMILY	False	3	3	3	2119791	0	5	0	0	0	3 run(s) with nontrivial Parquet and positive energy; a stronger package of the same family was selected
orin_nx_deepx_m1_01/native_native_full_deepx_resnet50_full/20260710_010033	resnet50_deepx_full	SUPERSEDED_VALID_KNOWN_FAMILY	False	3	3	3	2119871	0	5	0	0	0	3 run(s) with nontrivial Parquet and positive energy; a stronger package of the same family was selected
orin_nx_deepx_m1_01/native_native_full_deepx_resnet50_full/20260710_160415	resnet50_deepx_full	SUPERSEDED_VALID_KNOWN_FAMILY	False	3	3	3	2119803	0	5	0	0	0	3 run(s) with nontrivial Parquet and positive energy; a stronger package of the same family was selected
orin_nx_deepx_m1_01/native_native_full_deepx_resnet50_full/20260711_004007	resnet50_deepx_full	SUPERSEDED_VALID_KNOWN_FAMILY	False	3	3	3	2119835	0	5	0	0	0	3 run(s) with nontrivial Parquet and positive energy; a stronger package of the same family was selected
orin_nx_deepx_m1_01/native_native_full_deepx_resnet50_full/20260717_075600	resnet50_deepx_full	SUPERSEDED_VALID_KNOWN_FAMILY	False	3	3	3	2119415	0	5	0	0	0	3 run(s) with nontrivial Parquet and positive energy; a stronger package of the same family was selected
orin_nx_deepx_m1_01/native_native_full_deepx_resnet50_full_orin_nx_deepx_m1_01/20260717_212047	resnet50_deepx_full	SUPERSEDED_VALID_KNOWN_FAMILY	False	1	1	1	706437	0	3	0	0	0	1 run(s) with nontrivial Parquet and positive energy; a stronger package of the same family was selected
orin_nx_deepx_m1_01/native_native_full_deepx_resnet50_full_orin_nx_deepx_m1_01/20260718_071052	resnet50_deepx_full	SUPERSEDED_VALID_KNOWN_FAMILY	False	1	1	1	706537	0	3	0	0	0	1 run(s) with nontrivial Parquet and positive energy; a stronger package of the same family was selected
orin_nx_deepx_m1_01/native_native_full_deepx_yolo26s_full/20260703_003535	-	REVIEW_VALID_UNCURATED	False	3	3	3	2120459	0	5	0	0	0	valid measurement evidence, but not one of the five preselected families
orin_nx_deepx_m1_01/native_native_full_deepx_yolo26s_full/20260703_143020	-	REVIEW_VALID_UNCURATED	False	3	3	3	2120471	0	5	0	0	0	valid measurement evidence, but not one of the five preselected families
orin_nx_deepx_m1_01/native_native_full_deepx_yolo26s_full/20260707_195023	-	REVIEW_VALID_UNCURATED	False	3	3	3	2138655	0	5	0	0	0	valid measurement evidence, but not one of the five preselected families
orin_nx_deepx_m1_01/native_native_full_deepx_yolo26s_full/20260708_232832	-	REVIEW_VALID_UNCURATED	False	3	3	3	2138495	0	5	0	0	0	valid measurement evidence, but not one of the five preselected families
orin_nx_deepx_m1_01/native_native_full_deepx_yolo26s_full/20260709_123743	-	REVIEW_VALID_UNCURATED	False	3	3	3	2120683	0	5	0	0	0	valid measurement evidence, but not one of the five preselected families
orin_nx_deepx_m1_01/native_native_full_deepx_yolo26s_full/20260710_010412	-	REVIEW_VALID_UNCURATED	False	3	3	3	2120499	0	5	0	0	0	valid measurement evidence, but not one of the five preselected families
orin_nx_deepx_m1_01/native_native_full_deepx_yolo26s_full/20260710_160754	-	REVIEW_VALID_UNCURATED	False	3	3	3	2120423	0	5	0	0	0	valid measurement evidence, but not one of the five preselected families
orin_nx_deepx_m1_01/native_native_full_deepx_yolo26s_full/20260711_004346	-	REVIEW_VALID_UNCURATED	False	3	3	3	2120487	0	5	0	0	0	valid measurement evidence, but not one of the five preselected families
orin_nx_deepx_m1_01/native_native_full_deepx_yolo26s_full/20260717_075939	-	REVIEW_VALID_UNCURATED	False	3	3	3	2120559	0	5	0	0	0	valid measurement evidence, but not one of the five preselected families
orin_nx_deepx_m1_01/native_native_full_deepx_yolo26s_full_orin_nx_deepx_m1_01/20260717_212434	-	REVIEW_VALID_UNCURATED	False	1	1	1	706801	0	3	0	0	0	valid measurement evidence, but not one of the five preselected families
orin_nx_deepx_m1_01/native_native_full_deepx_yolo26s_full_orin_nx_deepx_m1_01/20260718_071439	-	REVIEW_VALID_UNCURATED	False	1	1	1	724757	0	3	0	0	0	valid measurement evidence, but not one of the five preselected families
orin_nx_deepx_m1_01/native_native_full_tensorrt__resnet50__full__orin_nx_deepx_m1_01__538ded69ce6f/20260719_194221	resnet50_tensorrt_full	AUTO_INCLUDE_BEST_KNOWN_FAMILY	True	3	3	3	10673762	0	5	0	76	11255119	3 run(s) with nontrivial Parquet and positive energy; highest-scoring complete package for family
orin_nx_deepx_m1_01/native_native_full_tensorrt__resnet50__full__orin_nx_deepx_m1_01__9b70b050a406/20260719_141533	resnet50_tensorrt_full	SUPERSEDED_VALID_KNOWN_FAMILY	False	3	3	3	10671162	0	5	0	0	0	3 run(s) with nontrivial Parquet and positive energy; a stronger package of the same family was selected
orin_nx_deepx_m1_01/native_native_full_tensorrt__resnet50__full__orin_nx_deepx_m1_01__b4c647c6c32b/20260719_165555	resnet50_tensorrt_full	SUPERSEDED_VALID_KNOWN_FAMILY	False	3	3	3	10673702	0	5	0	0	0	3 run(s) with nontrivial Parquet and positive energy; a stronger package of the same family was selected
orin_nx_deepx_m1_01/native_native_full_tensorrt_resnet50_full/20260717_081415	resnet50_tensorrt_full	SUPERSEDED_VALID_KNOWN_FAMILY	False	3	3	3	2118443	0	5	0	0	0	3 run(s) with nontrivial Parquet and positive energy; a stronger package of the same family was selected
orin_nx_deepx_m1_01/native_native_full_tensorrt_resnet50_full_orin_nx_deepx_m1_01/20260717_212200	resnet50_tensorrt_full	SUPERSEDED_VALID_KNOWN_FAMILY	False	1	1	1	742133	0	3	0	0	0	1 run(s) with nontrivial Parquet and positive energy; a stronger package of the same family was selected
orin_nx_deepx_m1_01/native_native_full_tensorrt_resnet50_full_orin_nx_deepx_m1_01/20260718_071206	resnet50_tensorrt_full	SUPERSEDED_VALID_KNOWN_FAMILY	False	1	1	1	742109	0	3	0	0	0	1 run(s) with nontrivial Parquet and positive energy; a stronger package of the same family was selected
orin_nx_deepx_m1_01/native_native_full_tensorrt_yolo26s_full/20260717_082132	-	REVIEW_VALID_UNCURATED	False	3	3	3	2118451	0	5	0	0	0	valid measurement evidence, but not one of the five preselected families
orin_nx_deepx_m1_01/native_native_full_tensorrt_yolo26s_full_orin_nx_deepx_m1_01/20260717_212547	-	REVIEW_VALID_UNCURATED	False	1	1	1	741659	0	3	0	0	0	valid measurement evidence, but not one of the five preselected families
orin_nx_deepx_m1_01/native_native_full_tensorrt_yolo26s_full_orin_nx_deepx_m1_01/20260718_071552	-	REVIEW_VALID_UNCURATED	False	1	1	1	738907	0	3	0	0	0	valid measurement evidence, but not one of the five preselected families
orin_nx_hailo10_01/native_hailo10h_to_trt_resnet50_b039/20260702_034656	-	REJECT_FAILED_OR_EMPTY	False	3	0	0	0	3	0	3	0	0	no valid raw trace plus positive energy result
orin_nx_hailo10_01/native_hailo10h_to_trt_resnet50_b052/20260702_035035	-	REJECT_FAILED_OR_EMPTY	False	3	0	0	0	3	0	3	0	0	no valid raw trace plus positive energy result
orin_nx_hailo10_01/native_hailo10h_to_trt_resnet50_b052/20260703_141206	-	REVIEW_VALID_UNCURATED	False	3	3	3	2060095	0	5	0	0	0	valid measurement evidence, but not one of the five preselected families
orin_nx_hailo10_01/native_hailo10h_to_trt_resnet50_b052/20260707_193207	-	REVIEW_VALID_UNCURATED	False	3	3	3	2110362	0	5	0	0	0	valid measurement evidence, but not one of the five preselected families
orin_nx_hailo10_01/native_hailo10h_to_trt_resnet50_b052/20260708_231018	-	REVIEW_VALID_UNCURATED	False	3	3	3	2107757	0	5	0	0	0	valid measurement evidence, but not one of the five preselected families
orin_nx_hailo10_01/native_hailo10h_to_trt_resnet50_b052/20260709_121926	-	REVIEW_VALID_UNCURATED	False	3	3	3	2110407	0	5	0	0	0	valid measurement evidence, but not one of the five preselected families
orin_nx_hailo10_01/native_hailo10h_to_trt_resnet50_b052/20260710_004218	-	REVIEW_VALID_UNCURATED	False	3	3	3	2079683	0	5	0	0	0	valid measurement evidence, but not one of the five preselected families
orin_nx_hailo10_01/native_hailo10h_to_trt_resnet50_b052/20260716_205520	-	REVIEW_VALID_UNCURATED	False	3	3	3	2009319	0	5	0	0	0	valid measurement evidence, but not one of the five preselected families
orin_nx_hailo10_01/native_hailo10h_to_trt_resnet50_b052/20260717_074125	-	REVIEW_VALID_UNCURATED	False	3	3	3	2009571	0	5	0	0	0	valid measurement evidence, but not one of the five preselected families
orin_nx_hailo10_01/native_hailo10h_to_trt_resnet50_b052_orin_nx_hailo10_01/20260717_182212	-	REVIEW_VALID_UNCURATED	False	3	3	3	2064654	0	5	0	0	0	valid measurement evidence, but not one of the five preselected families
orin_nx_hailo10_01/native_hailo10h_to_trt_resnet50_b052_orin_nx_hailo10_01/20260717_212729	-	REVIEW_VALID_UNCURATED	False	1	1	1	700869	0	3	0	0	0	valid measurement evidence, but not one of the five preselected families
orin_nx_hailo10_01/native_hailo10h_to_trt_resnet50_b052_orin_nx_hailo10_01/20260718_071736	-	REVIEW_VALID_UNCURATED	False	1	1	1	698317	0	3	0	0	0	valid measurement evidence, but not one of the five preselected families
orin_nx_hailo10_01/native_hailo10h_to_trt_resnet50_b082/20260702_035414	-	REJECT_FAILED_OR_EMPTY	False	3	0	0	0	3	0	3	0	0	no valid raw trace plus positive energy result
orin_nx_hailo10_01/native_hailo10h_to_trt_yolo26s_b036/20260702_035754	-	REJECT_FAILED_OR_EMPTY	False	3	0	0	0	3	0	3	0	0	no valid raw trace plus positive energy result
orin_nx_hailo10_01/native_hailo10h_to_trt_yolo26s_b038/20260702_040133	-	REJECT_FAILED_OR_EMPTY	False	3	0	0	0	3	0	3	0	0	no valid raw trace plus positive energy result
orin_nx_hailo10_01/native_hailo10h_to_trt_yolo26s_b038/20260703_141545	-	REVIEW_VALID_UNCURATED	False	3	3	3	2118443	0	5	0	0	0	valid measurement evidence, but not one of the five preselected families
orin_nx_hailo10_01/native_hailo10h_to_trt_yolo26s_b038/20260707_193546	-	REVIEW_VALID_UNCURATED	False	3	3	3	2118499	0	5	0	0	0	valid measurement evidence, but not one of the five preselected families
orin_nx_hailo10_01/native_hailo10h_to_trt_yolo26s_b038/20260708_231356	-	REVIEW_VALID_UNCURATED	False	3	3	3	2118457	0	5	0	0	0	valid measurement evidence, but not one of the five preselected families
orin_nx_hailo10_01/native_hailo10h_to_trt_yolo26s_b038/20260709_122306	-	REVIEW_VALID_UNCURATED	False	3	3	3	2118454	0	5	0	0	0	valid measurement evidence, but not one of the five preselected families
orin_nx_hailo10_01/native_hailo10h_to_trt_yolo26s_b038/20260710_004557	-	REVIEW_VALID_UNCURATED	False	3	3	3	2110799	0	5	0	0	0	valid measurement evidence, but not one of the five preselected families
orin_nx_hailo10_01/native_hailo10h_to_trt_yolo26s_b038/20260710_154938	-	REVIEW_VALID_UNCURATED	False	3	3	3	2100111	0	5	0	0	0	valid measurement evidence, but not one of the five preselected families
orin_nx_hailo10_01/native_hailo10h_to_trt_yolo26s_b038/20260711_002531	-	REVIEW_VALID_UNCURATED	False	3	3	3	2100083	0	5	0	0	0	valid measurement evidence, but not one of the five preselected families
orin_nx_hailo10_01/native_hailo10h_to_trt_yolo26s_b038/20260712_103318	-	REVIEW_VALID_UNCURATED	False	3	3	3	2105237	0	5	0	0	0	valid measurement evidence, but not one of the five preselected families
orin_nx_hailo10_01/native_hailo10h_to_trt_yolo26s_b038/20260716_205859	-	REVIEW_VALID_UNCURATED	False	3	3	3	2009343	0	5	0	0	0	valid measurement evidence, but not one of the five preselected families
orin_nx_hailo10_01/native_hailo10h_to_trt_yolo26s_b038/20260717_074504	-	REVIEW_VALID_UNCURATED	False	3	3	3	2009251	0	5	0	0	0	valid measurement evidence, but not one of the five preselected families
orin_nx_hailo10_01/native_hailo10h_to_trt_yolo26s_b038_orin_nx_hailo10_01/20260717_182551	-	REVIEW_VALID_UNCURATED	False	3	3	3	2110445	0	5	0	0	0	valid measurement evidence, but not one of the five preselected families
orin_nx_hailo10_01/native_hailo10h_to_trt_yolo26s_b038_orin_nx_hailo10_01/20260717_213114	-	REVIEW_VALID_UNCURATED	False	1	1	1	700884	0	3	0	0	0	valid measurement evidence, but not one of the five preselected families
orin_nx_hailo10_01/native_hailo10h_to_trt_yolo26s_b038_orin_nx_hailo10_01/20260718_072121	-	REVIEW_VALID_UNCURATED	False	1	1	1	700892	0	3	0	0	0	valid measurement evidence, but not one of the five preselected families
orin_nx_hailo10_01/native_native_full_hailo10h_resnet50_full/20260702_115032	-	REJECT_FAILED_OR_EMPTY	False	3	0	0	0	3	0	3	0	0	no valid raw trace plus positive energy result
orin_nx_hailo10_01/native_native_full_hailo10h_resnet50_full/20260702_120608	-	REJECT_FAILED_OR_EMPTY	False	3	0	0	0	3	0	3	0	0	no valid raw trace plus positive energy result
orin_nx_hailo10_01/native_native_full_hailo10h_resnet50_full/20260703_143359	-	REVIEW_VALID_UNCURATED	False	3	3	3	1963247	0	5	0	0	0	valid measurement evidence, but not one of the five preselected families
orin_nx_hailo10_01/native_native_full_hailo10h_resnet50_full/20260707_195402	-	REVIEW_VALID_UNCURATED	False	3	3	3	2009491	0	5	0	0	0	valid measurement evidence, but not one of the five preselected families
orin_nx_hailo10_01/native_native_full_hailo10h_resnet50_full/20260708_233211	-	REVIEW_VALID_UNCURATED	False	3	3	3	2009467	0	5	0	0	0	valid measurement evidence, but not one of the five preselected families
orin_nx_hailo10_01/native_native_full_hailo10h_resnet50_full/20260709_124122	-	REVIEW_VALID_UNCURATED	False	3	3	3	2009663	0	5	0	0	0	valid measurement evidence, but not one of the five preselected families
orin_nx_hailo10_01/native_native_full_hailo10h_resnet50_full/20260710_010752	-	REVIEW_VALID_UNCURATED	False	3	3	3	2009499	0	5	0	0	0	valid measurement evidence, but not one of the five preselected families
orin_nx_hailo10_01/native_native_full_hailo10h_resnet50_full/20260710_161131	-	REVIEW_VALID_UNCURATED	False	3	3	3	2009467	0	5	0	0	0	valid measurement evidence, but not one of the five preselected families
orin_nx_hailo10_01/native_native_full_hailo10h_resnet50_full/20260711_004725	-	REVIEW_VALID_UNCURATED	False	3	3	3	2009463	0	5	0	0	0	valid measurement evidence, but not one of the five preselected families
orin_nx_hailo10_01/native_native_full_hailo10h_resnet50_full/20260717_080318	-	REVIEW_VALID_UNCURATED	False	3	3	3	2009347	0	5	0	0	0	valid measurement evidence, but not one of the five preselected families
orin_nx_hailo10_01/native_native_full_hailo10h_resnet50_full_orin_nx_hailo10_01/20260717_212842	-	REVIEW_VALID_UNCURATED	False	1	1	1	669945	0	3	0	0	0	valid measurement evidence, but not one of the five preselected families
orin_nx_hailo10_01/native_native_full_hailo10h_resnet50_full_orin_nx_hailo10_01/20260718_071849	-	REVIEW_VALID_UNCURATED	False	1	1	1	669937	0	3	0	0	0	valid measurement evidence, but not one of the five preselected families
orin_nx_hailo10_01/native_native_full_hailo10h_yolo26s_full/20260703_143738	-	REVIEW_VALID_UNCURATED	False	3	3	3	2009299	0	5	0	0	0	valid measurement evidence, but not one of the five preselected families
orin_nx_hailo10_01/native_native_full_hailo10h_yolo26s_full/20260707_195741	-	REVIEW_VALID_UNCURATED	False	3	3	3	2009447	0	5	0	0	0	valid measurement evidence, but not one of the five preselected families
orin_nx_hailo10_01/native_native_full_hailo10h_yolo26s_full/20260708_233550	-	REVIEW_VALID_UNCURATED	False	3	3	3	2009659	0	5	0	0	0	valid measurement evidence, but not one of the five preselected families
orin_nx_hailo10_01/native_native_full_hailo10h_yolo26s_full/20260709_124501	-	REVIEW_VALID_UNCURATED	False	3	3	3	2009479	0	5	0	0	0	valid measurement evidence, but not one of the five preselected families
orin_nx_hailo10_01/native_native_full_hailo10h_yolo26s_full/20260710_011131	-	REVIEW_VALID_UNCURATED	False	3	3	3	2009503	0	5	0	0	0	valid measurement evidence, but not one of the five preselected families
orin_nx_hailo10_01/native_native_full_hailo10h_yolo26s_full/20260710_161510	-	REVIEW_VALID_UNCURATED	False	3	3	3	2009499	0	5	0	0	0	valid measurement evidence, but not one of the five preselected families
orin_nx_hailo10_01/native_native_full_hailo10h_yolo26s_full/20260711_005104	-	REVIEW_VALID_UNCURATED	False	3	3	3	2009635	0	5	0	0	0	valid measurement evidence, but not one of the five preselected families
orin_nx_hailo10_01/native_native_full_hailo10h_yolo26s_full/20260717_080657	-	REVIEW_VALID_UNCURATED	False	3	3	3	2009311	0	5	0	0	0	valid measurement evidence, but not one of the five preselected families
orin_nx_hailo10_01/native_native_full_hailo10h_yolo26s_full_orin_nx_hailo10_01/20260717_213227	-	REVIEW_VALID_UNCURATED	False	1	1	1	669937	0	3	0	0	0	valid measurement evidence, but not one of the five preselected families
orin_nx_hailo10_01/native_native_full_hailo10h_yolo26s_full_orin_nx_hailo10_01/20260718_072234	-	REVIEW_VALID_UNCURATED	False	1	1	1	669933	0	3	0	0	0	valid measurement evidence, but not one of the five preselected families
orin_nx_hailo10_01/native_native_full_tensorrt_resnet50_full/20260717_081036	resnet50_tensorrt_full	SUPERSEDED_VALID_KNOWN_FAMILY	False	3	3	3	1955728	0	5	0	0	0	3 run(s) with nontrivial Parquet and positive energy; a stronger package of the same family was selected
orin_nx_hailo10_01/native_native_full_tensorrt_resnet50_full_orin_nx_hailo10_01/20260717_212955	resnet50_tensorrt_full	SUPERSEDED_VALID_KNOWN_FAMILY	False	1	1	1	685873	0	3	0	0	0	1 run(s) with nontrivial Parquet and positive energy; a stronger package of the same family was selected
orin_nx_hailo10_01/native_native_full_tensorrt_resnet50_full_orin_nx_hailo10_01/20260718_072003	resnet50_tensorrt_full	SUPERSEDED_VALID_KNOWN_FAMILY	False	1	1	1	685885	0	3	0	0	0	1 run(s) with nontrivial Parquet and positive energy; a stronger package of the same family was selected
orin_nx_hailo10_01/native_native_full_tensorrt_yolo26s_full/20260717_081753	-	REVIEW_VALID_UNCURATED	False	3	3	3	1955732	0	5	0	0	0	valid measurement evidence, but not one of the five preselected families
orin_nx_hailo10_01/native_native_full_tensorrt_yolo26s_full_orin_nx_hailo10_01/20260717_213341	-	REVIEW_VALID_UNCURATED	False	1	1	1	693677	0	3	0	0	0	valid measurement evidence, but not one of the five preselected families
orin_nx_hailo10_01/native_native_full_tensorrt_yolo26s_full_orin_nx_hailo10_01/20260718_072347	-	REVIEW_VALID_UNCURATED	False	1	1	1	693681	0	3	0	0	0	valid measurement evidence, but not one of the five preselected families
orin_nx_hailo8_01/native_hailo8_to_trt_resnet50_b039/20260702_040512	-	REVIEW_VALID_UNCURATED	False	3	3	3	2290981	0	5	0	0	0	valid measurement evidence, but not one of the five preselected families
orin_nx_hailo8_01/native_hailo8_to_trt_resnet50_b052/20260702_040851	-	REVIEW_VALID_UNCURATED	False	3	3	3	2288193	0	5	0	0	0	valid measurement evidence, but not one of the five preselected families
orin_nx_hailo8_01/native_hailo8_to_trt_resnet50_b052/20260703_002437	-	REVIEW_VALID_UNCURATED	False	3	3	3	2240463	0	5	0	0	0	valid measurement evidence, but not one of the five preselected families
orin_nx_hailo8_01/native_hailo8_to_trt_resnet50_b052/20260703_141923	-	REVIEW_VALID_UNCURATED	False	3	3	3	2239987	0	5	0	0	0	valid measurement evidence, but not one of the five preselected families
orin_nx_hailo8_01/native_hailo8_to_trt_resnet50_b052/20260707_193925	-	REVIEW_VALID_UNCURATED	False	3	3	3	2240111	0	5	0	0	0	valid measurement evidence, but not one of the five preselected families
orin_nx_hailo8_01/native_hailo8_to_trt_resnet50_b052/20260708_231735	-	REVIEW_VALID_UNCURATED	False	3	3	3	2239555	0	5	0	0	0	valid measurement evidence, but not one of the five preselected families
orin_nx_hailo8_01/native_hailo8_to_trt_resnet50_b052/20260709_122645	-	REVIEW_VALID_UNCURATED	False	3	3	3	2239563	0	5	0	0	0	valid measurement evidence, but not one of the five preselected families
orin_nx_hailo8_01/native_hailo8_to_trt_resnet50_b052/20260710_004936	-	REVIEW_VALID_UNCURATED	False	3	3	3	2239955	0	5	0	0	0	valid measurement evidence, but not one of the five preselected families
orin_nx_hailo8_01/native_hailo8_to_trt_resnet50_b052/20260710_155317	-	REVIEW_VALID_UNCURATED	False	3	3	3	2240347	0	5	0	0	0	valid measurement evidence, but not one of the five preselected families
orin_nx_hailo8_01/native_hailo8_to_trt_resnet50_b052/20260711_002910	-	REVIEW_VALID_UNCURATED	False	3	3	3	2240351	0	5	0	0	0	valid measurement evidence, but not one of the five preselected families
orin_nx_hailo8_01/native_hailo8_to_trt_resnet50_b052/20260712_103656	-	REVIEW_VALID_UNCURATED	False	3	3	3	2240039	0	5	0	0	0	valid measurement evidence, but not one of the five preselected families
orin_nx_hailo8_01/native_hailo8_to_trt_resnet50_b052/20260716_210238	-	REVIEW_VALID_UNCURATED	False	3	3	3	2118903	0	5	0	0	0	valid measurement evidence, but not one of the five preselected families
orin_nx_hailo8_01/native_hailo8_to_trt_resnet50_b052/20260717_074843	-	REVIEW_VALID_UNCURATED	False	3	3	3	2118967	0	5	0	0	0	valid measurement evidence, but not one of the five preselected families
orin_nx_hailo8_01/native_hailo8_to_trt_resnet50_b052_orin_nx_hailo8_01/20260717_182931	-	REVIEW_VALID_UNCURATED	False	3	3	3	2118983	0	5	0	0	0	valid measurement evidence, but not one of the five preselected families
orin_nx_hailo8_01/native_hailo8_to_trt_resnet50_b082/20260702_041231	-	REVIEW_VALID_UNCURATED	False	3	3	3	2256215	0	5	0	0	0	valid measurement evidence, but not one of the five preselected families
orin_nx_hailo8_01/native_hailo8_to_trt_yolo26s_b036/20260702_041610	-	REVIEW_VALID_UNCURATED	False	3	3	3	2295377	0	5	0	0	0	valid measurement evidence, but not one of the five preselected families
orin_nx_hailo8_01/native_hailo8_to_trt_yolo26s_b038/20260702_041949	yolo26s_b038_hailo8_native	SUPERSEDED_VALID_KNOWN_FAMILY	False	3	3	3	2296329	0	5	0	0	0	3 run(s) with nontrivial Parquet and positive energy; a stronger package of the same family was selected
orin_nx_hailo8_01/native_hailo8_to_trt_yolo26s_b038/20260702_101642	yolo26s_b038_hailo8_native	SUPERSEDED_VALID_KNOWN_FAMILY	False	3	3	3	2297117	0	5	0	0	0	3 run(s) with nontrivial Parquet and positive energy; a stronger package of the same family was selected
orin_nx_hailo8_01/native_hailo8_to_trt_yolo26s_b038/20260703_002816	yolo26s_b038_hailo8_native	SUPERSEDED_VALID_KNOWN_FAMILY	False	3	3	3	2245019	0	5	0	0	0	3 run(s) with nontrivial Parquet and positive energy; a stronger package of the same family was selected
orin_nx_hailo8_01/native_hailo8_to_trt_yolo26s_b038/20260703_142303	yolo26s_b038_hailo8_native	SUPERSEDED_VALID_KNOWN_FAMILY	False	3	3	3	2244959	0	5	0	0	0	3 run(s) with nontrivial Parquet and positive energy; a stronger package of the same family was selected
orin_nx_hailo8_01/native_hailo8_to_trt_yolo26s_b038/20260707_194304	yolo26s_b038_hailo8_native	SUPERSEDED_VALID_KNOWN_FAMILY	False	3	3	3	2244783	0	5	0	0	0	3 run(s) with nontrivial Parquet and positive energy; a stronger package of the same family was selected
orin_nx_hailo8_01/native_hailo8_to_trt_yolo26s_b038/20260708_232114	yolo26s_b038_hailo8_native	SUPERSEDED_VALID_KNOWN_FAMILY	False	3	3	3	2245259	0	5	0	0	0	3 run(s) with nontrivial Parquet and positive energy; a stronger package of the same family was selected
orin_nx_hailo8_01/native_hailo8_to_trt_yolo26s_b038/20260709_123024	yolo26s_b038_hailo8_native	SUPERSEDED_VALID_KNOWN_FAMILY	False	3	3	3	2245091	0	5	0	0	0	3 run(s) with nontrivial Parquet and positive energy; a stronger package of the same family was selected
orin_nx_hailo8_01/native_hailo8_to_trt_yolo26s_b038/20260710_005315	yolo26s_b038_hailo8_native	SUPERSEDED_VALID_KNOWN_FAMILY	False	3	3	3	2284729	0	5	0	0	0	3 run(s) with nontrivial Parquet and positive energy; a stronger package of the same family was selected
orin_nx_hailo8_01/native_hailo8_to_trt_yolo26s_b038/20260710_005654	yolo26s_b038_hailo8_native	SUPERSEDED_VALID_KNOWN_FAMILY	False	3	3	3	2284469	0	5	0	0	0	3 run(s) with nontrivial Parquet and positive energy; a stronger package of the same family was selected
orin_nx_hailo8_01/native_hailo8_to_trt_yolo26s_b038/20260710_155656	yolo26s_b038_hailo8_native	SUPERSEDED_VALID_KNOWN_FAMILY	False	3	3	3	2273953	0	5	0	0	0	3 run(s) with nontrivial Parquet and positive energy; a stronger package of the same family was selected
orin_nx_hailo8_01/native_hailo8_to_trt_yolo26s_b038/20260710_160035	yolo26s_b038_hailo8_native	SUPERSEDED_VALID_KNOWN_FAMILY	False	3	3	3	2273953	0	5	0	0	0	3 run(s) with nontrivial Parquet and positive energy; a stronger package of the same family was selected
orin_nx_hailo8_01/native_hailo8_to_trt_yolo26s_b038/20260711_003249	yolo26s_b038_hailo8_native	SUPERSEDED_VALID_KNOWN_FAMILY	False	3	3	3	2274113	0	5	0	0	0	3 run(s) with nontrivial Parquet and positive energy; a stronger package of the same family was selected
orin_nx_hailo8_01/native_hailo8_to_trt_yolo26s_b038/20260711_003628	yolo26s_b038_hailo8_native	SUPERSEDED_VALID_KNOWN_FAMILY	False	3	3	3	2276481	0	5	0	0	0	3 run(s) with nontrivial Parquet and positive energy; a stronger package of the same family was selected
orin_nx_hailo8_01/native_hailo8_to_trt_yolo26s_b038/20260712_104035	yolo26s_b038_hailo8_native	SUPERSEDED_VALID_KNOWN_FAMILY	False	3	3	3	2284525	0	5	0	0	0	3 run(s) with nontrivial Parquet and positive energy; a stronger package of the same family was selected
orin_nx_hailo8_01/native_hailo8_to_trt_yolo26s_b038/20260712_104415	yolo26s_b038_hailo8_native	SUPERSEDED_VALID_KNOWN_FAMILY	False	3	3	3	2284541	0	5	0	0	0	3 run(s) with nontrivial Parquet and positive energy; a stronger package of the same family was selected
orin_nx_hailo8_01/native_hailo8_to_trt_yolo26s_b038/20260716_210616	yolo26s_b038_hailo8_native	SUPERSEDED_VALID_KNOWN_FAMILY	False	3	3	3	2279137	0	5	0	0	0	3 run(s) with nontrivial Parquet and positive energy; a stronger package of the same family was selected
orin_nx_hailo8_01/native_hailo8_to_trt_yolo26s_b038/20260717_075221	yolo26s_b038_hailo8_native	SUPERSEDED_VALID_KNOWN_FAMILY	False	3	3	3	2276601	0	5	0	0	0	3 run(s) with nontrivial Parquet and positive energy; a stronger package of the same family was selected
orin_nx_hailo8_01/native_hailo8_to_trt_yolo26s_b038_orin_nx_hailo8_01/20260717_183310	yolo26s_b038_hailo8_native	AUTO_INCLUDE_BEST_KNOWN_FAMILY	True	3	3	3	2276485	0	5	0	34	2359808	3 run(s) with nontrivial Parquet and positive energy; highest-scoring complete package for family
orin_nx_hailo8_01/native_hailo8_to_trt_yolo26s_b038_orin_nx_hailo8_01/20260718_072522	yolo26s_b038_hailo8_native	SUPERSEDED_VALID_KNOWN_FAMILY	False	1	1	1	764223	0	3	0	0	0	1 run(s) with nontrivial Parquet and positive energy; a stronger package of the same family was selected
orin_nx_hailo8_01/native_native_full_hailo8_resnet50_full/20260703_003913	-	REVIEW_VALID_UNCURATED	False	3	3	3	2175347	0	5	0	0	0	valid measurement evidence, but not one of the five preselected families
orin_nx_hailo8_01/native_native_full_hailo8_resnet50_full/20260703_144117	-	REVIEW_VALID_UNCURATED	False	3	3	3	2175227	0	5	0	0	0	valid measurement evidence, but not one of the five preselected families
orin_nx_hailo8_01/native_native_full_hailo8_resnet50_full/20260707_200120	-	REVIEW_VALID_UNCURATED	False	3	3	3	2175443	0	5	0	0	0	valid measurement evidence, but not one of the five preselected families
orin_nx_hailo8_01/native_native_full_hailo8_resnet50_full/20260708_233930	-	REVIEW_VALID_UNCURATED	False	3	3	3	2176739	0	5	0	0	0	valid measurement evidence, but not one of the five preselected families
orin_nx_hailo8_01/native_native_full_hailo8_resnet50_full/20260709_124841	-	REVIEW_VALID_UNCURATED	False	3	3	3	2176647	0	5	0	0	0	valid measurement evidence, but not one of the five preselected families
orin_nx_hailo8_01/native_native_full_hailo8_resnet50_full/20260710_011510	-	REVIEW_VALID_UNCURATED	False	3	3	3	2176923	0	5	0	0	0	valid measurement evidence, but not one of the five preselected families
orin_nx_hailo8_01/native_native_full_hailo8_resnet50_full/20260710_161850	-	REVIEW_VALID_UNCURATED	False	3	3	3	2176755	0	5	0	0	0	valid measurement evidence, but not one of the five preselected families
orin_nx_hailo8_01/native_native_full_hailo8_resnet50_full/20260711_005444	-	REVIEW_VALID_UNCURATED	False	3	3	3	2175439	0	5	0	0	0	valid measurement evidence, but not one of the five preselected families
orin_nx_hailo8_01/native_native_full_hailo8_yolo26s_full/20260703_004252	-	REVIEW_VALID_UNCURATED	False	3	3	3	2176319	0	5	0	0	0	valid measurement evidence, but not one of the five preselected families
orin_nx_hailo8_01/native_native_full_hailo8_yolo26s_full/20260703_144454	-	REVIEW_VALID_UNCURATED	False	3	3	3	2176383	0	5	0	0	0	valid measurement evidence, but not one of the five preselected families
orin_nx_hailo8_01/native_native_full_hailo8_yolo26s_full/20260707_200500	-	REVIEW_VALID_UNCURATED	False	3	3	3	2176335	0	5	0	0	0	valid measurement evidence, but not one of the five preselected families
orin_nx_hailo8_01/native_native_full_hailo8_yolo26s_full/20260708_234308	-	REVIEW_VALID_UNCURATED	False	3	3	3	2176419	0	5	0	0	0	valid measurement evidence, but not one of the five preselected families
orin_nx_hailo8_01/native_native_full_hailo8_yolo26s_full/20260709_125220	-	REVIEW_VALID_UNCURATED	False	3	3	3	2176299	0	5	0	0	0	valid measurement evidence, but not one of the five preselected families
orin_nx_hailo8_01/native_native_full_hailo8_yolo26s_full/20260710_011849	-	REVIEW_VALID_UNCURATED	False	3	3	3	2176687	0	5	0	0	0	valid measurement evidence, but not one of the five preselected families
orin_nx_hailo8_01/native_native_full_hailo8_yolo26s_full/20260710_162229	-	REVIEW_VALID_UNCURATED	False	3	3	3	2176603	0	5	0	0	0	valid measurement evidence, but not one of the five preselected families
orin_nx_hailo8_01/native_native_full_hailo8_yolo26s_full/20260711_005823	-	REVIEW_VALID_UNCURATED	False	3	3	3	2176519	0	5	0	0	0	valid measurement evidence, but not one of the five preselected families
orin_nx_hailo8_01/native_native_full_hailo8_yolo26s_full_orin_nx_hailo8_01/20260718_072635	-	REVIEW_VALID_UNCURATED	False	1	1	1	722537	0	3	0	0	0	valid measurement evidence, but not one of the five preselected families
orin_nx_hailo8_01/native_native_full_tensorrt_yolo26s_full_orin_nx_hailo8_01/20260718_072748	-	REVIEW_VALID_UNCURATED	False	1	1	1	746595	0	3	0	0	0	valid measurement evidence, but not one of the five preselected families
orin_nx_hailo8_01/yolov7_b066_native_fifo/20260626_140906	yolov7_b066_native_fifo	REJECT_FAILED_OR_EMPTY	False	0	0	0	0	0	0	1	0	0	no valid raw trace plus positive energy result
orin_nx_hailo8_01/yolov7_b066_native_fifo/20260626_142326	yolov7_b066_native_fifo	SUPERSEDED_VALID_KNOWN_FAMILY	False	3	3	3	2333713	0	5	0	0	0	3 run(s) with nontrivial Parquet and positive energy; a stronger package of the same family was selected
orin_nx_hailo8_01/yolov7_b066_native_fifo/20260626_160032	yolov7_b066_native_fifo	AUTO_INCLUDE_BEST_KNOWN_FAMILY	True	3	3	3	2168081	0	5	0	34	2234900	3 run(s) with nontrivial Parquet and positive energy; highest-scoring complete package for family
