reported_source_path	resolved_source_path	repo_destination	status	bytes	sha256	trace_class	sha256_referenced_in_reports
/home/kmika/Models/EnergyMeasurements/Calibrations/orin_nx_deepx_m1_01/20260903_085345/m2_off/run_000/collector_storage/fast_firmware.parquet	/home/kmika/Models/EnergyMeasurements/Calibrations/orin_nx_deepx_m1_01/20260903_085345/m2_off/run_000/collector_storage/fast_firmware.parquet	results/energy/calibrations/full_system_history/orin_nx_deepx_m1_01/20260903_085345/m2_off/run_000/collector_storage/fast_firmware.parquet	planned	2117836	0ef2f8783d0300f4dabf1b92dd1690f0a5874488570a71ea4263335964c0a410	parquet_nontrivial	yes
/home/kmika/Models/EnergyMeasurements/Calibrations/orin_nx_deepx_m1_01/20260903_085345/m2_on/run_000/collector_storage/fast_firmware.parquet	/home/kmika/Models/EnergyMeasurements/Calibrations/orin_nx_deepx_m1_01/20260903_085345/m2_on/run_000/collector_storage/fast_firmware.parquet	results/energy/calibrations/full_system_history/orin_nx_deepx_m1_01/20260903_085345/m2_on/run_000/collector_storage/fast_firmware.parquet	planned	2117436	23100f595a02b958d4773cf6bb0a3b60d3028ce40f08bee935ea8170b7f49560	parquet_nontrivial	yes
/home/kmika/Models/EnergyMeasurements/Calibrations/orin_nx_hailo10_01/20260903_084448/m2_off/run_000/collector_storage/fast_firmware.parquet	/home/kmika/Models/EnergyMeasurements/Calibrations/orin_nx_hailo10_01/20260903_084448/m2_off/run_000/collector_storage/fast_firmware.parquet	results/energy/calibrations/full_system_history/orin_nx_hailo10_01/20260903_084448/m2_off/run_000/collector_storage/fast_firmware.parquet	planned	2096492	3b8b95b9091ac3291ae563e75c686a962bc0a8acb9c9ddde0006a05b562e6e25	parquet_nontrivial	yes
/home/kmika/Models/EnergyMeasurements/Calibrations/orin_nx_hailo10_01/20260903_084448/m2_on/run_000/collector_storage/fast_firmware.parquet	/home/kmika/Models/EnergyMeasurements/Calibrations/orin_nx_hailo10_01/20260903_084448/m2_on/run_000/collector_storage/fast_firmware.parquet	results/energy/calibrations/full_system_history/orin_nx_hailo10_01/20260903_084448/m2_on/run_000/collector_storage/fast_firmware.parquet	planned	2097972	e0ac50a7b8af347e050d23ea77c77bd253ef2eb2612a8b19ea61d7a0e4715966	parquet_nontrivial	yes
/home/kmika/Models/EnergyMeasurements/Calibrations/orin_nx_hailo8_01/20260902_172312/m2_off/run_000/collector_storage/fast_firmware.parquet	/home/kmika/Models/EnergyMeasurements/Calibrations/orin_nx_hailo8_01/20260902_172312/m2_off/run_000/collector_storage/fast_firmware.parquet	results/energy/calibrations/full_system_history/orin_nx_hailo8_01/20260902_172312/m2_off/run_000/collector_storage/fast_firmware.parquet	planned	2117560	1e31b2d4840541a57e8775b237545672f5dd804ebc700be72471691e2a2394a0	parquet_nontrivial	yes
/home/kmika/Models/EnergyMeasurements/Calibrations/orin_nx_hailo8_01/20260903_083927/m2_off/run_000/collector_storage/fast_firmware.parquet	/home/kmika/Models/EnergyMeasurements/Calibrations/orin_nx_hailo8_01/20260903_083927/m2_off/run_000/collector_storage/fast_firmware.parquet	results/energy/calibrations/full_system_history/orin_nx_hailo8_01/20260903_083927/m2_off/run_000/collector_storage/fast_firmware.parquet	planned	2117512	518e53d112285b35ebe24f9d6a15e71efaa6fe1a31022a49102b491dad680fa6	parquet_nontrivial	yes
/home/kmika/Models/EnergyMeasurements/Calibrations/orin_nx_hailo8_01/20260903_083927/m2_on/run_000/collector_storage/fast_firmware.parquet	/home/kmika/Models/EnergyMeasurements/Calibrations/orin_nx_hailo8_01/20260903_083927/m2_on/run_000/collector_storage/fast_firmware.parquet	results/energy/calibrations/full_system_history/orin_nx_hailo8_01/20260903_083927/m2_on/run_000/collector_storage/fast_firmware.parquet	planned	2117592	e743009a32e42155727227bc212a438fd9729a177c3cd5af133732c4edcccece	parquet_nontrivial	yes
/home/kmika/Models/EvaluationRuns/paper_comparison_resnet50_hailo8_full_native_energy_b500_20260827_105134/reports/native_energy_measurements/measurements/native_full_hailo8__resnet50__full__orin_nx_hailo8_01__59d5c1c9e949/plan_6544d12817564073aff492ac2e3dbae0/attempt_66ba41b82c054d82bde5969cfb0bc1ed/run_000/collector_storage/fast_firmware.parquet	/home/kmika/Models/EvaluationRuns/paper_comparison_resnet50_hailo8_full_native_energy_b500_20260827_105134/reports/native_energy_measurements/measurements/native_full_hailo8__resnet50__full__orin_nx_hailo8_01__59d5c1c9e949/plan_6544d12817564073aff492ac2e3dbae0/attempt_66ba41b82c054d82bde5969cfb0bc1ed/run_000/collector_storage/fast_firmware.parquet	results/paper/paper_comparison_resnet50_hailo8_full_native_energy_b500_20260827_105134/reports/native_energy_measurements/measurements/native_full_hailo8__resnet50__full__orin_nx_hailo8_01__59d5c1c9e949/plan_6544d12817564073aff492ac2e3dbae0/attempt_66ba41b82c054d82bde5969cfb0bc1ed/run_000/collector_storage/fast_firmware.parquet	planned	645473	e1cf37632f21509b856616cd167d2ecd563ee184453231db32e5ced0f2de1f80	parquet_nontrivial	yes
/home/kmika/Models/EvaluationRuns/paper_comparison_resnet50_hailo8_full_native_energy_b500_20260827_105134/reports/native_energy_measurements/measurements/native_full_hailo8__resnet50__full__orin_nx_hailo8_01__59d5c1c9e949/plan_6544d12817564073aff492ac2e3dbae0/attempt_66ba41b82c054d82bde5969cfb0bc1ed/run_001/collector_storage/fast_firmware.parquet	/home/kmika/Models/EvaluationRuns/paper_comparison_resnet50_hailo8_full_native_energy_b500_20260827_105134/reports/native_energy_measurements/measurements/native_full_hailo8__resnet50__full__orin_nx_hailo8_01__59d5c1c9e949/plan_6544d12817564073aff492ac2e3dbae0/attempt_66ba41b82c054d82bde5969cfb0bc1ed/run_001/collector_storage/fast_firmware.parquet	results/paper/paper_comparison_resnet50_hailo8_full_native_energy_b500_20260827_105134/reports/native_energy_measurements/measurements/native_full_hailo8__resnet50__full__orin_nx_hailo8_01__59d5c1c9e949/plan_6544d12817564073aff492ac2e3dbae0/attempt_66ba41b82c054d82bde5969cfb0bc1ed/run_001/collector_storage/fast_firmware.parquet	planned	645441	8f4afb0db78e6b62d0bf038792c72cb0ff2e24ba9c319a5c363b65920afb6643	parquet_nontrivial	yes
/home/kmika/Models/EvaluationRuns/paper_comparison_resnet50_hailo8_full_native_energy_b500_20260827_105134/reports/native_energy_measurements/measurements/native_full_hailo8__resnet50__full__orin_nx_hailo8_01__59d5c1c9e949/plan_6544d12817564073aff492ac2e3dbae0/attempt_66ba41b82c054d82bde5969cfb0bc1ed/run_002/collector_storage/fast_firmware.parquet	/home/kmika/Models/EvaluationRuns/paper_comparison_resnet50_hailo8_full_native_energy_b500_20260827_105134/reports/native_energy_measurements/measurements/native_full_hailo8__resnet50__full__orin_nx_hailo8_01__59d5c1c9e949/plan_6544d12817564073aff492ac2e3dbae0/attempt_66ba41b82c054d82bde5969cfb0bc1ed/run_002/collector_storage/fast_firmware.parquet	results/paper/paper_comparison_resnet50_hailo8_full_native_energy_b500_20260827_105134/reports/native_energy_measurements/measurements/native_full_hailo8__resnet50__full__orin_nx_hailo8_01__59d5c1c9e949/plan_6544d12817564073aff492ac2e3dbae0/attempt_66ba41b82c054d82bde5969cfb0bc1ed/run_002/collector_storage/fast_firmware.parquet	planned	645537	38123cbd15ec68fb277044b50d99327d73fffa75fa0c7a988832cbae67cf77dc	parquet_nontrivial	yes
/home/kmika/Models/EvaluationRuns/paper_comparison_resnet50_hailo8_full_native_energy_b500_20260827_105134/reports/native_energy_measurements/measurements/native_full_tensorrt__resnet50__full__orin_nx_hailo8_01__0868aff8bd8f/plan_6544d12817564073aff492ac2e3dbae0/attempt_65f9ce5f5680467fbfe4805bf8a0f82b/run_000/collector_storage/fast_firmware.parquet	/home/kmika/Models/EvaluationRuns/paper_comparison_resnet50_hailo8_full_native_energy_b500_20260827_105134/reports/native_energy_measurements/measurements/native_full_tensorrt__resnet50__full__orin_nx_hailo8_01__0868aff8bd8f/plan_6544d12817564073aff492ac2e3dbae0/attempt_65f9ce5f5680467fbfe4805bf8a0f82b/run_000/collector_storage/fast_firmware.parquet	results/paper/paper_comparison_resnet50_hailo8_full_native_energy_b500_20260827_105134/reports/native_energy_measurements/measurements/native_full_tensorrt__resnet50__full__orin_nx_hailo8_01__0868aff8bd8f/plan_6544d12817564073aff492ac2e3dbae0/attempt_65f9ce5f5680467fbfe4805bf8a0f82b/run_000/collector_storage/fast_firmware.parquet	planned	654185	c253a1ab29b0789d3031552500478a033484ec6d58d235d1a3d73b9b849b72e2	parquet_nontrivial	yes
/home/kmika/Models/EvaluationRuns/paper_comparison_resnet50_hailo8_full_native_energy_b500_20260827_105134/reports/native_energy_measurements/measurements/native_full_tensorrt__resnet50__full__orin_nx_hailo8_01__0868aff8bd8f/plan_6544d12817564073aff492ac2e3dbae0/attempt_65f9ce5f5680467fbfe4805bf8a0f82b/run_001/collector_storage/fast_firmware.parquet	/home/kmika/Models/EvaluationRuns/paper_comparison_resnet50_hailo8_full_native_energy_b500_20260827_105134/reports/native_energy_measurements/measurements/native_full_tensorrt__resnet50__full__orin_nx_hailo8_01__0868aff8bd8f/plan_6544d12817564073aff492ac2e3dbae0/attempt_65f9ce5f5680467fbfe4805bf8a0f82b/run_001/collector_storage/fast_firmware.parquet	results/paper/paper_comparison_resnet50_hailo8_full_native_energy_b500_20260827_105134/reports/native_energy_measurements/measurements/native_full_tensorrt__resnet50__full__orin_nx_hailo8_01__0868aff8bd8f/plan_6544d12817564073aff492ac2e3dbae0/attempt_65f9ce5f5680467fbfe4805bf8a0f82b/run_001/collector_storage/fast_firmware.parquet	planned	654161	caf3c134d2a9fe5f8aed9de131ba6e1f1892bc2ff733efbe60703bf85af67acb	parquet_nontrivial	yes
/home/kmika/Models/EvaluationRuns/paper_comparison_resnet50_hailo8_full_native_energy_b500_20260827_105134/reports/native_energy_measurements/measurements/native_full_tensorrt__resnet50__full__orin_nx_hailo8_01__0868aff8bd8f/plan_6544d12817564073aff492ac2e3dbae0/attempt_65f9ce5f5680467fbfe4805bf8a0f82b/run_002/collector_storage/fast_firmware.parquet	/home/kmika/Models/EvaluationRuns/paper_comparison_resnet50_hailo8_full_native_energy_b500_20260827_105134/reports/native_energy_measurements/measurements/native_full_tensorrt__resnet50__full__orin_nx_hailo8_01__0868aff8bd8f/plan_6544d12817564073aff492ac2e3dbae0/attempt_65f9ce5f5680467fbfe4805bf8a0f82b/run_002/collector_storage/fast_firmware.parquet	results/paper/paper_comparison_resnet50_hailo8_full_native_energy_b500_20260827_105134/reports/native_energy_measurements/measurements/native_full_tensorrt__resnet50__full__orin_nx_hailo8_01__0868aff8bd8f/plan_6544d12817564073aff492ac2e3dbae0/attempt_65f9ce5f5680467fbfe4805bf8a0f82b/run_002/collector_storage/fast_firmware.parquet	planned	654077	6c463dde4ffe34eae99c8c71afc24e289f4595fe0a80b5b0264cd2c9c934f5cd	parquet_nontrivial	yes
/home/kmika/Models/EvaluationRuns/paper_comparison_yolov7_b066_hailo8_native_full_energy_b500_20260827_110251/reports/native_energy_measurements/measurements/hailo8_to_trt__yolov7_paper__b066__orin_nx_hailo8_01__b4a9dc5882cc/plan_30671fc2278e429f908b23c535f15665/attempt_371677f5b7c94cd699c8d8c041ce10cd/repeat_retry_attempts/repeat_000/attempt_01/run_000/collector_storage/fast_firmware.parquet	/home/kmika/Models/EvaluationRuns/paper_comparison_yolov7_b066_hailo8_native_full_energy_b500_20260827_110251/reports/native_energy_measurements/measurements/hailo8_to_trt__yolov7_paper__b066__orin_nx_hailo8_01__b4a9dc5882cc/plan_30671fc2278e429f908b23c535f15665/attempt_371677f5b7c94cd699c8d8c041ce10cd/repeat_retry_attempts/repeat_000/attempt_01/run_000/collector_storage/fast_firmware.parquet	results/paper/paper_comparison_yolov7_b066_hailo8_native_full_energy_b500_20260827_110251/reports/native_energy_measurements/measurements/hailo8_to_trt__yolov7_paper__b066__orin_nx_hailo8_01__b4a9dc5882cc/plan_30671fc2278e429f908b23c535f15665/attempt_371677f5b7c94cd699c8d8c041ce10cd/repeat_retry_attempts/repeat_000/attempt_01/run_000/collector_storage/fast_firmware.parquet	planned	4	fbc62d3b511368ee275ddc74117d8689b430e1427220e25d30816201d89ca7b6	parquet_small_or_empty	no
/home/kmika/Models/EvaluationRuns/paper_comparison_yolov7_b066_hailo8_native_full_energy_b500_20260827_110251/reports/native_energy_measurements/measurements/hailo8_to_trt__yolov7_paper__b066__orin_nx_hailo8_01__b4a9dc5882cc/plan_30671fc2278e429f908b23c535f15665/attempt_371677f5b7c94cd699c8d8c041ce10cd/repeat_retry_attempts/repeat_001/attempt_01/run_000/collector_storage/fast_firmware.parquet	/home/kmika/Models/EvaluationRuns/paper_comparison_yolov7_b066_hailo8_native_full_energy_b500_20260827_110251/reports/native_energy_measurements/measurements/hailo8_to_trt__yolov7_paper__b066__orin_nx_hailo8_01__b4a9dc5882cc/plan_30671fc2278e429f908b23c535f15665/attempt_371677f5b7c94cd699c8d8c041ce10cd/repeat_retry_attempts/repeat_001/attempt_01/run_000/collector_storage/fast_firmware.parquet	results/paper/paper_comparison_yolov7_b066_hailo8_native_full_energy_b500_20260827_110251/reports/native_energy_measurements/measurements/hailo8_to_trt__yolov7_paper__b066__orin_nx_hailo8_01__b4a9dc5882cc/plan_30671fc2278e429f908b23c535f15665/attempt_371677f5b7c94cd699c8d8c041ce10cd/repeat_retry_attempts/repeat_001/attempt_01/run_000/collector_storage/fast_firmware.parquet	planned	4	fbc62d3b511368ee275ddc74117d8689b430e1427220e25d30816201d89ca7b6	parquet_small_or_empty	no
/home/kmika/Models/EvaluationRuns/paper_comparison_yolov7_b066_hailo8_native_full_energy_b500_20260827_110251/reports/native_energy_measurements/measurements/hailo8_to_trt__yolov7_paper__b066__orin_nx_hailo8_01__b4a9dc5882cc/plan_30671fc2278e429f908b23c535f15665/attempt_371677f5b7c94cd699c8d8c041ce10cd/repeat_retry_attempts/repeat_002/attempt_01/run_000/collector_storage/fast_firmware.parquet	/home/kmika/Models/EvaluationRuns/paper_comparison_yolov7_b066_hailo8_native_full_energy_b500_20260827_110251/reports/native_energy_measurements/measurements/hailo8_to_trt__yolov7_paper__b066__orin_nx_hailo8_01__b4a9dc5882cc/plan_30671fc2278e429f908b23c535f15665/attempt_371677f5b7c94cd699c8d8c041ce10cd/repeat_retry_attempts/repeat_002/attempt_01/run_000/collector_storage/fast_firmware.parquet	results/paper/paper_comparison_yolov7_b066_hailo8_native_full_energy_b500_20260827_110251/reports/native_energy_measurements/measurements/hailo8_to_trt__yolov7_paper__b066__orin_nx_hailo8_01__b4a9dc5882cc/plan_30671fc2278e429f908b23c535f15665/attempt_371677f5b7c94cd699c8d8c041ce10cd/repeat_retry_attempts/repeat_002/attempt_01/run_000/collector_storage/fast_firmware.parquet	planned	4	fbc62d3b511368ee275ddc74117d8689b430e1427220e25d30816201d89ca7b6	parquet_small_or_empty	no
/home/kmika/Models/EvaluationRuns/paper_comparison_yolov7_b066_hailo8_native_full_energy_b500_20260827_110251/reports/native_energy_measurements/measurements/hailo8_to_trt__yolov7_paper__b066__orin_nx_hailo8_01__b4a9dc5882cc/plan_30671fc2278e429f908b23c535f15665/attempt_371677f5b7c94cd699c8d8c041ce10cd/run_000/collector_storage/fast_firmware.parquet	/home/kmika/Models/EvaluationRuns/paper_comparison_yolov7_b066_hailo8_native_full_energy_b500_20260827_110251/reports/native_energy_measurements/measurements/hailo8_to_trt__yolov7_paper__b066__orin_nx_hailo8_01__b4a9dc5882cc/plan_30671fc2278e429f908b23c535f15665/attempt_371677f5b7c94cd699c8d8c041ce10cd/run_000/collector_storage/fast_firmware.parquet	results/paper/paper_comparison_yolov7_b066_hailo8_native_full_energy_b500_20260827_110251/reports/native_energy_measurements/measurements/hailo8_to_trt__yolov7_paper__b066__orin_nx_hailo8_01__b4a9dc5882cc/plan_30671fc2278e429f908b23c535f15665/attempt_371677f5b7c94cd699c8d8c041ce10cd/run_000/collector_storage/fast_firmware.parquet	planned	4	fbc62d3b511368ee275ddc74117d8689b430e1427220e25d30816201d89ca7b6	parquet_small_or_empty	no
/home/kmika/Models/EvaluationRuns/paper_comparison_yolov7_b066_hailo8_native_full_energy_b500_20260827_110251/reports/native_energy_measurements/measurements/hailo8_to_trt__yolov7_paper__b066__orin_nx_hailo8_01__b4a9dc5882cc/plan_30671fc2278e429f908b23c535f15665/attempt_371677f5b7c94cd699c8d8c041ce10cd/run_001/collector_storage/fast_firmware.parquet	/home/kmika/Models/EvaluationRuns/paper_comparison_yolov7_b066_hailo8_native_full_energy_b500_20260827_110251/reports/native_energy_measurements/measurements/hailo8_to_trt__yolov7_paper__b066__orin_nx_hailo8_01__b4a9dc5882cc/plan_30671fc2278e429f908b23c535f15665/attempt_371677f5b7c94cd699c8d8c041ce10cd/run_001/collector_storage/fast_firmware.parquet	results/paper/paper_comparison_yolov7_b066_hailo8_native_full_energy_b500_20260827_110251/reports/native_energy_measurements/measurements/hailo8_to_trt__yolov7_paper__b066__orin_nx_hailo8_01__b4a9dc5882cc/plan_30671fc2278e429f908b23c535f15665/attempt_371677f5b7c94cd699c8d8c041ce10cd/run_001/collector_storage/fast_firmware.parquet	planned	4	fbc62d3b511368ee275ddc74117d8689b430e1427220e25d30816201d89ca7b6	parquet_small_or_empty	no
/home/kmika/Models/EvaluationRuns/paper_comparison_yolov7_b066_hailo8_native_full_energy_b500_20260827_110251/reports/native_energy_measurements/measurements/hailo8_to_trt__yolov7_paper__b066__orin_nx_hailo8_01__b4a9dc5882cc/plan_30671fc2278e429f908b23c535f15665/attempt_371677f5b7c94cd699c8d8c041ce10cd/run_002/collector_storage/fast_firmware.parquet	/home/kmika/Models/EvaluationRuns/paper_comparison_yolov7_b066_hailo8_native_full_energy_b500_20260827_110251/reports/native_energy_measurements/measurements/hailo8_to_trt__yolov7_paper__b066__orin_nx_hailo8_01__b4a9dc5882cc/plan_30671fc2278e429f908b23c535f15665/attempt_371677f5b7c94cd699c8d8c041ce10cd/run_002/collector_storage/fast_firmware.parquet	results/paper/paper_comparison_yolov7_b066_hailo8_native_full_energy_b500_20260827_110251/reports/native_energy_measurements/measurements/hailo8_to_trt__yolov7_paper__b066__orin_nx_hailo8_01__b4a9dc5882cc/plan_30671fc2278e429f908b23c535f15665/attempt_371677f5b7c94cd699c8d8c041ce10cd/run_002/collector_storage/fast_firmware.parquet	planned	4	fbc62d3b511368ee275ddc74117d8689b430e1427220e25d30816201d89ca7b6	parquet_small_or_empty	no
/home/kmika/Models/EvaluationRuns/paper_comparison_yolov7_b066_hailo8_native_full_energy_b500_20260827_110251/reports/native_energy_measurements/measurements/native_full_hailo8__yolov7_paper__full__orin_nx_hailo8_01__9b0225ee3618/plan_30671fc2278e429f908b23c535f15665/attempt_d3eb0b283acf4688855ac59b14156b7e/repeat_retry_attempts/repeat_000/attempt_01/run_000/collector_storage/fast_firmware.parquet	/home/kmika/Models/EvaluationRuns/paper_comparison_yolov7_b066_hailo8_native_full_energy_b500_20260827_110251/reports/native_energy_measurements/measurements/native_full_hailo8__yolov7_paper__full__orin_nx_hailo8_01__9b0225ee3618/plan_30671fc2278e429f908b23c535f15665/attempt_d3eb0b283acf4688855ac59b14156b7e/repeat_retry_attempts/repeat_000/attempt_01/run_000/collector_storage/fast_firmware.parquet	results/paper/paper_comparison_yolov7_b066_hailo8_native_full_energy_b500_20260827_110251/reports/native_energy_measurements/measurements/native_full_hailo8__yolov7_paper__full__orin_nx_hailo8_01__9b0225ee3618/plan_30671fc2278e429f908b23c535f15665/attempt_d3eb0b283acf4688855ac59b14156b7e/repeat_retry_attempts/repeat_000/attempt_01/run_000/collector_storage/fast_firmware.parquet	planned	4	fbc62d3b511368ee275ddc74117d8689b430e1427220e25d30816201d89ca7b6	parquet_small_or_empty	no
/home/kmika/Models/EvaluationRuns/paper_comparison_yolov7_b066_hailo8_native_full_energy_b500_20260827_110251/reports/native_energy_measurements/measurements/native_full_hailo8__yolov7_paper__full__orin_nx_hailo8_01__9b0225ee3618/plan_30671fc2278e429f908b23c535f15665/attempt_d3eb0b283acf4688855ac59b14156b7e/repeat_retry_attempts/repeat_001/attempt_01/run_000/collector_storage/fast_firmware.parquet	/home/kmika/Models/EvaluationRuns/paper_comparison_yolov7_b066_hailo8_native_full_energy_b500_20260827_110251/reports/native_energy_measurements/measurements/native_full_hailo8__yolov7_paper__full__orin_nx_hailo8_01__9b0225ee3618/plan_30671fc2278e429f908b23c535f15665/attempt_d3eb0b283acf4688855ac59b14156b7e/repeat_retry_attempts/repeat_001/attempt_01/run_000/collector_storage/fast_firmware.parquet	results/paper/paper_comparison_yolov7_b066_hailo8_native_full_energy_b500_20260827_110251/reports/native_energy_measurements/measurements/native_full_hailo8__yolov7_paper__full__orin_nx_hailo8_01__9b0225ee3618/plan_30671fc2278e429f908b23c535f15665/attempt_d3eb0b283acf4688855ac59b14156b7e/repeat_retry_attempts/repeat_001/attempt_01/run_000/collector_storage/fast_firmware.parquet	planned	4	fbc62d3b511368ee275ddc74117d8689b430e1427220e25d30816201d89ca7b6	parquet_small_or_empty	no
/home/kmika/Models/EvaluationRuns/paper_comparison_yolov7_b066_hailo8_native_full_energy_b500_20260827_110251/reports/native_energy_measurements/measurements/native_full_hailo8__yolov7_paper__full__orin_nx_hailo8_01__9b0225ee3618/plan_30671fc2278e429f908b23c535f15665/attempt_d3eb0b283acf4688855ac59b14156b7e/repeat_retry_attempts/repeat_002/attempt_01/run_000/collector_storage/fast_firmware.parquet	/home/kmika/Models/EvaluationRuns/paper_comparison_yolov7_b066_hailo8_native_full_energy_b500_20260827_110251/reports/native_energy_measurements/measurements/native_full_hailo8__yolov7_paper__full__orin_nx_hailo8_01__9b0225ee3618/plan_30671fc2278e429f908b23c535f15665/attempt_d3eb0b283acf4688855ac59b14156b7e/repeat_retry_attempts/repeat_002/attempt_01/run_000/collector_storage/fast_firmware.parquet	results/paper/paper_comparison_yolov7_b066_hailo8_native_full_energy_b500_20260827_110251/reports/native_energy_measurements/measurements/native_full_hailo8__yolov7_paper__full__orin_nx_hailo8_01__9b0225ee3618/plan_30671fc2278e429f908b23c535f15665/attempt_d3eb0b283acf4688855ac59b14156b7e/repeat_retry_attempts/repeat_002/attempt_01/run_000/collector_storage/fast_firmware.parquet	planned	4	fbc62d3b511368ee275ddc74117d8689b430e1427220e25d30816201d89ca7b6	parquet_small_or_empty	no
/home/kmika/Models/EvaluationRuns/paper_comparison_yolov7_b066_hailo8_native_full_energy_b500_20260827_110251/reports/native_energy_measurements/measurements/native_full_hailo8__yolov7_paper__full__orin_nx_hailo8_01__9b0225ee3618/plan_30671fc2278e429f908b23c535f15665/attempt_d3eb0b283acf4688855ac59b14156b7e/run_000/collector_storage/fast_firmware.parquet	/home/kmika/Models/EvaluationRuns/paper_comparison_yolov7_b066_hailo8_native_full_energy_b500_20260827_110251/reports/native_energy_measurements/measurements/native_full_hailo8__yolov7_paper__full__orin_nx_hailo8_01__9b0225ee3618/plan_30671fc2278e429f908b23c535f15665/attempt_d3eb0b283acf4688855ac59b14156b7e/run_000/collector_storage/fast_firmware.parquet	results/paper/paper_comparison_yolov7_b066_hailo8_native_full_energy_b500_20260827_110251/reports/native_energy_measurements/measurements/native_full_hailo8__yolov7_paper__full__orin_nx_hailo8_01__9b0225ee3618/plan_30671fc2278e429f908b23c535f15665/attempt_d3eb0b283acf4688855ac59b14156b7e/run_000/collector_storage/fast_firmware.parquet	planned	4	fbc62d3b511368ee275ddc74117d8689b430e1427220e25d30816201d89ca7b6	parquet_small_or_empty	no
/home/kmika/Models/EvaluationRuns/paper_comparison_yolov7_b066_hailo8_native_full_energy_b500_20260827_110251/reports/native_energy_measurements/measurements/native_full_hailo8__yolov7_paper__full__orin_nx_hailo8_01__9b0225ee3618/plan_30671fc2278e429f908b23c535f15665/attempt_d3eb0b283acf4688855ac59b14156b7e/run_001/collector_storage/fast_firmware.parquet	/home/kmika/Models/EvaluationRuns/paper_comparison_yolov7_b066_hailo8_native_full_energy_b500_20260827_110251/reports/native_energy_measurements/measurements/native_full_hailo8__yolov7_paper__full__orin_nx_hailo8_01__9b0225ee3618/plan_30671fc2278e429f908b23c535f15665/attempt_d3eb0b283acf4688855ac59b14156b7e/run_001/collector_storage/fast_firmware.parquet	results/paper/paper_comparison_yolov7_b066_hailo8_native_full_energy_b500_20260827_110251/reports/native_energy_measurements/measurements/native_full_hailo8__yolov7_paper__full__orin_nx_hailo8_01__9b0225ee3618/plan_30671fc2278e429f908b23c535f15665/attempt_d3eb0b283acf4688855ac59b14156b7e/run_001/collector_storage/fast_firmware.parquet	planned	4	fbc62d3b511368ee275ddc74117d8689b430e1427220e25d30816201d89ca7b6	parquet_small_or_empty	no
/home/kmika/Models/EvaluationRuns/paper_comparison_yolov7_b066_hailo8_native_full_energy_b500_20260827_110251/reports/native_energy_measurements/measurements/native_full_hailo8__yolov7_paper__full__orin_nx_hailo8_01__9b0225ee3618/plan_30671fc2278e429f908b23c535f15665/attempt_d3eb0b283acf4688855ac59b14156b7e/run_002/collector_storage/fast_firmware.parquet	/home/kmika/Models/EvaluationRuns/paper_comparison_yolov7_b066_hailo8_native_full_energy_b500_20260827_110251/reports/native_energy_measurements/measurements/native_full_hailo8__yolov7_paper__full__orin_nx_hailo8_01__9b0225ee3618/plan_30671fc2278e429f908b23c535f15665/attempt_d3eb0b283acf4688855ac59b14156b7e/run_002/collector_storage/fast_firmware.parquet	results/paper/paper_comparison_yolov7_b066_hailo8_native_full_energy_b500_20260827_110251/reports/native_energy_measurements/measurements/native_full_hailo8__yolov7_paper__full__orin_nx_hailo8_01__9b0225ee3618/plan_30671fc2278e429f908b23c535f15665/attempt_d3eb0b283acf4688855ac59b14156b7e/run_002/collector_storage/fast_firmware.parquet	planned	4	fbc62d3b511368ee275ddc74117d8689b430e1427220e25d30816201d89ca7b6	parquet_small_or_empty	no
/home/kmika/Models/EvaluationRuns/paper_comparison_yolov7_b066_hailo8_native_full_energy_b500_20260827_110251/reports/native_energy_measurements/measurements/native_full_tensorrt__yolov7_paper__full__orin_nx_hailo8_01__5d969ecc44a9/plan_30671fc2278e429f908b23c535f15665/attempt_c8ed1363e5634d3c93bf87f47e10ada5/repeat_retry_attempts/repeat_000/attempt_01/run_000/collector_storage/fast_firmware.parquet	/home/kmika/Models/EvaluationRuns/paper_comparison_yolov7_b066_hailo8_native_full_energy_b500_20260827_110251/reports/native_energy_measurements/measurements/native_full_tensorrt__yolov7_paper__full__orin_nx_hailo8_01__5d969ecc44a9/plan_30671fc2278e429f908b23c535f15665/attempt_c8ed1363e5634d3c93bf87f47e10ada5/repeat_retry_attempts/repeat_000/attempt_01/run_000/collector_storage/fast_firmware.parquet	results/paper/paper_comparison_yolov7_b066_hailo8_native_full_energy_b500_20260827_110251/reports/native_energy_measurements/measurements/native_full_tensorrt__yolov7_paper__full__orin_nx_hailo8_01__5d969ecc44a9/plan_30671fc2278e429f908b23c535f15665/attempt_c8ed1363e5634d3c93bf87f47e10ada5/repeat_retry_attempts/repeat_000/attempt_01/run_000/collector_storage/fast_firmware.parquet	planned	4	fbc62d3b511368ee275ddc74117d8689b430e1427220e25d30816201d89ca7b6	parquet_small_or_empty	no
/home/kmika/Models/EvaluationRuns/paper_comparison_yolov7_b066_hailo8_native_full_energy_b500_20260827_110251/reports/native_energy_measurements/measurements/native_full_tensorrt__yolov7_paper__full__orin_nx_hailo8_01__5d969ecc44a9/plan_30671fc2278e429f908b23c535f15665/attempt_c8ed1363e5634d3c93bf87f47e10ada5/repeat_retry_attempts/repeat_001/attempt_01/run_000/collector_storage/fast_firmware.parquet	/home/kmika/Models/EvaluationRuns/paper_comparison_yolov7_b066_hailo8_native_full_energy_b500_20260827_110251/reports/native_energy_measurements/measurements/native_full_tensorrt__yolov7_paper__full__orin_nx_hailo8_01__5d969ecc44a9/plan_30671fc2278e429f908b23c535f15665/attempt_c8ed1363e5634d3c93bf87f47e10ada5/repeat_retry_attempts/repeat_001/attempt_01/run_000/collector_storage/fast_firmware.parquet	results/paper/paper_comparison_yolov7_b066_hailo8_native_full_energy_b500_20260827_110251/reports/native_energy_measurements/measurements/native_full_tensorrt__yolov7_paper__full__orin_nx_hailo8_01__5d969ecc44a9/plan_30671fc2278e429f908b23c535f15665/attempt_c8ed1363e5634d3c93bf87f47e10ada5/repeat_retry_attempts/repeat_001/attempt_01/run_000/collector_storage/fast_firmware.parquet	planned	4	fbc62d3b511368ee275ddc74117d8689b430e1427220e25d30816201d89ca7b6	parquet_small_or_empty	no
/home/kmika/Models/EvaluationRuns/paper_comparison_yolov7_b066_hailo8_native_full_energy_b500_20260827_110251/reports/native_energy_measurements/measurements/native_full_tensorrt__yolov7_paper__full__orin_nx_hailo8_01__5d969ecc44a9/plan_30671fc2278e429f908b23c535f15665/attempt_c8ed1363e5634d3c93bf87f47e10ada5/repeat_retry_attempts/repeat_002/attempt_01/run_000/collector_storage/fast_firmware.parquet	/home/kmika/Models/EvaluationRuns/paper_comparison_yolov7_b066_hailo8_native_full_energy_b500_20260827_110251/reports/native_energy_measurements/measurements/native_full_tensorrt__yolov7_paper__full__orin_nx_hailo8_01__5d969ecc44a9/plan_30671fc2278e429f908b23c535f15665/attempt_c8ed1363e5634d3c93bf87f47e10ada5/repeat_retry_attempts/repeat_002/attempt_01/run_000/collector_storage/fast_firmware.parquet	results/paper/paper_comparison_yolov7_b066_hailo8_native_full_energy_b500_20260827_110251/reports/native_energy_measurements/measurements/native_full_tensorrt__yolov7_paper__full__orin_nx_hailo8_01__5d969ecc44a9/plan_30671fc2278e429f908b23c535f15665/attempt_c8ed1363e5634d3c93bf87f47e10ada5/repeat_retry_attempts/repeat_002/attempt_01/run_000/collector_storage/fast_firmware.parquet	planned	4	fbc62d3b511368ee275ddc74117d8689b430e1427220e25d30816201d89ca7b6	parquet_small_or_empty	no
/home/kmika/Models/EvaluationRuns/paper_comparison_yolov7_b066_hailo8_native_full_energy_b500_20260827_110251/reports/native_energy_measurements/measurements/native_full_tensorrt__yolov7_paper__full__orin_nx_hailo8_01__5d969ecc44a9/plan_30671fc2278e429f908b23c535f15665/attempt_c8ed1363e5634d3c93bf87f47e10ada5/run_000/collector_storage/fast_firmware.parquet	/home/kmika/Models/EvaluationRuns/paper_comparison_yolov7_b066_hailo8_native_full_energy_b500_20260827_110251/reports/native_energy_measurements/measurements/native_full_tensorrt__yolov7_paper__full__orin_nx_hailo8_01__5d969ecc44a9/plan_30671fc2278e429f908b23c535f15665/attempt_c8ed1363e5634d3c93bf87f47e10ada5/run_000/collector_storage/fast_firmware.parquet	results/paper/paper_comparison_yolov7_b066_hailo8_native_full_energy_b500_20260827_110251/reports/native_energy_measurements/measurements/native_full_tensorrt__yolov7_paper__full__orin_nx_hailo8_01__5d969ecc44a9/plan_30671fc2278e429f908b23c535f15665/attempt_c8ed1363e5634d3c93bf87f47e10ada5/run_000/collector_storage/fast_firmware.parquet	planned	4	fbc62d3b511368ee275ddc74117d8689b430e1427220e25d30816201d89ca7b6	parquet_small_or_empty	no
/home/kmika/Models/EvaluationRuns/paper_comparison_yolov7_b066_hailo8_native_full_energy_b500_20260827_110251/reports/native_energy_measurements/measurements/native_full_tensorrt__yolov7_paper__full__orin_nx_hailo8_01__5d969ecc44a9/plan_30671fc2278e429f908b23c535f15665/attempt_c8ed1363e5634d3c93bf87f47e10ada5/run_001/collector_storage/fast_firmware.parquet	/home/kmika/Models/EvaluationRuns/paper_comparison_yolov7_b066_hailo8_native_full_energy_b500_20260827_110251/reports/native_energy_measurements/measurements/native_full_tensorrt__yolov7_paper__full__orin_nx_hailo8_01__5d969ecc44a9/plan_30671fc2278e429f908b23c535f15665/attempt_c8ed1363e5634d3c93bf87f47e10ada5/run_001/collector_storage/fast_firmware.parquet	results/paper/paper_comparison_yolov7_b066_hailo8_native_full_energy_b500_20260827_110251/reports/native_energy_measurements/measurements/native_full_tensorrt__yolov7_paper__full__orin_nx_hailo8_01__5d969ecc44a9/plan_30671fc2278e429f908b23c535f15665/attempt_c8ed1363e5634d3c93bf87f47e10ada5/run_001/collector_storage/fast_firmware.parquet	planned	4	fbc62d3b511368ee275ddc74117d8689b430e1427220e25d30816201d89ca7b6	parquet_small_or_empty	no
/home/kmika/Models/EvaluationRuns/paper_comparison_yolov7_b066_hailo8_native_full_energy_b500_20260827_110251/reports/native_energy_measurements/measurements/native_full_tensorrt__yolov7_paper__full__orin_nx_hailo8_01__5d969ecc44a9/plan_30671fc2278e429f908b23c535f15665/attempt_c8ed1363e5634d3c93bf87f47e10ada5/run_002/collector_storage/fast_firmware.parquet	/home/kmika/Models/EvaluationRuns/paper_comparison_yolov7_b066_hailo8_native_full_energy_b500_20260827_110251/reports/native_energy_measurements/measurements/native_full_tensorrt__yolov7_paper__full__orin_nx_hailo8_01__5d969ecc44a9/plan_30671fc2278e429f908b23c535f15665/attempt_c8ed1363e5634d3c93bf87f47e10ada5/run_002/collector_storage/fast_firmware.parquet	results/paper/paper_comparison_yolov7_b066_hailo8_native_full_energy_b500_20260827_110251/reports/native_energy_measurements/measurements/native_full_tensorrt__yolov7_paper__full__orin_nx_hailo8_01__5d969ecc44a9/plan_30671fc2278e429f908b23c535f15665/attempt_c8ed1363e5634d3c93bf87f47e10ada5/run_002/collector_storage/fast_firmware.parquet	planned	4	fbc62d3b511368ee275ddc74117d8689b430e1427220e25d30816201d89ca7b6	parquet_small_or_empty	no
/home/kmika/Models/EvaluationRuns/paper_comparison_yolov7_b066_hailo8_native_full_energy_b500_20260827_110251/reports/window_method_validation_probe/attempts/20260827T095446_478761Z_97b44f361c9f/measurement/repeat_000/attempt_00/run_000/collector_storage/fast_firmware.parquet	/home/kmika/Models/EvaluationRuns/paper_comparison_yolov7_b066_hailo8_native_full_energy_b500_20260827_110251/reports/window_method_validation_probe/attempts/20260827T095446_478761Z_97b44f361c9f/measurement/repeat_000/attempt_00/run_000/collector_storage/fast_firmware.parquet	results/paper/paper_comparison_yolov7_b066_hailo8_native_full_energy_b500_20260827_110251/reports/window_method_validation_probe/attempts/20260827T095446_478761Z_97b44f361c9f/measurement/repeat_000/attempt_00/run_000/collector_storage/fast_firmware.parquet	planned	669334	078c7e07a7e3fd1af85d99d40de0da02c577650fca50e712d7ab5f8196a6a89e	parquet_nontrivial	yes
