workload_id,workload_label,source,signal,rank,frequency_hz,density,relative_db,prominence_db
yoloint8,YOLO-INT8,tek,current,1,329.01763916015625,0.0030086265182145307,0.0,79.85462491197224
yoloint8,YOLO-INT8,tek,current,2,662.8036499023438,0.0006803470686256465,-6.456377611777356,51.045937636626874
yoloint8,YOLO-INT8,tek,current,3,991.8212890625,0.0002897223774984922,-10.163862386653786,45.575155542919035
yoloint8,YOLO-INT8,tek,current,4,3972.0535278320312,0.00025432469551069586,-10.729797458715243,46.28457191587125
yoloint8,YOLO-INT8,tek,current,5,2646.4462280273438,0.00014366976587835146,-13.210028950397305,42.55363175323216
yoloint8,YOLO-INT8,tek,current,6,1654.6249389648438,0.00014283646714137712,-13.235291790922506,43.67619914387716
yoloint8,YOLO-INT8,tek,current,7,4634.857177734375,0.00012716070824397147,-13.740153409550398,38.77397814184668
yoloint8,YOLO-INT8,tek,current,8,6952.2857666015625,0.00012652205942098544,-13.76202026698115,40.417643030544895
yoloint8,YOLO-INT8,tek,power,1,329.01763916015625,1.0756276774780995,0.0,83.97048066997606
yoloint8,YOLO-INT8,tek,power,2,662.8036499023438,0.24316731888966928,-6.457567623538251,51.130016043129544
yoloint8,YOLO-INT8,tek,power,3,991.8212890625,0.10384195646010969,-10.152891067630074,45.63018929092359
yoloint8,YOLO-INT8,tek,power,4,3972.0535278320312,0.09082594952753308,-10.734520218981123,46.328573693465174
yoloint8,YOLO-INT8,tek,power,5,2646.4462280273438,0.05136658160003239,-13.209813039517124,42.594377228554954
yoloint8,YOLO-INT8,tek,power,6,1654.6249389648438,0.050940687914891175,-13.245971632483402,43.719167048416196
yoloint8,YOLO-INT8,tek,power,7,4634.857177734375,0.04537859933850287,-13.748108819609339,38.79062391817187
yoloint8,YOLO-INT8,tek,power,8,6952.2857666015625,0.04514920268092035,-13.770118835001186,40.4456116036361
yoloint8,YOLO-INT8,pico,current,1,329.01763916015625,0.002947237605164806,0.0,70.91097555270684
yoloint8,YOLO-INT8,pico,current,2,662.8036499023438,0.0006748059745526189,-6.402362308538947,51.157267624907796
yoloint8,YOLO-INT8,pico,current,3,991.8212890625,0.00028836605087395617,-10.094710200333814,45.582870320284776
yoloint8,YOLO-INT8,pico,current,4,3972.0535278320312,0.0002489304818381146,-10.73337070167235,46.23471404445353
yoloint8,YOLO-INT8,pico,current,5,1654.6249389648438,0.00014195056158580158,-13.172780348917044,43.575353841862935
yoloint8,YOLO-INT8,pico,current,6,2646.4462280273438,0.00014084006545448275,-13.206889316821737,42.58355506703972
yoloint8,YOLO-INT8,pico,current,7,4634.857177734375,0.00012483831956847083,-13.73067235861761,38.810137798704574
yoloint8,YOLO-INT8,pico,current,8,6952.2857666015625,0.00012315408171640206,-13.789663396072683,40.469516508737826
yoloint8,YOLO-INT8,pico,power,1,329.01763916015625,1.053242555772519,0.0,82.31439351321666
yoloint8,YOLO-INT8,pico,power,2,662.8036499023438,0.24108637415159287,-6.403557328701396,51.219074375044045
yoloint8,YOLO-INT8,pico,power,3,991.8212890625,0.10334483719697352,-10.08239612819015,45.617886716471276
yoloint8,YOLO-INT8,pico,power,4,3972.0535278320312,0.0888767633660898,-10.737401677782717,46.25897122304163
yoloint8,YOLO-INT8,pico,power,5,1654.6249389648438,0.05062364397652544,-13.181749950463955,43.59912066345425
yoloint8,YOLO-INT8,pico,power,6,2646.4462280273438,0.05035492939042776,-13.204864069337225,42.606164866773995
yoloint8,YOLO-INT8,pico,power,7,4634.857177734375,0.044561896561631203,-13.735647320503743,38.81972875624469
yoloint8,YOLO-INT8,pico,power,8,6952.2857666015625,0.04395428234095503,-13.795272047041847,40.483653912052056
