workload_id,workload_label,source,signal,band,band_low_hz,band_high_hz,variance_fraction,variance_percent
yoloint8,YOLO-INT8,tek,current,0–100 Hz,0.0,100.0,3.3712598187185943e-06,0.00033712598187185945
yoloint8,YOLO-INT8,tek,current,100 Hz–1 kHz,100.0,1000.0,0.24272414173516554,24.272414173516555
yoloint8,YOLO-INT8,tek,current,1–10 kHz,1000.0,10000.0,0.12258032292698146,12.258032292698145
yoloint8,YOLO-INT8,tek,current,10–77 kHz,10000.0,77000.0,0.2451381488228649,24.51381488228649
yoloint8,YOLO-INT8,tek,current,77–500 kHz,77000.0,500000.0,0.37773472808653097,37.773472808653096
yoloint8,YOLO-INT8,tek,current,500 kHz–2.5 MHz,500000.0,2500000.0,0.009163229679162114,0.9163229679162114
yoloint8,YOLO-INT8,tek,power,0–100 Hz,0.0,100.0,3.1613450377583383e-06,0.00031613450377583385
yoloint8,YOLO-INT8,tek,power,100 Hz–1 kHz,100.0,1000.0,0.24319812216941253,24.31981221694125
yoloint8,YOLO-INT8,tek,power,1–10 kHz,1000.0,10000.0,0.12263447316065247,12.263447316065248
yoloint8,YOLO-INT8,tek,power,10–77 kHz,10000.0,77000.0,0.24495746128152415,24.495746128152415
yoloint8,YOLO-INT8,tek,power,77–500 kHz,77000.0,500000.0,0.37738476144331234,37.73847614433124
yoloint8,YOLO-INT8,tek,power,500 kHz–2.5 MHz,500000.0,2500000.0,0.009154198997167514,0.9154198997167514
yoloint8,YOLO-INT8,pico,current,0–100 Hz,0.0,100.0,4.6849669982563435e-06,0.00046849669982563434
yoloint8,YOLO-INT8,pico,current,100 Hz–1 kHz,100.0,1000.0,0.3337883924173804,33.37883924173804
yoloint8,YOLO-INT8,pico,current,1–10 kHz,1000.0,10000.0,0.16785441284175925,16.785441284175924
yoloint8,YOLO-INT8,pico,current,10–77 kHz,10000.0,77000.0,0.30613578812552095,30.613578812552095
yoloint8,YOLO-INT8,pico,current,77–500 kHz,77000.0,500000.0,0.18837463376745614,18.837463376745614
yoloint8,YOLO-INT8,pico,current,500 kHz–2.5 MHz,500000.0,2500000.0,0.00012498095147317066,0.012498095147317066
yoloint8,YOLO-INT8,pico,power,0–100 Hz,0.0,100.0,4.453617115204624e-06,0.0004453617115204624
yoloint8,YOLO-INT8,pico,power,100 Hz–1 kHz,100.0,1000.0,0.3340276172999943,33.40276172999943
yoloint8,YOLO-INT8,pico,power,1–10 kHz,1000.0,10000.0,0.1678037385454212,16.78037385454212
yoloint8,YOLO-INT8,pico,power,10–77 kHz,10000.0,77000.0,0.3059516572515644,30.59516572515644
yoloint8,YOLO-INT8,pico,power,77–500 kHz,77000.0,500000.0,0.18835769063115718,18.835769063115716
yoloint8,YOLO-INT8,pico,power,500 kHz–2.5 MHz,500000.0,2500000.0,0.00012473834852989296,0.012473834852989295
