path,size_bytes,sha256
JOURNAL_ANALYSIS_SUMMARY.md,1881,2e048e88e173d3df5876d53fcc2d57b1954e05bf5ce85d4948becc1a4990ef37
JOURNAL_METHODS.md,8659,10532f9afa93cfdb70dad93fc2cb07083f9b59d6ba2803d781689e70a7fcf1e3
REVIEW_BUNDLE_NOTICE.md,300,397452429001ffb8c3ed4606ec73b3f1235d82196da0abd3572a601b97cc1c43
cross_platform_psd/CROSS_PLATFORM_PSD_SUMMARY.md,856,53a94954e004d9ed457c2cd8f138740cd06ca59c26c3f5ceda5cdb5ce81cfa8e
cross_platform_psd/data/curves/Hailo-10__gemm__pico__power__active__full_record.csv,277706,50b7864238524e921eefffb7db09bc5bdad6cf562e847de3a1f4b4e93b45e641
cross_platform_psd/data/curves/Hailo-10__gemm__pico__power__active__matched_prefix.csv,279408,77673572f14ebbb113c748f9badbb8e1e7a388a1c00762bcb145d94d36e36244
cross_platform_psd/data/curves/Hailo-10__gemm__pico__power__excess__full_record.csv,259040,3474bc92e00d1f191bfc960072f30e7f3198ef64c78d16eca8a842204db95383
cross_platform_psd/data/curves/Hailo-10__gemm__pico__power__excess__matched_prefix.csv,260114,7c73aa9edfdc9a3a53263b9f66e5070ef55d94aadf835843f0fb872382a3346d
cross_platform_psd/data/curves/Hailo-10__gemm__pico__power__idle__full_record.csv,286554,1361520ad3f8a464e959c06b5307699828a8814b7a231c6eba7e5939f98ffe77
cross_platform_psd/data/curves/Hailo-10__gemm__pico__power__idle__matched_prefix.csv,286554,1361520ad3f8a464e959c06b5307699828a8814b7a231c6eba7e5939f98ffe77
cross_platform_psd/data/curves/Hailo-10__yolo__pico__power__active__full_record.csv,252603,669146555449df223601a65e6ce1e1ca225f575b06227bec76fe7ff965f79944
cross_platform_psd/data/curves/Hailo-10__yolo__pico__power__active__matched_prefix.csv,262797,6ee8d51e9b05dcc767fc95dec2feca764d504b9ad80b4ed0547e24694c8f3111
cross_platform_psd/data/curves/Hailo-10__yolo__pico__power__excess__full_record.csv,243137,5d626ebd185d373b1afd51170abfe6203cadeb5adb7fa335f909a5403c8ceeff
cross_platform_psd/data/curves/Hailo-10__yolo__pico__power__excess__matched_prefix.csv,253585,702fee6c5f2b1e3d95dba79796aba156102fc98b5fcbb5a2ad0cc2df9fbd08c1
cross_platform_psd/data/curves/Hailo-10__yolo__pico__power__idle__full_record.csv,288031,afe7f320f0c363aced34e7b0960824d7b2f148a6dace59f3cd4579007bd1a1fa
cross_platform_psd/data/curves/Hailo-10__yolo__pico__power__idle__matched_prefix.csv,288031,afe7f320f0c363aced34e7b0960824d7b2f148a6dace59f3cd4579007bd1a1fa
cross_platform_psd/data/curves/README.md,259,126e59014c2557092606b611cb3d380deb0ada05d90370c44d6fbb3e9b782027
cross_platform_psd/data/platform_spectral_metrics.csv,7622,8f0909bdf2e78c67317cef83acddfb179afeef3ce7972802be7c3e1b01e14370
cross_platform_psd/figures/hailo_power_active_cumulative.pdf,17342,50f55109fc8076f3f0879b32d04fb7575975d1914c261eb19a6ad946a0f6e0ea
cross_platform_psd/figures/hailo_power_active_cumulative.png,103220,95e2fa06a48ad82cac5059218c70a5af293d52c999999708e09c63ed9cc29587
cross_platform_psd/figures/hailo_power_active_psd.pdf,59686,d559bcd124e0a1db7291cfd257c817837a4f21c527bc1758e5344bd05bd4d44d
cross_platform_psd/figures/hailo_power_active_psd.png,238186,8605e307dce152c05908da07c8a1a7db708572150b9c9cbbb650a32d70c7c16f
cross_platform_psd/figures/hailo_power_excess_cumulative.pdf,17530,a61bdb0f51d916734919aad2db4d6328c5a147151b49ca648440719f453110d0
cross_platform_psd/figures/hailo_power_excess_cumulative.png,104532,8aa7b5f4ee01c845aac8f2637a0b88917f415825f9d7736940e33f0c739a7d8c
cross_platform_psd/figures/hailo_power_excess_psd.pdf,58331,52982b2741c6ea21045893a03f2f106929fb45fc8dac2f4c0e31d4d53fdbc274
cross_platform_psd/figures/hailo_power_excess_psd.png,282189,3b6711eaaad1a064d7ab34b7594259ee7676dab42df241ac59aab5cd8da63511
cross_platform_psd/figures/jetson_vs_hailo_pico_power_active_conditional_0_77khz.pdf,36577,b2e5ab7f505c3068b2669d40863bbb9965797465e448e1326790039f487ffa2a
cross_platform_psd/figures/jetson_vs_hailo_pico_power_active_conditional_0_77khz.png,213613,5341bf0d748f92d115f7743be2805c77cb5a67cdffe646d51472c76ce1ebb885
cross_platform_psd/figures/jetson_vs_hailo_pico_power_active_cumulative_exploratory.pdf,37579,d31f829fea4bc6c13a4d29daddff68a79082ca3f6dc3d4bd23276aa24849c7ef
cross_platform_psd/figures/jetson_vs_hailo_pico_power_active_cumulative_exploratory.png,211920,161115278009a7fe25b744254501f22119de2bc3c03679d249539da276a9dd8c
cross_platform_psd/figures/jetson_vs_hailo_pico_power_active_matched_duration.pdf,37401,44b8904440ce3df1791a4f47e1049b8125531c3401ee46f87c31fcdd7ebf9f76
cross_platform_psd/figures/jetson_vs_hailo_pico_power_active_matched_duration.png,213189,622c177340039e8da8dd9fe642823cdf75de38caf175c889780b8beaab4d52b0
cross_platform_psd/figures/jetson_vs_hailo_pico_power_excess_conditional_0_77khz.pdf,36561,edae30b541be710445e41f39e15a737036e96562264cf01fbd11ca3f88ee14ca
cross_platform_psd/figures/jetson_vs_hailo_pico_power_excess_conditional_0_77khz.png,214990,ef42e00f9705bfaa6bb31d6d09536d9cf8cfd2f17f4f6cc8c064bd2a6948b30e
cross_platform_psd/figures/jetson_vs_hailo_pico_power_excess_cumulative_exploratory.pdf,37943,2cde9037b934b206ee341f5b5a05b92acac4e42f5dca4829c4424ee3a2d01b85
cross_platform_psd/figures/jetson_vs_hailo_pico_power_excess_cumulative_exploratory.png,211963,85a4075d05783c7c3fae0f6279832370ede45366955c0148b587897869b9ec55
cross_platform_psd/figures/jetson_vs_hailo_pico_power_excess_matched_duration.pdf,37830,ae74e0293bd762e589a44cf01a704bba9c7ba0473e482e49a9bf8dc6b809a2bd
cross_platform_psd/figures/jetson_vs_hailo_pico_power_excess_matched_duration.png,212684,8898cafa3eaec2e9b4c9a72cb0769dd901071710a314a0d2f376d0813f0ab4fa
cross_platform_psd/tables/table_cross_platform_inventory.csv,533,fa41f244094795808342ce24f54ace5b1e4e3f3cc00fecce0ad17d15f76493d2
cross_platform_psd/tables/table_cross_platform_inventory.md,617,7c193842b98d57633efea62ab8a0d4464c5c07c959e4d4492c818b46ded07460
cross_platform_psd/tables/table_cross_platform_inventory.tex,863,c05d31217f9c51bf1e82eea612230640ef53f7c932c05180375180da937c7354
cross_platform_psd/tables/table_hailo_power_psd_metrics.csv,7622,8f0909bdf2e78c67317cef83acddfb179afeef3ce7972802be7c3e1b01e14370
cross_platform_psd/tables/table_hailo_power_psd_metrics.md,1293,631395daab6c1b7416390a295f9231fe616f83b775a09cdb93324a839f82d10d
cross_platform_psd/tables/table_hailo_power_psd_metrics.tex,1538,7eed513b1749690adfcc7b0b8268759ed0ac5e54f5875db1bf750402740ff9df
latex/journal_figure_snippets.tex,26657,db52ac9f0337c580206b37687e8e6b2268330a485ecfd152f2a25106c06af234
latex/journal_table_snippets.tex,469,f9f0c0c2cd14ddf6853629b8c8960c80477ebfd315719b51553aa0497ae4a1f4
manifest/input_audit.csv,6084,daa61e04b9f26cf73f63352e5fa545e27b9a33d30b68488aac2c9e45cf857848
manifest/input_audit.json,13092,58c4a6f82f0c096dba49aaed32f75dd453f6c9800be0b13054339b1c650a0f25
manifest/journal_manifest.json,2276,e1e5bc30f4a3964a074c57c186c1aa6222c57825526ba3de66de4f337b48b61a
manifest/spectral_sources.json,846790,b2e810488a6221a621635c7af6ec58ca9a84551024848b027ebf0661f9fad392
pico_vs_tek_psd/PICO_VS_TEK_PSD_SUMMARY.md,1467,ff80c318e2c3a1ca85e09d6c3155fa6b8bba1d6011d5e5b6ff52568bdf9c91ef
pico_vs_tek_psd/data/all_spectral_metrics.csv,33582,e167a77f6914b5d27ad538de1fabfd698a1369796a6da4a541b57947796c780c
pico_vs_tek_psd/data/curves/Jetson_Orin_NX__gemma3-4b__pico__current__active__existing_full_record.csv,284416,d46a5281eb79929a3ed104bde0b29d542c2c71ef28935801138f4489bec06b87
pico_vs_tek_psd/data/curves/Jetson_Orin_NX__gemma3-4b__pico__current__excess__existing_full_record.csv,272326,43ae3d81a0794f6613b4072b163b98f30252edb75f2b5a0f529a4c4b96b1c8bb
pico_vs_tek_psd/data/curves/Jetson_Orin_NX__gemma3-4b__pico__current__idle__existing_full_record.csv,285859,b25f6c07f4065ac82cd979f2bdfe20363a209feff66289fee4e73ad9309d9b69
pico_vs_tek_psd/data/curves/Jetson_Orin_NX__gemma3-4b__pico__power__active__existing_full_record.csv,284302,4218ec8b324486beadf3fd64e395375998d26513d0937815ecf8c195c556b76b
pico_vs_tek_psd/data/curves/Jetson_Orin_NX__gemma3-4b__pico__power__excess__existing_full_record.csv,271817,c3efe11acaa2fe30b6645655ee0a7d069ecae9dceeffbd0736ee9d02d055fb49
pico_vs_tek_psd/data/curves/Jetson_Orin_NX__gemma3-4b__pico__power__idle__existing_full_record.csv,286164,d4a40995ce0c182e97dfa144d9656b61d56356874f633c66a9c8749f6b8438ef
pico_vs_tek_psd/data/curves/Jetson_Orin_NX__gemma3-4b__tek__current__active__existing_full_record.csv,284581,de2f2561910c1e4604db55832dc35983c09f91ac7db110843c59a4fbf601d8e8
pico_vs_tek_psd/data/curves/Jetson_Orin_NX__gemma3-4b__tek__current__excess__existing_full_record.csv,275183,bc1503dc681d68a69edd88b6afce828df6d8447bb5cfa3837b089aa1585e4d8a
pico_vs_tek_psd/data/curves/Jetson_Orin_NX__gemma3-4b__tek__current__idle__existing_full_record.csv,287835,64347eff9d5699ba34ccbb80a2e10e90846d81318b05a5c6770df87bfdfcc5a2
pico_vs_tek_psd/data/curves/Jetson_Orin_NX__gemma3-4b__tek__power__active__existing_full_record.csv,283820,889326e88f69fcc293a29025a62e8f60cfb79b874270f7bafc6259cb43918e9a
pico_vs_tek_psd/data/curves/Jetson_Orin_NX__gemma3-4b__tek__power__excess__existing_full_record.csv,274815,92dd4e52ee7bc215724d74d23c2f921b30c5aa086f0b863cf6e3241c2078f037
pico_vs_tek_psd/data/curves/Jetson_Orin_NX__gemma3-4b__tek__power__idle__existing_full_record.csv,287904,b071fc3e8bd4590919de7d23252de5e35d961e9c7191e2d7d65f97a4289ce07f
pico_vs_tek_psd/data/curves/Jetson_Orin_NX__gemmfp32__pico__current__active__existing_full_record.csv,277246,582aa10652798eefec84069b496a8fb50fdc25a189c880f6d206e9279ad59ebf
pico_vs_tek_psd/data/curves/Jetson_Orin_NX__gemmfp32__pico__current__excess__existing_full_record.csv,268785,ed207b0137199450ca5f4dc0ebce0afb3fe408000289f5611fdbdd3f717671d7
pico_vs_tek_psd/data/curves/Jetson_Orin_NX__gemmfp32__pico__current__idle__existing_full_record.csv,285859,b25f6c07f4065ac82cd979f2bdfe20363a209feff66289fee4e73ad9309d9b69
pico_vs_tek_psd/data/curves/Jetson_Orin_NX__gemmfp32__pico__power__active__existing_full_record.csv,276368,8afee113ee4b191471e24bff4061631f1654f94a4e1e3e0015edeb1b93828c32
pico_vs_tek_psd/data/curves/Jetson_Orin_NX__gemmfp32__pico__power__excess__existing_full_record.csv,267541,4dd8dd9a1483aebd64abc9fe40b8d122c0c775c957e5527f3ffd6cbc196313d4
pico_vs_tek_psd/data/curves/Jetson_Orin_NX__gemmfp32__pico__power__idle__existing_full_record.csv,286164,d4a40995ce0c182e97dfa144d9656b61d56356874f633c66a9c8749f6b8438ef
pico_vs_tek_psd/data/curves/Jetson_Orin_NX__gemmfp32__tek__current__active__existing_full_record.csv,276743,5ca3370a034c4030fcde49ee1d684895e4ce93c1d6e88b15671dc3a172ab477d
pico_vs_tek_psd/data/curves/Jetson_Orin_NX__gemmfp32__tek__current__excess__existing_full_record.csv,272704,c8883728067cbba166171363a379aec3071effdafe5856c3fbf359158709efbb
pico_vs_tek_psd/data/curves/Jetson_Orin_NX__gemmfp32__tek__current__idle__existing_full_record.csv,287835,64347eff9d5699ba34ccbb80a2e10e90846d81318b05a5c6770df87bfdfcc5a2
pico_vs_tek_psd/data/curves/Jetson_Orin_NX__gemmfp32__tek__power__active__existing_full_record.csv,276245,a1cba5c716a75b78251e7ac4aa8fb6c9644e0acbf565fe65d1e055850731c691
pico_vs_tek_psd/data/curves/Jetson_Orin_NX__gemmfp32__tek__power__excess__existing_full_record.csv,272015,5de86c02d9ee7060d2a7861496276eb443818a4a3d072824b37ba233b390033c
pico_vs_tek_psd/data/curves/Jetson_Orin_NX__gemmfp32__tek__power__idle__existing_full_record.csv,287904,b071fc3e8bd4590919de7d23252de5e35d961e9c7191e2d7d65f97a4289ce07f
pico_vs_tek_psd/data/curves/Jetson_Orin_NX__gemmint8__pico__current__active__existing_full_record.csv,282436,feeb56ab7bbe2192e342f9d77b7bd7d319c40670c1a2e19738f9ce28790494bb
pico_vs_tek_psd/data/curves/Jetson_Orin_NX__gemmint8__pico__current__excess__existing_full_record.csv,273225,026c10f146a4d2560ec1619b11167007b63bbe75064ab554c78ec0bdaa740c92
pico_vs_tek_psd/data/curves/Jetson_Orin_NX__gemmint8__pico__current__idle__existing_full_record.csv,285859,b25f6c07f4065ac82cd979f2bdfe20363a209feff66289fee4e73ad9309d9b69
pico_vs_tek_psd/data/curves/Jetson_Orin_NX__gemmint8__pico__power__active__existing_full_record.csv,282249,03516c8db7ab8d50afbf254ae83aa953c253f08155651b7ee6bff35b4f8ef197
pico_vs_tek_psd/data/curves/Jetson_Orin_NX__gemmint8__pico__power__excess__existing_full_record.csv,272917,fa440724426b651a0a4a9d808bee17d56d7ef4645011824a3b0f0cc3ef438538
pico_vs_tek_psd/data/curves/Jetson_Orin_NX__gemmint8__pico__power__idle__existing_full_record.csv,286164,d4a40995ce0c182e97dfa144d9656b61d56356874f633c66a9c8749f6b8438ef
pico_vs_tek_psd/data/curves/Jetson_Orin_NX__gemmint8__tek__current__active__existing_full_record.csv,282645,792087d5c17861a0c3ea0063945c7a69da22f40bc51ffb0a6680f7a97147a09f
pico_vs_tek_psd/data/curves/Jetson_Orin_NX__gemmint8__tek__current__excess__existing_full_record.csv,277196,ff435eed6f32296fb1ba8aca3b9b3df9b540b59e94c7fb2d8e7d24123d2e3170
pico_vs_tek_psd/data/curves/Jetson_Orin_NX__gemmint8__tek__current__idle__existing_full_record.csv,287835,64347eff9d5699ba34ccbb80a2e10e90846d81318b05a5c6770df87bfdfcc5a2
pico_vs_tek_psd/data/curves/Jetson_Orin_NX__gemmint8__tek__power__active__existing_full_record.csv,282378,27f16d880eded1fc49450a664b66baa93e496c760f324907c2e82a405c9149b8
pico_vs_tek_psd/data/curves/Jetson_Orin_NX__gemmint8__tek__power__excess__existing_full_record.csv,276730,81373862066a5dab400260995373f67148f2c874f387130327eab9815ce2302f
pico_vs_tek_psd/data/curves/Jetson_Orin_NX__gemmint8__tek__power__idle__existing_full_record.csv,287904,b071fc3e8bd4590919de7d23252de5e35d961e9c7191e2d7d65f97a4289ce07f
pico_vs_tek_psd/data/curves/Jetson_Orin_NX__resnet50__pico__current__active__existing_full_record.csv,270151,fa24b66a839aaa9726d96e6ce2c6e31aad16470bbefcb88e90c0204a7f6a3cea
pico_vs_tek_psd/data/curves/Jetson_Orin_NX__resnet50__pico__current__excess__existing_full_record.csv,259949,cf07bd37e4664a20a9bbab224c78e0c0b7ef0331ea9fd6fc8a8c9d7cfd0df0e8
pico_vs_tek_psd/data/curves/Jetson_Orin_NX__resnet50__pico__current__idle__existing_full_record.csv,285859,b25f6c07f4065ac82cd979f2bdfe20363a209feff66289fee4e73ad9309d9b69
pico_vs_tek_psd/data/curves/Jetson_Orin_NX__resnet50__pico__power__active__existing_full_record.csv,269696,4af47099f12a9f833e7fa29a861159689a7b75ab2f1f9332ef6e9c1c5f1358ad
pico_vs_tek_psd/data/curves/Jetson_Orin_NX__resnet50__pico__power__excess__existing_full_record.csv,259114,743c359a2496086ec284dfdeb240b9584d148143b6861d5549fb3cccf3c4cd0a
pico_vs_tek_psd/data/curves/Jetson_Orin_NX__resnet50__pico__power__idle__existing_full_record.csv,286164,d4a40995ce0c182e97dfa144d9656b61d56356874f633c66a9c8749f6b8438ef
pico_vs_tek_psd/data/curves/Jetson_Orin_NX__resnet50__tek__current__active__existing_full_record.csv,270250,3704fe25c6378c1c96731cc5ce23d0a5e073d10e4dca6e306659aa8923fc0fa8
pico_vs_tek_psd/data/curves/Jetson_Orin_NX__resnet50__tek__current__excess__existing_full_record.csv,264548,2230c5401d8d67eea357ce3898bc7a6308d5325221358f8f7aed225e0f4919d1
pico_vs_tek_psd/data/curves/Jetson_Orin_NX__resnet50__tek__current__idle__existing_full_record.csv,287835,64347eff9d5699ba34ccbb80a2e10e90846d81318b05a5c6770df87bfdfcc5a2
pico_vs_tek_psd/data/curves/Jetson_Orin_NX__resnet50__tek__power__active__existing_full_record.csv,269652,1ad5ccd11791f43e7960796940e6dc9a15d0b801cab8ad1691645ddecc3df1ac
pico_vs_tek_psd/data/curves/Jetson_Orin_NX__resnet50__tek__power__excess__existing_full_record.csv,263889,84874206ba4acf6d899722264b08b43fe88c416d84be5ccc8f73475fd644f0b9
pico_vs_tek_psd/data/curves/Jetson_Orin_NX__resnet50__tek__power__idle__existing_full_record.csv,287904,b071fc3e8bd4590919de7d23252de5e35d961e9c7191e2d7d65f97a4289ce07f
pico_vs_tek_psd/data/curves/Jetson_Orin_NX__yolofp32__pico__current__active__existing_full_record.csv,271492,73f1deb39a75cd159c61a1f519d9f18df91277f101b700ee1a55a195264cb69a
pico_vs_tek_psd/data/curves/Jetson_Orin_NX__yolofp32__pico__current__excess__existing_full_record.csv,261354,f3487de2dbdfddda4494e2e42a0b047439309799e726382ebc7e6bd5025163f7
pico_vs_tek_psd/data/curves/Jetson_Orin_NX__yolofp32__pico__current__idle__existing_full_record.csv,285859,b25f6c07f4065ac82cd979f2bdfe20363a209feff66289fee4e73ad9309d9b69
pico_vs_tek_psd/data/curves/Jetson_Orin_NX__yolofp32__pico__power__active__existing_full_record.csv,271144,c85d0bcbd7f338aafa01730cc3e6668b297dead4f4a9517efadfc17147d97f6d
pico_vs_tek_psd/data/curves/Jetson_Orin_NX__yolofp32__pico__power__excess__existing_full_record.csv,260634,16e1bdd8297d146f21649dde3e25386fdb37f19f39441e8f9a2c5ba8390719c5
pico_vs_tek_psd/data/curves/Jetson_Orin_NX__yolofp32__pico__power__idle__existing_full_record.csv,286164,d4a40995ce0c182e97dfa144d9656b61d56356874f633c66a9c8749f6b8438ef
pico_vs_tek_psd/data/curves/Jetson_Orin_NX__yolofp32__tek__current__active__existing_full_record.csv,271182,b0ce2307fd1c908c49a02fb211f7ff0a51819c67bb200a076d8cf0a72df32037
pico_vs_tek_psd/data/curves/Jetson_Orin_NX__yolofp32__tek__current__excess__existing_full_record.csv,264849,d24a8baede08d29d7f4307237519afbc59a27bf119644efd32ddd828ae021413
pico_vs_tek_psd/data/curves/Jetson_Orin_NX__yolofp32__tek__current__idle__existing_full_record.csv,287835,64347eff9d5699ba34ccbb80a2e10e90846d81318b05a5c6770df87bfdfcc5a2
pico_vs_tek_psd/data/curves/Jetson_Orin_NX__yolofp32__tek__power__active__existing_full_record.csv,270754,f85bedf9819704a586450f837918ad14360d5d3a93c9afd2cf7bec0415572973
pico_vs_tek_psd/data/curves/Jetson_Orin_NX__yolofp32__tek__power__excess__existing_full_record.csv,264102,468bcf4da2ed0a28fdaba0b758c76043c94aba15ca448c6c1cc5b147ac3cbe46
pico_vs_tek_psd/data/curves/Jetson_Orin_NX__yolofp32__tek__power__idle__existing_full_record.csv,287904,b071fc3e8bd4590919de7d23252de5e35d961e9c7191e2d7d65f97a4289ce07f
pico_vs_tek_psd/data/curves/Jetson_Orin_NX__yoloint8__pico__current__active__existing_full_record.csv,264155,5cf2c2447e2aeec9f2cfa5c4e3ccb11384c7e91a53b8cc5e3146c1ccc56b2f61
pico_vs_tek_psd/data/curves/Jetson_Orin_NX__yoloint8__pico__current__excess__existing_full_record.csv,253299,e65ca0ee009584ab1ca7c75f6e84a99dc520ec3fdd09d162f8bc9b321d145649
pico_vs_tek_psd/data/curves/Jetson_Orin_NX__yoloint8__pico__current__idle__existing_full_record.csv,285859,b25f6c07f4065ac82cd979f2bdfe20363a209feff66289fee4e73ad9309d9b69
pico_vs_tek_psd/data/curves/Jetson_Orin_NX__yoloint8__pico__power__active__existing_full_record.csv,263920,0fbfd037d046853698b7577f9fc4e732aedf372551e4984cd8b3001b72f61caf
pico_vs_tek_psd/data/curves/Jetson_Orin_NX__yoloint8__pico__power__excess__existing_full_record.csv,253208,55fed89a0317a82ae06068d518d8ab50ac87be2c1dc5ddc88542b0213cf4d00b
pico_vs_tek_psd/data/curves/Jetson_Orin_NX__yoloint8__pico__power__idle__existing_full_record.csv,286164,d4a40995ce0c182e97dfa144d9656b61d56356874f633c66a9c8749f6b8438ef
pico_vs_tek_psd/data/curves/Jetson_Orin_NX__yoloint8__tek__current__active__existing_full_record.csv,264267,7bcca7a447d10f4c98f8bb1fc38350ebc8743417e0367bd0ae918e75cb1811dd
pico_vs_tek_psd/data/curves/Jetson_Orin_NX__yoloint8__tek__current__excess__existing_full_record.csv,256957,1d17c0b8ba308fa58ad9eeb907a48e715ee32dc652fda1bf740845f6541cecf5
pico_vs_tek_psd/data/curves/Jetson_Orin_NX__yoloint8__tek__current__idle__existing_full_record.csv,287835,64347eff9d5699ba34ccbb80a2e10e90846d81318b05a5c6770df87bfdfcc5a2
pico_vs_tek_psd/data/curves/Jetson_Orin_NX__yoloint8__tek__power__active__existing_full_record.csv,264118,1834c2630ea43fe7147cdd037ca8e00d3415fcabe4981a1fe7c1ce2ed8ae8f46
pico_vs_tek_psd/data/curves/Jetson_Orin_NX__yoloint8__tek__power__excess__existing_full_record.csv,256670,6e73256a7b26195e91c08dc92fd08f7596a447cfcc951b2ca4b852a615d4764a
pico_vs_tek_psd/data/curves/Jetson_Orin_NX__yoloint8__tek__power__idle__existing_full_record.csv,287904,b071fc3e8bd4590919de7d23252de5e35d961e9c7191e2d7d65f97a4289ce07f
pico_vs_tek_psd/data/curves/README.md,259,126e59014c2557092606b611cb3d380deb0ada05d90370c44d6fbb3e9b782027
pico_vs_tek_psd/data/frequency_band_metrics.csv,99401,407aa8b12e16c3ca55be0f7f180b0d7f60fb75596a588db0765bf445a7060f7c
pico_vs_tek_psd/data/observed_psd_ratio_log_bins.csv,308002,28a90b416e8db0f9387964266c758358130d662260ec46cf1830062eb6fbc437
pico_vs_tek_psd/data/rankings.csv,1828,35ba75e1557a0187b2acca2846fc2578adecc57a77bae3e38d5db00af1a9e3b6
pico_vs_tek_psd/data/setup_comparison.csv,10271,c37d4b14b718cc0a87ab29e25ffba07ef51b1c5b65ab7dd9b7a37542ee171ce4
pico_vs_tek_psd/figures/fine_structure/tek_vs_pico_fine_0_1000hz.pdf,25354,470b85ab61b126bbc58d52ef10a6bef81f79c595475b955f5d3ccd9f7bba520d
pico_vs_tek_psd/figures/fine_structure/tek_vs_pico_fine_0_1000hz.png,196770,f1df4752e0dbc9ced4fd8224826f543a66810cb9abf65bc71be8af32df844001
pico_vs_tek_psd/figures/fine_structure/tek_vs_pico_fine_1000_8000hz.pdf,51393,cfcfa95aa8ed5e7bd17221e34594fb5d82ca95a879d5cc5a30f5eca5041b3320
pico_vs_tek_psd/figures/fine_structure/tek_vs_pico_fine_1000_8000hz.png,177075,dd437d35d93e3b7740b1ed8e8cc1a9491429b404c853faf6b229e45201d1822f
pico_vs_tek_psd/figures/fine_structure/tek_vs_pico_fine_25000_35000hz.pdf,74336,3c05550af4c09c761c2e4140b039ac999a0b4d21ce73bc4ae09f3f9211b0d45d
pico_vs_tek_psd/figures/fine_structure/tek_vs_pico_fine_25000_35000hz.png,183431,a04760747b1617cf20ad88db0963c62b1341fb99d492239b92b94dd20ce3e8d8
pico_vs_tek_psd/figures/fine_structure/tek_vs_pico_fine_300000_700000hz.pdf,161112,ab7065e1ffb72c46afd5b1b034d4cd57caf415442bad46d6340fa9fd35bc3162
pico_vs_tek_psd/figures/fine_structure/tek_vs_pico_fine_300000_700000hz.png,141376,82ca8bc4da205ebe47b7578f1c7a31ca6ab624ee862c11e88af58f278dcdcfbc
pico_vs_tek_psd/figures/fine_structure/tek_vs_pico_fine_8000_16000hz.pdf,86945,c3eeb170ca3df2a112ee7bbe2dc01c2545ae8bbd14dd6d2b2edbae1661d69ae9
pico_vs_tek_psd/figures/fine_structure/tek_vs_pico_fine_8000_16000hz.png,265439,3c8dc521fb7071ebb1354831bacdd2c13269527059bd2775a1cf6028f6214fae
pico_vs_tek_psd/figures/per_workload/gemma3-4b/current_absolute_psd.pdf,67160,24a0c1a771557fab9dc418aa1c5ca0f9631ad8cf61345d9e2781584bfd020bce
pico_vs_tek_psd/figures/per_workload/gemma3-4b/current_absolute_psd.png,187876,15f859535f2b4552a8d200ee344ada2d828661ffbf0d27b7b0d312efb2358b8a
pico_vs_tek_psd/figures/per_workload/gemma3-4b/current_cumulative.pdf,22022,735a81b9107b4c26259bbe80e5894a8bfa5e27cef7c85a9cd1824d34fd33aadf
pico_vs_tek_psd/figures/per_workload/gemma3-4b/current_cumulative.png,118653,c6332562eaeab3a20edbf6ea6050e6fcffa6bf151d2d47cb63a91d8f2b2025b0
pico_vs_tek_psd/figures/per_workload/gemma3-4b/power_absolute_psd.pdf,67331,588a2cc80cbfea9e746b4897d062dc7959a8bfaa2111a2b2b401422fe97371ac
pico_vs_tek_psd/figures/per_workload/gemma3-4b/power_absolute_psd.png,189129,87d281e5f030702dcc89db0a2a46cd2699cf86a65e496d4b83901d04ade9685c
pico_vs_tek_psd/figures/per_workload/gemma3-4b/power_cumulative.pdf,22051,f4a646b29a1e7b6b29c71559a486f20ff5a249486ecc9197e0f2c392d865fcb5
pico_vs_tek_psd/figures/per_workload/gemma3-4b/power_cumulative.png,118667,1d0d0ad6005ed6929dfe235fe301c801f4c615ca36c8649c4a1e24702e447486
pico_vs_tek_psd/figures/per_workload/gemmfp32/current_absolute_psd.pdf,64410,0ecf095b5abe07a4fd0930086bea93eda4ac18edf3ecfb0aa9686c27827b9bf0
pico_vs_tek_psd/figures/per_workload/gemmfp32/current_absolute_psd.png,165919,b826d1227ea7d7fb8fc9d6c229fcf6b1bfd4cc754cf76c1d062db6bc2b639a30
pico_vs_tek_psd/figures/per_workload/gemmfp32/current_cumulative.pdf,20501,1305bf4c2dcf2e048aa579b4909c8948c156900c4225fda73a22fc539ea42916
pico_vs_tek_psd/figures/per_workload/gemmfp32/current_cumulative.png,117419,064f0406b41e66927915808c42b84dfcd5239a4a24904b73b31ade2b4bf75c0b
pico_vs_tek_psd/figures/per_workload/gemmfp32/power_absolute_psd.pdf,64591,50c5f33983a102846a2eb543a8e6f8117531450f88e4b52991b325d0951e6f76
pico_vs_tek_psd/figures/per_workload/gemmfp32/power_absolute_psd.png,167857,77bfd8971b137b9430cedd8d5a05491509d1f3e5f3fc5cae7ed4fb262c79b4df
pico_vs_tek_psd/figures/per_workload/gemmfp32/power_cumulative.pdf,20559,65dad529ddfc3f937298d21c856c7903ec3e59d831f71359b8747fe401ac13e4
pico_vs_tek_psd/figures/per_workload/gemmfp32/power_cumulative.png,117618,e6e6f05bc70c619f2f97387fac718859718ecf6c2257201d4a2ca1b3a4bf1f45
pico_vs_tek_psd/figures/per_workload/gemmint8/current_absolute_psd.pdf,65645,0d22800a4baa201729f70fb74cd0594cf0355118fd2e0538cea9466cf1c89080
pico_vs_tek_psd/figures/per_workload/gemmint8/current_absolute_psd.png,175232,afbc435e1f92c2bc1fe3832ef1e545cc7061528a06ff21c8f2eddf9946b411e4
pico_vs_tek_psd/figures/per_workload/gemmint8/current_cumulative.pdf,19941,6677dd21a13c1938c9c2846ffb6092753fdf4ed11732f385c596c4b3da7af695
pico_vs_tek_psd/figures/per_workload/gemmint8/current_cumulative.png,113061,7a6eb9d1776ae3cc77c7e9d494edde4d8b342a7f5e1a17ae1de6cc5e6ea99581
pico_vs_tek_psd/figures/per_workload/gemmint8/power_absolute_psd.pdf,65851,5b7b5dbd2d53e244c547e66481c601eeb308ca645cf1db2648a28bf8cfa18537
pico_vs_tek_psd/figures/per_workload/gemmint8/power_absolute_psd.png,172885,7c53db93a43edd98c6003e3d87f92efa75d188f719b38e8b5f7482b836da90c9
pico_vs_tek_psd/figures/per_workload/gemmint8/power_cumulative.pdf,19930,a2e6731420c6e05b8ec698face57577e8d7944826d08beca5543d81486572008
pico_vs_tek_psd/figures/per_workload/gemmint8/power_cumulative.png,112964,70160c1e2385226d263fb9981873c216387cef0de8851da8e7adccbfbf198df0
pico_vs_tek_psd/figures/per_workload/resnet50/current_absolute_psd.pdf,63141,dc5806e91dc5a32ba63d2f504d6fb5699c976ec954b89bd0f3ba253342ebbfcf
pico_vs_tek_psd/figures/per_workload/resnet50/current_absolute_psd.png,222670,99b62e96c3d7ce599af590ae69010790a80754c25da8231c4775bff57ef99959
pico_vs_tek_psd/figures/per_workload/resnet50/current_cumulative.pdf,24236,aafc57302fa3b2cb08737f828764ce959066a920c62b8549e8eede5c092d9fda
pico_vs_tek_psd/figures/per_workload/resnet50/current_cumulative.png,114303,9de63ef4bbc4702b21d6a1136157eedeb4da3c2f4dc412ffc9ec5a980d9e7645
pico_vs_tek_psd/figures/per_workload/resnet50/power_absolute_psd.pdf,63070,85011d0f41592ce4f7dc75322cf03443685b7cb08e452904de3fd2ac3d1d03e7
pico_vs_tek_psd/figures/per_workload/resnet50/power_absolute_psd.png,224586,fe2ef5eba2c36ea17d16f1b8828f02c22d84be063d849ee83d3b0be1cf8551c9
pico_vs_tek_psd/figures/per_workload/resnet50/power_cumulative.pdf,24175,58d24169a7340467baffc95fb64308e23d9c6ab2a789c3ca454f3bce578b3098
pico_vs_tek_psd/figures/per_workload/resnet50/power_cumulative.png,114281,0d9e6c5c99dc15bb10a42eb1733393788d3158c9b5464e61cc6ed94f6f60ad15
pico_vs_tek_psd/figures/per_workload/yolofp32/current_absolute_psd.pdf,63595,5080613a44891422ebd749148ceb6e6831cd4372eac613f02e38b9efcee651d3
pico_vs_tek_psd/figures/per_workload/yolofp32/current_absolute_psd.png,222066,ecba110c7c5175f989a38c890d44cebcbf4a09cbe7cf0562148ea385bfe990f7
pico_vs_tek_psd/figures/per_workload/yolofp32/current_cumulative.pdf,24636,4df32c292537852a0e0e4864cf2ce7ff0997460bf1daa16a0e8df52dc2e25187
pico_vs_tek_psd/figures/per_workload/yolofp32/current_cumulative.png,112994,f79b5a30b9dfd83dee6f8898472e1b725a89e97e667f98717888e36f233e17e6
pico_vs_tek_psd/figures/per_workload/yolofp32/power_absolute_psd.pdf,63635,5575abb6d4d6ffbdbcf5b9a48b16f41474eacb606c1f94112db14e595eda10b3
pico_vs_tek_psd/figures/per_workload/yolofp32/power_absolute_psd.png,218631,c2d8d13971913e17680857266acde25c4458a3686a77895a77ca7c6cd0d80a39
pico_vs_tek_psd/figures/per_workload/yolofp32/power_cumulative.pdf,24619,df544c19f7f627818a66f6aa43a3b9e147484c7a8f4497100331bb2f557688d2
pico_vs_tek_psd/figures/per_workload/yolofp32/power_cumulative.png,113050,3c2c5c7e16e4878e92b40bd2fd67b5ba648896630e20e3a4d19bc703f4f67a37
pico_vs_tek_psd/figures/per_workload/yoloint8/current_absolute_psd.pdf,60253,bbabf34dd1d721b0661b51062cdaaf8335798d9984ba178e0a12404f8d19a7b8
pico_vs_tek_psd/figures/per_workload/yoloint8/current_absolute_psd.png,209555,5c90d64f824d9f5da9a1425829471ca74e43ad0d5be1073c169a9dcbf3c27ff9
pico_vs_tek_psd/figures/per_workload/yoloint8/current_cumulative.pdf,23305,0d193fbc0c35c039cd85a1c1a9e7d9b2cc4cd700c3438b75ac66f011c63b7788
pico_vs_tek_psd/figures/per_workload/yoloint8/current_cumulative.png,109551,3817245d6d114f8f4f5c17444186f66f2ce9b53d3266e1c4bb1e3e55b34be4f7
pico_vs_tek_psd/figures/per_workload/yoloint8/power_absolute_psd.pdf,60186,30cabbdbef24af3e6471d52c1074e8ea9988822a50857b17e45214846ae4585c
pico_vs_tek_psd/figures/per_workload/yoloint8/power_absolute_psd.png,208000,d53b6429068fdaaccab905d3836ba924b0ba3a5cc1ddbc4deacd0c5ceaf6200b
pico_vs_tek_psd/figures/per_workload/yoloint8/power_cumulative.pdf,23239,f742e5941f350554a35348a4c8ff7f0e37a4c94f54687be1e4e640d2abbdc1f2
pico_vs_tek_psd/figures/per_workload/yoloint8/power_cumulative.png,109371,c41b3e23b35e59604c53f7a208830e236f5d89af580c28b30e6d3e2f985f7ea0
pico_vs_tek_psd/figures/pico_cross_workload_current_cumulative.pdf,36171,457e4dfc438cf599964ce2153ca0e4c5cd3ee546afab5ad9d2ec463d5d8645ee
pico_vs_tek_psd/figures/pico_cross_workload_current_cumulative.png,179802,0a7e120d1615671c1f8c31ad5ef39a60cecb5a79edbc5e223d797c9de24e39bd
pico_vs_tek_psd/figures/pico_cross_workload_current_normalised_psd.pdf,157857,2ed1800aaf96ead46378f5063e1c1a0f70919cdddf133897c8a09c19b5b17741
pico_vs_tek_psd/figures/pico_cross_workload_current_normalised_psd.png,446661,feed662c5f8e639fc50d15ffe5940e6ea6ff83ae03100e5870d373256e166d61
pico_vs_tek_psd/figures/pico_cross_workload_power_cumulative.pdf,36097,8256f9c4441a19dddf0cabcf2699b5cc18339208d6fcbc9be51e9bf4ee11ea16
pico_vs_tek_psd/figures/pico_cross_workload_power_cumulative.png,180014,9bf1250d2721685ebf32305194c4d45a7eff6891a7a4ab38ada525ff6906ae1b
pico_vs_tek_psd/figures/pico_cross_workload_power_normalised_psd.pdf,157739,82266fadec41180fd9c4ed65636a52eefbb3c1990f86da1fad8e1e44d4e1c416
pico_vs_tek_psd/figures/pico_cross_workload_power_normalised_psd.png,438453,d5c3fa86638e6d7fc4e7c6dc6174dc8139f327daee5756ba5997519b3515b49d
pico_vs_tek_psd/figures/pico_current_frequency_bands.pdf,17110,53f3478b52edf7b0cc6a355aab107e6f25c37b25f961dde88149c6d1213b010c
pico_vs_tek_psd/figures/pico_current_frequency_bands.png,100041,7566d1fad4957757fb09d9fc3137870c9e2e338c34fa71c9d155f5f8d1188327
pico_vs_tek_psd/figures/pico_power_frequency_bands.pdf,17092,534688c02ec3f9c3f9b324302a5a37ed3ac72b979f7afab03e48b473082ae9aa
pico_vs_tek_psd/figures/pico_power_frequency_bands.png,100278,a97b8bbfb9ba25eb5ffbb93a3cb59bb866f74c15374c772c9b45138cd01f4251
pico_vs_tek_psd/figures/tek_vs_pico_current_conditional_cumulative_0_77khz.pdf,50610,6729ad1c692a03604b9003600cc2a3ce9d53f15507d812e1c01ba30577d4900d
pico_vs_tek_psd/figures/tek_vs_pico_current_conditional_cumulative_0_77khz.png,227313,04527b92fae54471972df611a3612d85faf7c8f55a4e51205b30140e71866bae
pico_vs_tek_psd/figures/tek_vs_pico_current_cumulative_difference.pdf,33532,209acb7dc51866056ddb6edb99138b00bd40bc3842a5d0e2fdd11975f47fa7d2
pico_vs_tek_psd/figures/tek_vs_pico_current_cumulative_difference.png,189528,7387ca78760a74ebb474d7a97f6db85898cb6800b848f586b71ab35b805c6b97
pico_vs_tek_psd/figures/tek_vs_pico_current_cumulative_overlay.pdf,55833,239acd0b727fdc651e782c619938fc6fbb11810eb032b68d4f9f64fd3712725e
pico_vs_tek_psd/figures/tek_vs_pico_current_cumulative_overlay.png,265904,bab1ce444f01051c2696129dc1c3089832792b700166a8c450dfe1d5d85eed53
pico_vs_tek_psd/figures/tek_vs_pico_current_f50.pdf,16638,cdbe24a41e7d86bb563bab679b8ec884d7aaa9b8c142962f012b533e05f97542
pico_vs_tek_psd/figures/tek_vs_pico_current_f50.png,143344,e7a0cc97f40798d653fd99effab30ab8421884569bbbdbedaea000e5cfa81c42
pico_vs_tek_psd/figures/tek_vs_pico_current_f90.pdf,16653,2e23765556312aaf93c43c9b6d7e883163c9d47db13b824d67f823a2d9186718
pico_vs_tek_psd/figures/tek_vs_pico_current_f90.png,117361,c631d76747106c2b4eb726dbb0b1899dbc4db40393e53cc11934b182fb123f3d
pico_vs_tek_psd/figures/tek_vs_pico_current_f95.pdf,16645,48f4f30a1ef304cce1f31a26f5dd86a978389e4a9179d9fce09327430c72346a
pico_vs_tek_psd/figures/tek_vs_pico_current_f95.png,115595,76d5d017f1a45c74f4595ff882e5af7bb0c384ce04b17574f9657f62f53934c3
pico_vs_tek_psd/figures/tek_vs_pico_current_f99.pdf,16318,0b650bdd6941451ab7c5b4b25313e4827e08a600c0e110ec351d58c8d7331756
pico_vs_tek_psd/figures/tek_vs_pico_current_f99.png,123647,75c6fa5859d337594e702d299731fe26452fa1229ca05060ca4be1412a2b4fec
pico_vs_tek_psd/figures/tek_vs_pico_current_normalised_psd_overlay.pdf,298415,caf0efc4856d9c27c9c7d3fcde8cc8375cf6407aea9249331531c42a70c54335
pico_vs_tek_psd/figures/tek_vs_pico_current_normalised_psd_overlay.png,487343,bc3a5398b27e1674dd9a66009a86a75cc224cbfc2221426892bc8f579ba23a26
pico_vs_tek_psd/figures/tek_vs_pico_current_observed_psd_ratio.pdf,20538,97d45e6520d138ba3d0494ecfa3ab80dee9ee233f339f3ef276a2d58231fdcae
pico_vs_tek_psd/figures/tek_vs_pico_current_observed_psd_ratio.png,161187,ec6f05f5fa3c4a003f5d455acf5ecf31e9e6fdfa88cc542a391768cdc5c6940f
pico_vs_tek_psd/figures/tek_vs_pico_power_conditional_cumulative_0_77khz.pdf,50568,f16b9492133b60d2d8e1de5fe11cac574358e7cafd0d7949e794d641d4e8febf
pico_vs_tek_psd/figures/tek_vs_pico_power_conditional_cumulative_0_77khz.png,227265,7168c51f9f83504da748235e0ff3053c744e74c7650ce5bc9663a32a527389e9
pico_vs_tek_psd/figures/tek_vs_pico_power_cumulative_difference.pdf,33499,9d20b30a19a7450049fd0482f9ff2e9d41d02dbe5cf6192c1a7269c0569d8cb5
pico_vs_tek_psd/figures/tek_vs_pico_power_cumulative_difference.png,190218,c6aa9383dc07bd9b5369f4d8d81b10f1cf623afa7f5fe1b84fd173493148ab6c
pico_vs_tek_psd/figures/tek_vs_pico_power_cumulative_overlay.pdf,55753,3920eb3b604d0d2e363f602be0eb0b91e122a5244530d5aa648b07f788fa2979
pico_vs_tek_psd/figures/tek_vs_pico_power_cumulative_overlay.png,266819,a08e2d222e06433918818725bcb723b24bb251debe05dc34c9721ffa78f47ca8
pico_vs_tek_psd/figures/tek_vs_pico_power_f50.pdf,16616,e17a49498d80f7cd12819657a17ceb9ceab13b9c969fd83166c44fcfe285c71e
pico_vs_tek_psd/figures/tek_vs_pico_power_f50.png,143856,adbe544628e721888c998aad702e11a04e58dbf678797481c05e475cabcf756c
pico_vs_tek_psd/figures/tek_vs_pico_power_f90.pdf,16627,5a712b44be4a2f6e6c83b774e6cf25775e1ad95529a78fac913727a6a333d0c9
pico_vs_tek_psd/figures/tek_vs_pico_power_f90.png,118682,bf2dd7f89a2dad48794030420a936659f4869e7eafaba40458625a75385b5b5f
pico_vs_tek_psd/figures/tek_vs_pico_power_f95.pdf,16631,78416d9f29901b71f46bf59f2ecdd2bfa599573dc0c1eef9a578407c7108d549
pico_vs_tek_psd/figures/tek_vs_pico_power_f95.png,116312,1905f7e366ecadd9f390c96ae7f0bde9bd7d5d75e532174dc0948c5de3401865
pico_vs_tek_psd/figures/tek_vs_pico_power_f99.pdf,16301,e94b5fba926c9a3d53c8ba16b04bcc0a8696d0069fe5589672efa12c585f7b6f
pico_vs_tek_psd/figures/tek_vs_pico_power_f99.png,126037,c2f5313ef6b9dac3027b8b1d527828b6b0f58107c8f134760ff51555e9325cfb
pico_vs_tek_psd/figures/tek_vs_pico_power_normalised_psd_overlay.pdf,298345,a343b1adf931a7527997d0bce29ba1957dd1489c2acbfd8ac761ca1d44f08453
pico_vs_tek_psd/figures/tek_vs_pico_power_normalised_psd_overlay.png,483592,8487e1dc3397575788e8083a0ab37ad23ad14899c0a2d34cf89f2b2018dcd52e
pico_vs_tek_psd/figures/tek_vs_pico_power_observed_psd_ratio.pdf,20706,e75bd745edb768eb7fce80a6d3fe3c540a3c630b8fbddba76b68c93c0be5c5fd
pico_vs_tek_psd/figures/tek_vs_pico_power_observed_psd_ratio.png,158169,00281ce1a9426b00c29aee1847ea7d0e7f008844e695c14a4e00d2ea1ea8cc50
pico_vs_tek_psd/tables/table_pico_usability_summary.csv,10271,c37d4b14b718cc0a87ab29e25ffba07ef51b1c5b65ab7dd9b7a37542ee171ce4
pico_vs_tek_psd/tables/table_pico_usability_summary.md,1715,0781ce6d46e3e10530f8b30238f61450c359f3dd81e3327a274bba2bf8b82aae
pico_vs_tek_psd/tables/table_pico_usability_summary.tex,2513,647ed373d08625c4660e8220d3585e53d2275ae7487ba3139934bebbcd12efd4
pico_vs_tek_psd/tables/table_tek_vs_pico_frequency_bands.csv,16999,83a8d844d4fd93b381de56d7c0d7cf27264123e9e93f6655fde3a6d002ff66ee
pico_vs_tek_psd/tables/table_tek_vs_pico_frequency_bands.md,3440,94e2bb487c0077ab7e68ded1911e6e6736bcd9bc10529467754ab4ec2b8b890a
pico_vs_tek_psd/tables/table_tek_vs_pico_frequency_bands.tex,4948,403aa76411a3b5a52c584c658a6bca8acd7da7ec0e27a9ae12c81806a25a6fe9
pico_vs_tek_psd/tables/table_tek_vs_pico_psd_metrics.csv,16510,3386c01fbdbded1f85436ed4a72adb97689f41d49f137d25c17e36182999c07c
pico_vs_tek_psd/tables/table_tek_vs_pico_psd_metrics.md,2068,5e613194eb2f57921025ddf92a25914d1d3b71ee8be81ff438c47259fe96670c
pico_vs_tek_psd/tables/table_tek_vs_pico_psd_metrics.tex,2792,5f00e05438ff085e209218c287b6b7d024e7e4cec7758fe5a2701d1e66fac6ca
pico_vs_tek_psd/tables/table_workload_ranking_stability.csv,1828,35ba75e1557a0187b2acca2846fc2578adecc57a77bae3e38d5db00af1a9e3b6
pico_vs_tek_psd/tables/table_workload_ranking_stability.md,425,a038160311e3e64e6331f8f70c2359b11765a01c1234d700d1741201abca490f
pico_vs_tek_psd/tables/table_workload_ranking_stability.tex,680,7c3a6e4627a18bfafc70f901b405e740b8c8824ef506a4965fc35830cc173b7a
