key,workload_id,label,platform,setup,signal,basis,window,band,low_hz,high_hz,band_variance,total_variance,variance_share_pct
Jetson_Orin_NX__gemmfp32__tek__current__excess__existing_full_record,gemmfp32,GEMM-FP32,Jetson Orin NX,tek,current,excess,existing_full_record,0–100 Hz,0.0,100.0,0.019108905692816612,0.2913979587879452,6.557666283010052
Jetson_Orin_NX__gemmfp32__tek__current__excess__existing_full_record,gemmfp32,GEMM-FP32,Jetson Orin NX,tek,current,excess,existing_full_record,100 Hz–1 kHz,100.0,1000.0,0.13247008188348486,0.2913979587879452,45.46019554649158
Jetson_Orin_NX__gemmfp32__tek__current__excess__existing_full_record,gemmfp32,GEMM-FP32,Jetson Orin NX,tek,current,excess,existing_full_record,1–10 kHz,1000.0,10000.0,0.05206035771286659,0.2913979587879452,17.86572491084322
Jetson_Orin_NX__gemmfp32__tek__current__excess__existing_full_record,gemmfp32,GEMM-FP32,Jetson Orin NX,tek,current,excess,existing_full_record,10–77 kHz,10000.0,77000.0,0.043362024284171595,0.2913979587879452,14.88068909766345
Jetson_Orin_NX__gemmfp32__tek__current__excess__existing_full_record,gemmfp32,GEMM-FP32,Jetson Orin NX,tek,current,excess,existing_full_record,77–500 kHz,77000.0,500000.0,0.041853008109275294,0.2913979587879452,14.362835032668286
Jetson_Orin_NX__gemmfp32__tek__current__excess__existing_full_record,gemmfp32,GEMM-FP32,Jetson Orin NX,tek,current,excess,existing_full_record,500 kHz–2.5 MHz,500000.0,2500000.0,0.00254358110533039,0.2913979587879452,0.8728891293234462
Jetson_Orin_NX__gemmfp32__pico__current__excess__existing_full_record,gemmfp32,GEMM-FP32,Jetson Orin NX,pico,current,excess,existing_full_record,0–100 Hz,0.0,100.0,0.018741205645989096,0.24982068195086318,7.5018631362455706
Jetson_Orin_NX__gemmfp32__pico__current__excess__existing_full_record,gemmfp32,GEMM-FP32,Jetson Orin NX,pico,current,excess,existing_full_record,100 Hz–1 kHz,100.0,1000.0,0.13149443026396673,0.24982068195086318,52.63552610501245
Jetson_Orin_NX__gemmfp32__pico__current__excess__existing_full_record,gemmfp32,GEMM-FP32,Jetson Orin NX,pico,current,excess,existing_full_record,1–10 kHz,1000.0,10000.0,0.051254394706135305,0.24982068195086318,20.51647377866675
Jetson_Orin_NX__gemmfp32__pico__current__excess__existing_full_record,gemmfp32,GEMM-FP32,Jetson Orin NX,pico,current,excess,existing_full_record,10–77 kHz,10000.0,77000.0,0.040411654795785276,0.24982068195086318,16.176264703229727
Jetson_Orin_NX__gemmfp32__pico__current__excess__existing_full_record,gemmfp32,GEMM-FP32,Jetson Orin NX,pico,current,excess,existing_full_record,77–500 kHz,77000.0,500000.0,0.007907250641603303,0.24982068195086318,3.1651705454709176
Jetson_Orin_NX__gemmfp32__pico__current__excess__existing_full_record,gemmfp32,GEMM-FP32,Jetson Orin NX,pico,current,excess,existing_full_record,500 kHz–2.5 MHz,500000.0,2500000.0,1.174589738343297e-05,0.24982068195086318,0.004701731374563796
Jetson_Orin_NX__gemmint8__tek__current__excess__existing_full_record,gemmint8,GEMM-INT8,Jetson Orin NX,tek,current,excess,existing_full_record,0–100 Hz,0.0,100.0,0.006809691740813104,0.05840086497860569,11.660258359713911
Jetson_Orin_NX__gemmint8__tek__current__excess__existing_full_record,gemmint8,GEMM-INT8,Jetson Orin NX,tek,current,excess,existing_full_record,100 Hz–1 kHz,100.0,1000.0,0.0008839547817335635,0.05840086497860569,1.5135987832669728
Jetson_Orin_NX__gemmint8__tek__current__excess__existing_full_record,gemmint8,GEMM-INT8,Jetson Orin NX,tek,current,excess,existing_full_record,1–10 kHz,1000.0,10000.0,0.0003515382609053527,0.05840086497860569,0.6019401613899616
Jetson_Orin_NX__gemmint8__tek__current__excess__existing_full_record,gemmint8,GEMM-INT8,Jetson Orin NX,tek,current,excess,existing_full_record,10–77 kHz,10000.0,77000.0,0.023233426184939125,0.05840086497860569,39.78267478307102
Jetson_Orin_NX__gemmint8__tek__current__excess__existing_full_record,gemmint8,GEMM-INT8,Jetson Orin NX,tek,current,excess,existing_full_record,77–500 kHz,77000.0,500000.0,0.02526352481783978,0.05840086497860569,43.25881958613919
Jetson_Orin_NX__gemmint8__tek__current__excess__existing_full_record,gemmint8,GEMM-INT8,Jetson Orin NX,tek,current,excess,existing_full_record,500 kHz–2.5 MHz,500000.0,2500000.0,0.0018587291923747695,0.05840086497860569,3.182708326418946
Jetson_Orin_NX__gemmint8__pico__current__excess__existing_full_record,gemmint8,GEMM-INT8,Jetson Orin NX,pico,current,excess,existing_full_record,0–100 Hz,0.0,100.0,0.006622193015160821,0.03404356090105042,19.45211617083362
Jetson_Orin_NX__gemmint8__pico__current__excess__existing_full_record,gemmint8,GEMM-INT8,Jetson Orin NX,pico,current,excess,existing_full_record,100 Hz–1 kHz,100.0,1000.0,0.0008630126695900966,0.03404356090105042,2.5350246764681663
Jetson_Orin_NX__gemmint8__pico__current__excess__existing_full_record,gemmint8,GEMM-INT8,Jetson Orin NX,pico,current,excess,existing_full_record,1–10 kHz,1000.0,10000.0,0.00034564202916544714,0.03404356090105042,1.0152934064978565
Jetson_Orin_NX__gemmint8__pico__current__excess__existing_full_record,gemmint8,GEMM-INT8,Jetson Orin NX,pico,current,excess,existing_full_record,10–77 kHz,10000.0,77000.0,0.02041423234574408,0.03404356090105042,59.965032462612314
Jetson_Orin_NX__gemmint8__pico__current__excess__existing_full_record,gemmint8,GEMM-INT8,Jetson Orin NX,pico,current,excess,existing_full_record,77–500 kHz,77000.0,500000.0,0.005787849891309216,0.03404356090105042,17.001305792105402
Jetson_Orin_NX__gemmint8__pico__current__excess__existing_full_record,gemmint8,GEMM-INT8,Jetson Orin NX,pico,current,excess,existing_full_record,500 kHz–2.5 MHz,500000.0,2500000.0,1.0630950080745154e-05,0.03404356090105042,0.031227491482587928
Jetson_Orin_NX__yolofp32__tek__current__excess__existing_full_record,yolofp32,YOLO-FP32,Jetson Orin NX,tek,current,excess,existing_full_record,0–100 Hz,0.0,100.0,2.337186497105831e-07,0.12348968022901327,0.00018926168508748964
Jetson_Orin_NX__yolofp32__tek__current__excess__existing_full_record,yolofp32,YOLO-FP32,Jetson Orin NX,tek,current,excess,existing_full_record,100 Hz–1 kHz,100.0,1000.0,0.010834329777675684,0.12348968022901327,8.773469781105007
Jetson_Orin_NX__yolofp32__tek__current__excess__existing_full_record,yolofp32,YOLO-FP32,Jetson Orin NX,tek,current,excess,existing_full_record,1–10 kHz,1000.0,10000.0,0.02398239631893994,0.12348968022901327,19.420567187852672
Jetson_Orin_NX__yolofp32__tek__current__excess__existing_full_record,yolofp32,YOLO-FP32,Jetson Orin NX,tek,current,excess,existing_full_record,10–77 kHz,10000.0,77000.0,0.041764859538518356,0.12348968022901327,33.820526104744026
Jetson_Orin_NX__yolofp32__tek__current__excess__existing_full_record,yolofp32,YOLO-FP32,Jetson Orin NX,tek,current,excess,existing_full_record,77–500 kHz,77000.0,500000.0,0.045398840919879856,0.12348968022901327,36.7632670484587
Jetson_Orin_NX__yolofp32__tek__current__excess__existing_full_record,yolofp32,YOLO-FP32,Jetson Orin NX,tek,current,excess,existing_full_record,500 kHz–2.5 MHz,500000.0,2500000.0,0.0015090199553496827,0.12348968022901327,1.2219806161544713
Jetson_Orin_NX__yolofp32__pico__current__excess__existing_full_record,yolofp32,YOLO-FP32,Jetson Orin NX,pico,current,excess,existing_full_record,0–100 Hz,0.0,100.0,1.8489298819348307e-07,0.08613536915100979,0.00021465396853333798
Jetson_Orin_NX__yolofp32__pico__current__excess__existing_full_record,yolofp32,YOLO-FP32,Jetson Orin NX,pico,current,excess,existing_full_record,100 Hz–1 kHz,100.0,1000.0,0.01069363848606545,0.08613536915100979,12.414921525810964
Jetson_Orin_NX__yolofp32__pico__current__excess__existing_full_record,yolofp32,YOLO-FP32,Jetson Orin NX,pico,current,excess,existing_full_record,1–10 kHz,1000.0,10000.0,0.023533899931386094,0.08613536915100979,27.321993466037405
Jetson_Orin_NX__yolofp32__pico__current__excess__existing_full_record,yolofp32,YOLO-FP32,Jetson Orin NX,pico,current,excess,existing_full_record,10–77 kHz,10000.0,77000.0,0.0377615919336346,0.08613536915100979,43.83982132523537
Jetson_Orin_NX__yolofp32__pico__current__excess__existing_full_record,yolofp32,YOLO-FP32,Jetson Orin NX,pico,current,excess,existing_full_record,77–500 kHz,77000.0,500000.0,0.014133590783000948,0.08613536915100979,16.40857979980603
Jetson_Orin_NX__yolofp32__pico__current__excess__existing_full_record,yolofp32,YOLO-FP32,Jetson Orin NX,pico,current,excess,existing_full_record,500 kHz–2.5 MHz,500000.0,2500000.0,1.246312393446973e-05,0.08613536915100979,0.014469229141654664
Jetson_Orin_NX__yoloint8__tek__current__excess__existing_full_record,yoloint8,YOLO-INT8,Jetson Orin NX,tek,current,excess,existing_full_record,0–100 Hz,0.0,100.0,4.735495324414908e-07,0.1404666379648797,0.0003371259818718594
Jetson_Orin_NX__yoloint8__tek__current__excess__existing_full_record,yoloint8,YOLO-INT8,Jetson Orin NX,tek,current,excess,existing_full_record,100 Hz–1 kHz,100.0,1000.0,0.03443494858038487,0.1404666379648797,24.51468126473882
Jetson_Orin_NX__yoloint8__tek__current__excess__existing_full_record,yoloint8,YOLO-INT8,Jetson Orin NX,tek,current,excess,existing_full_record,1–10 kHz,1000.0,10000.0,0.017250508716217486,0.1404666379648797,12.28085826367579
Jetson_Orin_NX__yoloint8__tek__current__excess__existing_full_record,yoloint8,YOLO-INT8,Jetson Orin NX,tek,current,excess,existing_full_record,10–77 kHz,10000.0,77000.0,0.034433918487750174,0.1404666379648797,24.513947928588955
Jetson_Orin_NX__yoloint8__tek__current__excess__existing_full_record,yoloint8,YOLO-INT8,Jetson Orin NX,tek,current,excess,existing_full_record,77–500 kHz,77000.0,500000.0,0.053059641844155875,0.1404666379648797,37.77383912144473
Jetson_Orin_NX__yoloint8__tek__current__excess__existing_full_record,yoloint8,YOLO-INT8,Jetson Orin NX,tek,current,excess,existing_full_record,500 kHz–2.5 MHz,500000.0,2500000.0,0.0012871467868388307,0.1404666379648797,0.9163362955698068
Jetson_Orin_NX__yoloint8__pico__current__excess__existing_full_record,yoloint8,YOLO-INT8,Jetson Orin NX,pico,current,excess,existing_full_record,0–100 Hz,0.0,100.0,4.7028905402319406e-07,0.10038257562928976,0.0004684966998256344
Jetson_Orin_NX__yoloint8__pico__current__excess__existing_full_record,yoloint8,YOLO-INT8,Jetson Orin NX,pico,current,excess,existing_full_record,100 Hz–1 kHz,100.0,1000.0,0.033847031785743595,0.10038257562928976,33.71803480191602
Jetson_Orin_NX__yoloint8__pico__current__excess__existing_full_record,yoloint8,YOLO-INT8,Jetson Orin NX,pico,current,excess,existing_full_record,1–10 kHz,1000.0,10000.0,0.01688176386990526,0.10038257562928976,16.817424502285313
Jetson_Orin_NX__yoloint8__pico__current__excess__existing_full_record,yoloint8,YOLO-INT8,Jetson Orin NX,pico,current,excess,existing_full_record,10–77 kHz,10000.0,77000.0,0.03073087012336995,0.10038257562928976,30.613749379033923
Jetson_Orin_NX__yoloint8__pico__current__excess__existing_full_record,yoloint8,YOLO-INT8,Jetson Orin NX,pico,current,excess,existing_full_record,77–500 kHz,77000.0,500000.0,0.018909893335467904,0.10038257562928976,18.837824410186133
Jetson_Orin_NX__yoloint8__pico__current__excess__existing_full_record,yoloint8,YOLO-INT8,Jetson Orin NX,pico,current,excess,existing_full_record,500 kHz–2.5 MHz,500000.0,2500000.0,1.254622574901778e-05,0.10038257562928976,0.012498409878772852
Jetson_Orin_NX__gemma3-4b__tek__current__excess__existing_full_record,gemma3-4b,Gemma3-4B,Jetson Orin NX,tek,current,excess,existing_full_record,0–100 Hz,0.0,100.0,0.01987984979115249,0.08047733904588188,24.702419372761014
Jetson_Orin_NX__gemma3-4b__tek__current__excess__existing_full_record,gemma3-4b,Gemma3-4B,Jetson Orin NX,tek,current,excess,existing_full_record,100 Hz–1 kHz,100.0,1000.0,0.026801231878081415,0.08047733904588188,33.302830580421464
Jetson_Orin_NX__gemma3-4b__tek__current__excess__existing_full_record,gemma3-4b,Gemma3-4B,Jetson Orin NX,tek,current,excess,existing_full_record,1–10 kHz,1000.0,10000.0,0.011450988208384014,0.08047733904588188,14.228835525806286
Jetson_Orin_NX__gemma3-4b__tek__current__excess__existing_full_record,gemma3-4b,Gemma3-4B,Jetson Orin NX,tek,current,excess,existing_full_record,10–77 kHz,10000.0,77000.0,0.007090421641893892,0.08047733904588188,8.810457360986412
Jetson_Orin_NX__gemma3-4b__tek__current__excess__existing_full_record,gemma3-4b,Gemma3-4B,Jetson Orin NX,tek,current,excess,existing_full_record,77–500 kHz,77000.0,500000.0,0.014392953861103439,0.08047733904588188,17.884480316748178
Jetson_Orin_NX__gemma3-4b__tek__current__excess__existing_full_record,gemma3-4b,Gemma3-4B,Jetson Orin NX,tek,current,excess,existing_full_record,500 kHz–2.5 MHz,500000.0,2500000.0,0.0008618936652665884,0.08047733904588188,1.0709768432765951
Jetson_Orin_NX__gemma3-4b__pico__current__excess__existing_full_record,gemma3-4b,Gemma3-4B,Jetson Orin NX,pico,current,excess,existing_full_record,0–100 Hz,0.0,100.0,0.0194017709613874,0.06584452713874976,29.466034315203366
Jetson_Orin_NX__gemma3-4b__pico__current__excess__existing_full_record,gemma3-4b,Gemma3-4B,Jetson Orin NX,pico,current,excess,existing_full_record,100 Hz–1 kHz,100.0,1000.0,0.02642404842375673,0.06584452713874976,40.13097150515654
Jetson_Orin_NX__gemma3-4b__pico__current__excess__existing_full_record,gemma3-4b,Gemma3-4B,Jetson Orin NX,pico,current,excess,existing_full_record,1–10 kHz,1000.0,10000.0,0.011387240056718463,0.06584452713874976,17.2941329394361
Jetson_Orin_NX__gemma3-4b__pico__current__excess__existing_full_record,gemma3-4b,Gemma3-4B,Jetson Orin NX,pico,current,excess,existing_full_record,10–77 kHz,10000.0,77000.0,0.0067285530327166,0.06584452713874976,10.218849348766634
Jetson_Orin_NX__gemma3-4b__pico__current__excess__existing_full_record,gemma3-4b,Gemma3-4B,Jetson Orin NX,pico,current,excess,existing_full_record,77–500 kHz,77000.0,500000.0,0.001898031733070604,0.06584452713874976,2.882596041841122
Jetson_Orin_NX__gemma3-4b__pico__current__excess__existing_full_record,gemma3-4b,Gemma3-4B,Jetson Orin NX,pico,current,excess,existing_full_record,500 kHz–2.5 MHz,500000.0,2500000.0,4.882931099895401e-06,0.06584452713874976,0.007415849596134128
Jetson_Orin_NX__resnet50__tek__current__excess__existing_full_record,resnet50,ResNet-50 FP32,Jetson Orin NX,tek,current,excess,existing_full_record,0–100 Hz,0.0,100.0,4.169874134683632e-08,0.15134192054692186,2.755267092960413e-05
Jetson_Orin_NX__resnet50__tek__current__excess__existing_full_record,resnet50,ResNet-50 FP32,Jetson Orin NX,tek,current,excess,existing_full_record,100 Hz–1 kHz,100.0,1000.0,0.005744786927081252,0.15134192054692186,3.7958993161449577
Jetson_Orin_NX__resnet50__tek__current__excess__existing_full_record,resnet50,ResNet-50 FP32,Jetson Orin NX,tek,current,excess,existing_full_record,1–10 kHz,1000.0,10000.0,0.04195698546154103,0.15134192054692186,27.723307137848
Jetson_Orin_NX__resnet50__tek__current__excess__existing_full_record,resnet50,ResNet-50 FP32,Jetson Orin NX,tek,current,excess,existing_full_record,10–77 kHz,10000.0,77000.0,0.06000039748842134,0.15134192054692186,39.64559011250217
Jetson_Orin_NX__resnet50__tek__current__excess__existing_full_record,resnet50,ResNet-50 FP32,Jetson Orin NX,tek,current,excess,existing_full_record,77–500 kHz,77000.0,500000.0,0.0420302263669465,0.15134192054692186,27.77170146583114
Jetson_Orin_NX__resnet50__tek__current__excess__existing_full_record,resnet50,ResNet-50 FP32,Jetson Orin NX,tek,current,excess,existing_full_record,500 kHz–2.5 MHz,500000.0,2500000.0,0.001609482604190504,0.15134192054692186,1.0634744150028823
Jetson_Orin_NX__resnet50__pico__current__excess__existing_full_record,resnet50,ResNet-50 FP32,Jetson Orin NX,pico,current,excess,existing_full_record,0–100 Hz,0.0,100.0,5.343411756577232e-08,0.11355129755423339,4.7057249645475496e-05
Jetson_Orin_NX__resnet50__pico__current__excess__existing_full_record,resnet50,ResNet-50 FP32,Jetson Orin NX,pico,current,excess,existing_full_record,100 Hz–1 kHz,100.0,1000.0,0.005667309395331822,0.11355129755423339,4.990968414627804
Jetson_Orin_NX__resnet50__pico__current__excess__existing_full_record,resnet50,ResNet-50 FP32,Jetson Orin NX,pico,current,excess,existing_full_record,1–10 kHz,1000.0,10000.0,0.04117310312649774,0.11355129755423339,36.259473923521654
Jetson_Orin_NX__resnet50__pico__current__excess__existing_full_record,resnet50,ResNet-50 FP32,Jetson Orin NX,pico,current,excess,existing_full_record,10–77 kHz,10000.0,77000.0,0.05566228472475424,0.11355129755423339,49.01950565397044
Jetson_Orin_NX__resnet50__pico__current__excess__existing_full_record,resnet50,ResNet-50 FP32,Jetson Orin NX,pico,current,excess,existing_full_record,77–500 kHz,77000.0,500000.0,0.011037097628568242,0.11355129755423339,9.719922067202093
Jetson_Orin_NX__resnet50__pico__current__excess__existing_full_record,resnet50,ResNet-50 FP32,Jetson Orin NX,pico,current,excess,existing_full_record,500 kHz–2.5 MHz,500000.0,2500000.0,1.1449244963844944e-05,0.11355129755423339,0.010082883428414064
