workload_id,workload_label,source,signal,rank,load_peak_frequency_hz,load_peak_relative_db,load_peak_prominence_db,active_psd_at_peak,idle_psd_at_peak,local_ratio_half_width_hz,local_active_integral,local_idle_integral,active_to_idle_ratio_db,nearest_idle_peak_hz,idle_peak_delta_hz,idle_peak_match_tolerance_hz,idle_peak_matched,classification,interpretation
resnet50,ResNet-50 FP32,tek,current,1,4811.286926269531,0.0,67.78891824459177,0.0009689991955713266,9.211792924444535e-10,14.30511474609375,0.008537745047993352,2.079969193271225e-08,56.132862792572624,34818.64929199219,30007.362365722656,14.30511474609375,False,no_dominant_idle_match_load_only_candidate,"Diagnostic only. A matched idle line indicates spectral proximity, not phase coherence or causal identity."
resnet50,ResNet-50 FP32,tek,current,2,4591.941833496094,-0.24449170093257777,36.546496832849286,0.0009159549826792332,6.241650038925307e-10,14.30511474609375,0.007368513053036979,1.5189107465212126e-08,56.85847602376336,34818.64929199219,30226.707458496094,14.30511474609375,False,no_dominant_idle_match_load_only_candidate,"Diagnostic only. A matched idle line indicates spectral proximity, not phase coherence or causal identity."
resnet50,ResNet-50 FP32,tek,current,3,5030.632019042969,-2.850324689041429,34.04686869829863,0.0005026796801626134,9.205686740504713e-10,14.30511474609375,0.005077047337403434,2.1906283255466343e-08,53.65042513760352,34818.64929199219,29788.01727294922,14.30511474609375,False,no_dominant_idle_match_load_only_candidate,"Diagnostic only. A matched idle line indicates spectral proximity, not phase coherence or causal identity."
resnet50,ResNet-50 FP32,tek,current,4,5245.208740234375,-3.9510956260632284,34.17493996517371,0.0003901346818250985,1.0047523571280643e-09,14.30511474609375,0.003725180010175292,2.726972879923625e-08,51.35466444953877,34818.64929199219,29573.440551757812,14.30511474609375,False,no_dominant_idle_match_load_only_candidate,"Diagnostic only. A matched idle line indicates spectral proximity, not phase coherence or causal identity."
resnet50,ResNet-50 FP32,tek,current,5,438.690185546875,-5.318117312062363,47.227690738619,0.00028478851518423497,7.343548970282166e-09,14.30511474609375,0.0022903673707067055,2.2432956353302095e-07,40.09018636602791,34818.64929199219,34379.95910644531,14.30511474609375,False,no_dominant_idle_match_load_only_candidate,"Diagnostic only. A matched idle line indicates spectral proximity, not phase coherence or causal identity."
resnet50,ResNet-50 FP32,tek,current,6,219.3450927734375,-6.6798667557500835,58.31356551052132,0.0002081567758094526,2.5988013395720077e-08,14.30511474609375,0.0015337264274612385,7.360261242816756e-07,33.18854671593069,34818.64929199219,34599.30419921875,14.30511474609375,False,no_dominant_idle_match_load_only_candidate,"Diagnostic only. A matched idle line indicates spectral proximity, not phase coherence or causal identity."
resnet50,ResNet-50 FP32,tek,current,7,3061.2945556640625,-7.0117597333680095,41.24225973704234,0.0001928183661892105,6.075025856713727e-10,14.30511474609375,0.001453212545349551,2.0969458819968982e-08,48.40741916068026,34818.64929199219,31757.354736328125,14.30511474609375,False,no_dominant_idle_match_load_only_candidate,"Diagnostic only. A matched idle line indicates spectral proximity, not phase coherence or causal identity."
resnet50,ResNet-50 FP32,tek,current,8,3499.9847412109375,-7.394522154082097,40.60279929115388,0.0001765536510276325,2.404488206068415e-09,14.30511474609375,0.0016251560005754403,2.931952191132886e-08,47.437381713841766,34818.64929199219,31318.66455078125,14.30511474609375,False,no_dominant_idle_match_load_only_candidate,"Diagnostic only. A matched idle line indicates spectral proximity, not phase coherence or causal identity."
resnet50,ResNet-50 FP32,pico,current,1,4811.286926269531,0.0,72.79948708994839,0.0009579138141262603,8.738881872166619e-10,14.30511474609375,0.008376828445435688,1.9657687108332406e-08,56.295472032161975,7810.5926513671875,2999.3057250976562,14.30511474609375,False,no_dominant_idle_match_load_only_candidate,"Diagnostic only. A matched idle line indicates spectral proximity, not phase coherence or causal identity."
resnet50,ResNet-50 FP32,pico,current,2,4591.941833496094,-0.26652331780219285,36.571838420113004,0.0009008945967427412,5.681088137699902e-10,14.30511474609375,0.007222136576819536,1.3951719763115674e-08,57.1403795269604,7810.5926513671875,3218.6508178710938,14.30511474609375,False,no_dominant_idle_match_load_only_candidate,"Diagnostic only. A matched idle line indicates spectral proximity, not phase coherence or causal identity."
resnet50,ResNet-50 FP32,pico,current,3,5030.632019042969,-2.837404038618363,34.09518929858061,0.0004984096268373351,9.019811400696114e-10,14.30511474609375,0.0049758488608590765,2.0628851758681873e-08,53.8239212540124,7810.5926513671875,2779.9606323242188,14.30511474609375,False,no_dominant_idle_match_load_only_candidate,"Diagnostic only. A matched idle line indicates spectral proximity, not phase coherence or causal identity."
resnet50,ResNet-50 FP32,pico,current,4,5245.208740234375,-4.046697634934166,34.11282106707374,0.0003772744494102091,9.706730753368965e-10,14.30511474609375,0.003641307680481065,2.6103944065344845e-08,51.445512469841326,7810.5926513671875,2565.3839111328125,14.30511474609375,False,no_dominant_idle_match_load_only_candidate,"Diagnostic only. A matched idle line indicates spectral proximity, not phase coherence or causal identity."
resnet50,ResNet-50 FP32,pico,current,5,438.690185546875,-5.32370261158751,47.153708835789175,0.0002811686076193799,7.154676922216073e-09,14.30511474609375,0.002259620352936836,2.1843527487099291e-07,40.14712704443526,7810.5926513671875,7371.9024658203125,14.30511474609375,False,no_dominant_idle_match_load_only_candidate,"Diagnostic only. A matched idle line indicates spectral proximity, not phase coherence or causal identity."
resnet50,ResNet-50 FP32,pico,current,6,219.3450927734375,-6.7368131088611385,55.968437106344915,0.00020309414050072492,2.4626609222044814e-08,14.30511474609375,0.0014958110923504883,7.072925271796263e-07,33.252776798407744,7810.5926513671875,7591.24755859375,14.30511474609375,False,no_dominant_idle_match_load_only_candidate,"Diagnostic only. A matched idle line indicates spectral proximity, not phase coherence or causal identity."
resnet50,ResNet-50 FP32,pico,current,7,3061.2945556640625,-7.009314473036124,41.2732771601192,0.00019071984413217987,5.666517706320115e-10,14.30511474609375,0.0014350108780383898,1.9314674561753686e-08,48.70967798237466,7810.5926513671875,4749.298095703125,14.30511474609375,False,no_dominant_idle_match_load_only_candidate,"Diagnostic only. A matched idle line indicates spectral proximity, not phase coherence or causal identity."
resnet50,ResNet-50 FP32,pico,current,8,3499.9847412109375,-7.378251898974259,40.63175870759703,0.00017518889249960846,2.306127227469165e-09,14.30511474609375,0.0016004592358931495,2.7739087848305183e-08,47.611524410764716,7810.5926513671875,4310.60791015625,14.30511474609375,False,no_dominant_idle_match_load_only_candidate,"Diagnostic only. A matched idle line indicates spectral proximity, not phase coherence or causal identity."
